lexeme_id	form_i	form_ii	gloss	alternation_type	source_henderson	source_zam_ngaih_cing	source_vsa_questionnaire	source_analyzer_inventory	source_bible_audit	source_project_review	source_notes	lexical_category	category_evidence	form_i_bible_attested	form_ii_bible_attested	form_i_clean_token_count	form_ii_clean_token_count	form_i_family_count	form_ii_family_count	clean_verb_form_i_count	clean_verb_form_ii_count	best_form_i_examples	best_form_ii_examples	best_clean_verb_form_i_examples	best_clean_verb_form_ii_examples	nominalized_examples	dependent_temporal_examples	purpose_examples	relative_or_attributive_examples	negative_examples	finite_predicate_examples	derived_or_causative_examples	compound_or_lexicalized_examples	homophone_or_noise_notes	bible_attestation_profile	lexical_pair_status	recommended_grammar_treatment	print_example_status	promotion_status	promotion_blocker	notes
bawl-bawl	bawl	bawl	make/do	other / irregular / uncertain	no	no	yes	no	yes	no	Questionnaire evidence comes from the in-repo Zakaria/VSA materials; no separate Karius/Kariuss/Karias questionnaire file is present. *bawl-I/*bawl-II -> bawl/bawl. The questionnaire uses the same written form in both slots. Analyzer inventory also maps the same Form I base to bawl-bawlh.	same_form_questionnaire_control	POS profile V:1549; clean verbal exact rows I=1540, II=0. Bible hits confirm the questionnaire control form, but not an overt written alternation.	yes	no	1549	0	1549	0	1540	0	Zechariah 9:3 `bawl` [finite_main_or_matrix; needs_analyzer_review]; Zechariah 12:3 `bawl` [finite_main_or_matrix; needs_analyzer_review]; Zechariah 12:2 `bawl` [finite_main_or_matrix; needs_analyzer_review]		Zechariah 9:3 `bawl` [finite_main_or_matrix; needs_analyzer_review]; Zechariah 12:3 `bawl` [finite_main_or_matrix; needs_analyzer_review]; Zechariah 12:2 `bawl` [finite_main_or_matrix; needs_analyzer_review]			Numbers 6:2 `bawl` [dependent_temporal_ciangin; needs_analyzer_review]; Numbers 10:2 `bawl` [dependent_temporal_ciangin; needs_analyzer_review]	Zechariah 14:19 `bawl` [purpose_nadingin; needs_analyzer_review]; Zechariah 14:18 `bawl` [purpose_nadingin; needs_analyzer_review]	Psalms 22:16 `bawl` [possessed_or_genitive_attributive; needs_analyzer_review]; Proverbs 6:33 `bawl` [relative_or_attributive_mi; needs_analyzer_review]	Zephaniah 1:12 `bawl` [negative_clause; needs_analyzer_review]; Romans 8:15 `bawl` [negative_clause; needs_analyzer_review]	Zechariah 9:3 `bawl` [finite_main_or_matrix; needs_analyzer_review]; Zechariah 12:3 `bawl` [finite_main_or_matrix; needs_analyzer_review]			Questionnaire uses a same-form mapping, so Bible tokens do not independently prove a distinct written Form II.	form_i_only_attested	questionnaire_pair_bible_one_sided	mention_as_literature_or_questionnaire_only	needs_analyzer_review	mention_as_questionnaire_control	same_written_form_no_overt_alternation	Shared Form I base with bawl-bawlh. Questionnaire keeps the same written form in both slots, so this row is treated as Form I only for Bible-attestation purposes. Only one stem side is currently attested cleanly in the Bible corpus.
bawl-bawlh	bawl	bawlh	make	+h	no	no	no	yes	yes	no		lexical_verb	POS profile V:2561, N:212, FUNC:24; clean verbal exact rows I=1540, II=0. Exact verbal evidence survives after lexical-category filtering.	yes	no	1549	0	2806	0	1540	0	Zechariah 9:3 `bawl` [finite_main_or_matrix; needs_analyzer_review]; Zechariah 12:3 `bawl` [finite_main_or_matrix; needs_analyzer_review]; Zechariah 12:2 `bawl` [finite_main_or_matrix; needs_analyzer_review]		Zechariah 9:3 `bawl` [finite_main_or_matrix; needs_analyzer_review]; Zechariah 12:3 `bawl` [finite_main_or_matrix; needs_analyzer_review]; Zechariah 12:2 `bawl` [finite_main_or_matrix; needs_analyzer_review]		Zechariah 8:19 `bawlna` [nominalized_na; needs_analyzer_review]; Zechariah 10:7 `bawlna` [nominalized_na; needs_analyzer_review]	Numbers 6:2 `bawl` [dependent_temporal_ciangin; needs_analyzer_review]; Numbers 10:2 `bawl` [dependent_temporal_ciangin; needs_analyzer_review]	Zechariah 14:19 `bawl` [purpose_nadingin; needs_analyzer_review]; Zechariah 14:18 `bawl` [purpose_nadingin; needs_analyzer_review]	Psalms 22:16 `bawl` [possessed_or_genitive_attributive; needs_analyzer_review]; Proverbs 6:33 `bawl` [relative_or_attributive_mi; needs_analyzer_review]	Zephaniah 1:12 `bawl` [negative_clause; needs_analyzer_review]; Song of Solomon 1:6 `gawtbawl` [negative_clause; needs_analyzer_review]	Zechariah 9:3 `bawl` [finite_main_or_matrix; needs_analyzer_review]; Zechariah 5:7 `kibawl` [finite_main_or_matrix; needs_analyzer_review]	Zechariah 9:8 `bawlsiasak` [causative_or_derivational_sak; exclude_for_now]; Psalms 68:28 `bawlsak` [causative_or_derivational_sak; exclude_for_now]		Blocked noisy material includes bawlsak, kibawlsak, bawlsakna, bawlsiasak.	form_i_only_attested	analyzer_pair_needs_review	omit_pending_evidence	needs_analyzer_review	mention_in_inventory_only	no_clean_form_ii_verb_example	Only one stem side is currently attested cleanly in the Bible corpus.
bia-biak	bia	biak	worship	+k	no	no	no	yes	yes	no		lexical_verb	POS profile N:2514, V:458, FUNC:108; clean verbal exact rows I=213, II=211. Exact verbal evidence survives after lexical-category filtering.	yes	yes	219	211	287	2793	213	211	Zephaniah 2:11 `bia` [finite_main_or_matrix; needs_analyzer_review]; Zechariah 8:22 `bia` [finite_main_or_matrix; needs_analyzer_review]; Zechariah 14:9 `bia` [finite_main_or_matrix; needs_analyzer_review]	Philippians 1:3 `biak` [finite_main_or_matrix; needs_analyzer_review]; Numbers 31:41 `biak` [finite_main_or_matrix; needs_analyzer_review]; Numbers 29:39 `biak` [finite_main_or_matrix; needs_analyzer_review]	Zephaniah 2:11 `bia` [finite_main_or_matrix; needs_analyzer_review]; Zechariah 8:22 `bia` [finite_main_or_matrix; needs_analyzer_review]; Zechariah 14:9 `bia` [finite_main_or_matrix; needs_analyzer_review]	Philippians 1:3 `biak` [finite_main_or_matrix; needs_analyzer_review]; Numbers 31:41 `biak` [finite_main_or_matrix; needs_analyzer_review]; Numbers 29:39 `biak` [finite_main_or_matrix; needs_analyzer_review]	Zephaniah 3:10 `biakna` [nominalized_na; needs_analyzer_review]; Zephaniah 1:7 `biakna-a` [nominalized_na; needs_analyzer_review]	2 Kings 25:9 `biakinn` [clause_linking_kipan; needs_analyzer_review]	Zechariah 5:11 `biak` [purpose_nadingin; needs_analyzer_review]; Zechariah 14:17 `bia` [purpose_nadingin; needs_analyzer_review]	Zephaniah 1:5 `bia` [relative_or_attributive_mi; needs_analyzer_review]; Psalms 97:7 `bia` [relative_or_attributive_mi; needs_analyzer_review]	Zechariah 11:13 `“Biakinn` [negative_clause; needs_analyzer_review]; Zechariah 10:12 `bia-in` [negative_clause; needs_analyzer_review]	Zephaniah 2:11 `bia` [finite_main_or_matrix; needs_analyzer_review]; Zephaniah 1:5 `bia-in` [finite_main_or_matrix; needs_analyzer_review]	Revelation 13:12 `biasak` [causative_or_derivational_sak; exclude_for_now]		Blocked noisy material includes biasak.	both_forms_cleanly_attested	likely_pair	discuss_under_nominalization_or_dependent_clauses	needs_analyzer_review	promote_with_caveat	needs_manual_philological_review	
ci-ci	ci	ci	say	other / irregular / uncertain	no	no	yes	no	yes	no	Questionnaire evidence comes from the in-repo Zakaria/VSA materials; no separate Karius/Kariuss/Karias questionnaire file is present. *ci-I/*ci-II -> ci/ci. The questionnaire uses the same written form in both slots. Analyzer inventory also maps the same Form I base to ci-cih.	same_form_questionnaire_control	POS profile V:5847; clean verbal exact rows I=5843, II=0. Bible hits confirm the questionnaire control form, but not an overt written alternation.	yes	no	5847	0	5847	0	5843	0	Zephaniah 3:7 `ci` [finite_main_or_matrix; needs_analyzer_review]; Zephaniah 3:20 `ci` [finite_main_or_matrix; needs_analyzer_review]; Zephaniah 3:20 `ci` [finite_main_or_matrix; needs_analyzer_review]		Zephaniah 3:7 `ci` [finite_main_or_matrix; needs_analyzer_review]; Zephaniah 3:20 `ci` [finite_main_or_matrix; needs_analyzer_review]; Zephaniah 3:20 `ci` [finite_main_or_matrix; needs_analyzer_review]				2 Kings 5:22 `ci` [purpose_nadingin; needs_analyzer_review]	Matthew 7:21 `ci` [relative_or_attributive_mi; needs_analyzer_review]; Luke 20:27 `ci` [relative_or_attributive_mi; needs_analyzer_review]	Ruth 1:20 `ci` [negative_clause; needs_analyzer_review]; Ruth 1:18 `ci` [negative_clause; needs_analyzer_review]	Zephaniah 3:7 `ci` [finite_main_or_matrix; needs_analyzer_review]; Zephaniah 3:20 `ci` [finite_main_or_matrix; needs_analyzer_review]			Questionnaire uses a same-form mapping, so Bible tokens do not independently prove a distinct written Form II.	form_i_only_attested	questionnaire_pair_bible_one_sided	mention_as_literature_or_questionnaire_only	needs_analyzer_review	mention_as_questionnaire_control	same_written_form_no_overt_alternation	Shared Form I base with ci-cih. Questionnaire keeps the same written form in both slots, so this row is treated as Form I only for Bible-attestation purposes. Only one stem side is currently attested cleanly in the Bible corpus.
ci-cih	ci	cih	say	+h	yes	no	no	yes	yes	no	`source_henderson=yes` means the in-repo literature review aligns this pair directly to Henderson; it does not claim an exhaustive extracted Henderson pair list.	auxiliary_or_functional_verb	POS profile V:11280, FUNC:313, N:106; clean verbal exact rows I=5843, II=2797. The pair behaves mainly as copular, quotative, existential, or otherwise functional material.	yes	yes	5847	2797	8244	3476	5843	2797	Zephaniah 3:7 `ci` [finite_main_or_matrix; needs_analyzer_review]; Zephaniah 3:20 `ci` [finite_main_or_matrix; needs_analyzer_review]; Zephaniah 3:20 `ci` [finite_main_or_matrix; needs_analyzer_review]	Zechariah 1:9 `cih` [finite_main_or_matrix; needs_analyzer_review]; Zechariah 14:8 `cih` [finite_main_or_matrix; needs_analyzer_review]; Zechariah 14:7 `cih` [finite_main_or_matrix; needs_analyzer_review]	Zephaniah 3:7 `ci` [finite_main_or_matrix; needs_analyzer_review]; Zephaniah 3:20 `ci` [finite_main_or_matrix; needs_analyzer_review]; Zephaniah 3:20 `ci` [finite_main_or_matrix; needs_analyzer_review]	Zechariah 1:9 `cih` [finite_main_or_matrix; needs_analyzer_review]; Zechariah 14:8 `cih` [finite_main_or_matrix; needs_analyzer_review]; Zechariah 14:7 `cih` [finite_main_or_matrix; needs_analyzer_review]	Zechariah 6:5 `cihnopna` [nominalized_na; needs_analyzer_review]; Zechariah 6:4 `cihnopna` [nominalized_na; needs_analyzer_review]	Ruth 4:8 `cih` [dependent_temporal_ciangin; needs_analyzer_review]; Romans 1:12 `cih` [dependent_temporal_ciangin; needs_analyzer_review]	Numbers 11:18 `cianga` [purpose_nadingin; needs_analyzer_review]; Numbers 11:12 `cih` [purpose_nadingin; needs_analyzer_review]	Romans 2:22 `ci-in` [possessed_or_genitive_attributive; needs_analyzer_review]; Romans 2:21 `ci-in` [possessed_or_genitive_attributive; needs_analyzer_review]	Zephaniah 3:4 `citak` [negative_clause; needs_analyzer_review]; Zephaniah 2:9 `ci-in` [negative_clause; needs_analyzer_review]	Zephaniah 3:7 `ci-in` [finite_main_or_matrix; needs_analyzer_review]; Zephaniah 3:7 `ci` [finite_main_or_matrix; needs_analyzer_review]	Zephaniah 2:7 `citheisakkik` [causative_or_derivational_sak; exclude_for_now]; Zechariah 2:9 `cisak` [causative_or_derivational_sak; exclude_for_now]		Blocked noisy material includes cisak, cihsak, cimawhsak, citheisakkik.	both_forms_cleanly_attested	established_pair	discuss_under_lexicalized_or_excluded_forms	needs_analyzer_review	mention_in_inventory_only	category_mismatch	
dawn-dawn	dawn	dawn	drink	other / irregular / uncertain	no	no	yes	no	yes	no	Questionnaire evidence comes from the in-repo Zakaria/VSA materials; no separate Karius/Kariuss/Karias questionnaire file is present. *dawn-I/*dawn-II -> dawn/dawn. The questionnaire uses the same written form in both slots.	same_form_questionnaire_control	POS profile V:328, N:3; clean verbal exact rows I=325, II=0. Bible hits confirm the questionnaire control form, but not an overt written alternation.	yes	no	331	0	331	0	325	0	Song of Solomon 5:1 `dawn` [finite_main_or_matrix; needs_analyzer_review]; Song of Solomon 4:8 `dawn` [finite_main_or_matrix; needs_analyzer_review]; Ruth 3:7 `dawn` [finite_main_or_matrix; needs_analyzer_review]		Song of Solomon 5:1 `dawn` [finite_main_or_matrix; needs_analyzer_review]; Song of Solomon 4:8 `dawn` [finite_main_or_matrix; needs_analyzer_review]; Ruth 3:7 `dawn` [finite_main_or_matrix; needs_analyzer_review]			Proverbs 18:23 `dawn` [dependent_temporal_ciangin; needs_analyzer_review]; Matthew 14:16 `dawn` [dependent_temporal_ciangin; needs_analyzer_review]	Revelation 18:6 `dawn` [purpose_nadingin; needs_analyzer_review]; Revelation 16:6 `dawn` [purpose_nadingin; needs_analyzer_review]	Revelation 8:11 `dawn` [relative_or_attributive_mi; needs_analyzer_review]; 1 Corinthians 11:29 `dawn` [relative_or_attributive_mi; needs_analyzer_review]	Zephaniah 1:13 `dawn` [negative_clause; needs_analyzer_review]; Psalms 78:44 `dawn` [negative_clause; needs_analyzer_review]	Song of Solomon 5:1 `dawn` [finite_main_or_matrix; needs_analyzer_review]; Song of Solomon 4:8 `dawn` [finite_main_or_matrix; needs_analyzer_review]			Questionnaire uses a same-form mapping, so Bible tokens do not independently prove a distinct written Form II.	form_i_only_attested	questionnaire_pair_bible_one_sided	mention_as_literature_or_questionnaire_only	needs_analyzer_review	mention_as_questionnaire_control	same_written_form_no_overt_alternation	Questionnaire keeps the same written form in both slots, so this row is treated as Form I only for Bible-attestation purposes. Only one stem side is currently attested cleanly in the Bible corpus.
dipkua-dipkuat	dipkua	dipkuat	haste	+t	no	no	no	yes	yes	no		lexical_verb	POS profile N:8, V:3, FUNC:1; clean verbal exact rows I=2, II=0. Exact verbal evidence survives after lexical-category filtering.	yes	yes	2	0	11	1	2	0	Psalms 48:5 `dipkua` [finite_main_or_matrix; needs_analyzer_review]; Jeremiah 4:9 `dipkua` [finite_main_or_matrix; needs_analyzer_review]; Psalms 66:5 `dipkuathuai` [finite_main_or_matrix; needs_analyzer_review]	Leviticus 26:16 `dipkuatna` [nominalized_na; needs_analyzer_review]	Psalms 48:5 `dipkua` [finite_main_or_matrix; needs_analyzer_review]; Jeremiah 4:9 `dipkua` [finite_main_or_matrix; needs_analyzer_review]		Leviticus 26:16 `dipkuatna` [nominalized_na; needs_analyzer_review]					Psalms 66:5 `dipkuathuai` [finite_main_or_matrix; needs_analyzer_review]; Psalms 48:5 `dipkua` [finite_main_or_matrix; needs_analyzer_review]				both_forms_attested_but_complex	likely_pair	discuss_under_nominalization_or_dependent_clauses	needs_analyzer_review	mention_in_inventory_only	no_clean_form_ii_verb_example	Both forms are attested, but at least one side is clearest in dependent, nominalized, or otherwise non-bare environments.
gamla-gamlat	gamla	gamlat	wilderness	+t	no	no	no	yes	yes	no		noun_or_nominal_compound	POS profile N:79, FUNC:2, V:1; clean verbal exact rows I=0, II=0. Current Bible hits are predominantly nominal, locative, or compound-like rather than verbal.	yes	yes	57	1	81	1	0	0	Judges 18:28 `gamla` [finite_main_or_matrix; needs_analyzer_review]; Psalms 71:12 `gamla` [negative_clause; needs_analyzer_review]; Psalms 22:19 `gamla` [negative_clause; needs_analyzer_review]	Psalms 103:12 `gamlat` [unknown_or_needs_review; needs_analyzer_review]							Psalms 71:12 `gamla` [negative_clause; needs_analyzer_review]; Psalms 22:19 `gamla` [negative_clause; needs_analyzer_review]	Romans 3:23 `kigamla` [finite_main_or_matrix; needs_analyzer_review]; Nehemiah 4:19 `kigamla` [finite_main_or_matrix; needs_analyzer_review]	2 Timothy 2:16 `kigamlasak` [causative_or_derivational_sak; exclude_for_now]		Blocked noisy material includes kigamlasak.	both_forms_cleanly_attested	likely_pair	discuss_under_lexicalized_or_excluded_forms	needs_analyzer_review	block_from_verb_inventory_pending_review	nominal_or_compound_examples_only	
gen-genh	gen	genh	speak	+h	no	no	no	yes	yes	no		lexical_verb	POS profile V:2527, N:883, FUNC:168; clean verbal exact rows I=2392, II=0. Exact verbal evidence survives after lexical-category filtering.	yes	no	2399	0	3579	0	2392	0	Zephaniah 3:8 `gen` [finite_main_or_matrix; needs_analyzer_review]; Zephaniah 3:6 `gen` [finite_main_or_matrix; needs_analyzer_review]; Zephaniah 3:18 `gen` [finite_main_or_matrix; needs_analyzer_review]		Zephaniah 3:8 `gen` [finite_main_or_matrix; needs_analyzer_review]; Zephaniah 3:6 `gen` [finite_main_or_matrix; needs_analyzer_review]; Zephaniah 3:18 `gen` [finite_main_or_matrix; needs_analyzer_review]		Romans 9:27 `genna-ah` [nominalized_na; needs_analyzer_review]; Romans 3:4 `genna` [nominalized_na; needs_analyzer_review]	Romans 3:5 `gen` [dependent_temporal_ciangin; needs_analyzer_review]; Romans 3:4 `genkik` [dependent_temporal_ciangin; needs_analyzer_review]	Zechariah 2:8 `gen` [purpose_nadingin; needs_analyzer_review]; Romans 10:15 `gen` [purpose_nadingin; needs_analyzer_review]	Psalms 15:2 `gen` [relative_or_attributive_mi; needs_analyzer_review]; Psalms 101:7 `gen` [relative_or_attributive_mi; needs_analyzer_review]	Titus 2:3 `gensiatkhak` [negative_clause; needs_analyzer_review]; Titus 2:3 `gensiate` [negative_clause; needs_analyzer_review]	Zephaniah 3:8 `gen` [finite_main_or_matrix; needs_analyzer_review]; Zephaniah 3:6 `gen` [finite_main_or_matrix; needs_analyzer_review]	Song of Solomon 5:8 `gensak` [causative_or_derivational_sak; exclude_for_now]; Psalms 107:22 `gensak` [causative_or_derivational_sak; exclude_for_now]		Blocked noisy material includes gensak, kigensak, gentheisak, gensakin.	form_i_only_attested	analyzer_pair_needs_review	omit_pending_evidence	needs_analyzer_review	mention_in_inventory_only	no_clean_form_ii_verb_example	Only one stem side is currently attested cleanly in the Bible corpus.
hawlkhia-hawlkhiat	hawlkhia	hawlkhiat	drive.out	+t	no	no	no	yes	yes	no		lexical_verb	POS profile V:151, N:22, FUNC:13; clean verbal exact rows I=101, II=0. Exact verbal evidence survives after lexical-category filtering.	yes	yes	103	21	164	22	101	0	Zephaniah 3:11 `hawlkhia` [finite_main_or_matrix; needs_analyzer_review]; Psalms 68:2 `hawlkhia` [finite_main_or_matrix; needs_analyzer_review]; Psalms 44:2 `hawlkhia` [finite_main_or_matrix; needs_analyzer_review]	Mark 11:15 `hawlkhiat` [finite_main_or_matrix; needs_analyzer_review]; Luke 19:45 `hawlkhiat` [finite_main_or_matrix; needs_analyzer_review]; John 12:42 `hawlkhiat` [finite_main_or_matrix; needs_analyzer_review]	Zephaniah 3:11 `hawlkhia` [finite_main_or_matrix; needs_analyzer_review]; Psalms 68:2 `hawlkhia` [finite_main_or_matrix; needs_analyzer_review]; Psalms 44:2 `hawlkhia` [finite_main_or_matrix; needs_analyzer_review]				Exodus 23:28 `hawlkhia` [purpose_nadingin; needs_analyzer_review]; 2 Chronicles 20:11 `hawlkhia` [purpose_nadingin; needs_analyzer_review]	Mark 9:38 `hawlkhia` [relative_or_attributive_mi; needs_analyzer_review]; Luke 9:49 `hawlkhia` [relative_or_attributive_mi; needs_analyzer_review]	Psalms 27:9 `hawlkhia` [negative_clause; needs_analyzer_review]; Numbers 33:55 `hawlkhiat` [negative_clause; needs_analyzer_review]	Zephaniah 3:11 `hawlkhia` [finite_main_or_matrix; needs_analyzer_review]; Zephaniah 2:4 `kihawlkhia` [finite_main_or_matrix; needs_analyzer_review]	Psalms 36:11 `hawlkhiasak` [causative_or_derivational_sak; exclude_for_now]; Luke 8:2 `hawlkhiatsakte` [causative_or_derivational_sak; exclude_for_now]		Blocked noisy material includes hawlkhiasak, hawlkhiatsakte.	both_forms_cleanly_attested	likely_pair	discuss_under_nominalization_or_dependent_clauses	needs_analyzer_review	mention_in_inventory_only	no_clean_form_ii_verb_example	
hi-hi	hi	hi	be	other / irregular / uncertain	no	no	yes	no	yes	no	Questionnaire evidence comes from the in-repo Zakaria/VSA materials; no separate Karius/Kariuss/Karias questionnaire file is present. *hi-I/*hi-II -> hi/hi. The questionnaire uses the same written form in both slots. Analyzer inventory also maps the same Form I base to hi-hih.	same_form_questionnaire_control	POS profile FUNC:47025, PRON:1; clean verbal exact rows I=0, II=0. Bible hits confirm the questionnaire control form, but not an overt written alternation.	yes	no	47026	0	47026	0	0	0	Zephaniah 3:9 `hi` [finite_main_or_matrix; needs_analyzer_review]; Zephaniah 3:8 `hi` [finite_main_or_matrix; needs_analyzer_review]; Zephaniah 3:8 `hi` [finite_main_or_matrix; needs_analyzer_review]						Luke 10:36 `hi` [purpose_nadingin; needs_analyzer_review]; John 9:17 `hi` [purpose_nadingin; needs_analyzer_review]	Zephaniah 2:5 `hi` [relative_or_attributive_mi; needs_analyzer_review]; Zechariah 8:10 `hi` [relative_or_attributive_mi; needs_analyzer_review]	Zephaniah 3:6 `hi` [negative_clause; needs_analyzer_review]; Zephaniah 3:6 `hi` [negative_clause; needs_analyzer_review]	Zephaniah 3:9 `hi` [finite_main_or_matrix; needs_analyzer_review]; Zephaniah 3:8 `hi` [finite_main_or_matrix; needs_analyzer_review]			Questionnaire uses a same-form mapping, so Bible tokens do not independently prove a distinct written Form II.	form_i_only_attested	questionnaire_pair_bible_one_sided	mention_as_literature_or_questionnaire_only	needs_analyzer_review	mention_as_questionnaire_control	same_written_form_no_overt_alternation	Shared Form I base with hi-hih. Questionnaire keeps the same written form in both slots, so this row is treated as Form I only for Bible-attestation purposes. Only one stem side is currently attested cleanly in the Bible corpus.
hi-hih	hi	hih	be	+h	yes	no	no	yes	yes	no	`source_henderson=yes` means the in-repo literature review aligns this pair directly to Henderson; it does not claim an exhaustive extracted Henderson pair list.	auxiliary_or_functional_verb	POS profile FUNC:47124, DET:5210, N:1302; clean verbal exact rows I=46932, II=0. The pair behaves mainly as copular, quotative, existential, or otherwise functional material.	yes	yes	47026	5322	47853	6399	46932	0	Zephaniah 3:9 `hi` [finite_main_or_matrix; needs_analyzer_review]; Zephaniah 3:8 `hi` [finite_main_or_matrix; needs_analyzer_review]; Zephaniah 3:8 `hi` [finite_main_or_matrix; needs_analyzer_review]	Zechariah 1:21 `hih` [finite_main_or_matrix; needs_analyzer_review]; Ruth 3:5 `hih` [finite_main_or_matrix; needs_analyzer_review]; Ruth 3:13 `hih` [finite_main_or_matrix; needs_analyzer_review]	Zephaniah 3:9 `hi` [finite_main_or_matrix; needs_analyzer_review]; Zephaniah 3:8 `hi` [finite_main_or_matrix; needs_analyzer_review]; Zephaniah 3:8 `hi` [finite_main_or_matrix; needs_analyzer_review]		Zechariah 6:15 `ahihna` [nominalized_na; needs_analyzer_review]; Zechariah 2:11 `ahihna` [nominalized_na; needs_analyzer_review]	Ruth 4:6 `hih` [dependent_temporal_ciangin; needs_analyzer_review]; Ruth 3:9 `hih` [dependent_temporal_ciangin; needs_analyzer_review]	Zechariah 1:6 `hih` [purpose_nadingin; needs_analyzer_review]; Romans 16:2 `hih` [purpose_nadingin; needs_analyzer_review]	Zephaniah 2:5 `hi` [relative_or_attributive_mi; needs_analyzer_review]; Zechariah 8:10 `hi` [relative_or_attributive_mi; needs_analyzer_review]	Zephaniah 3:6 `hi` [negative_clause; needs_analyzer_review]; Zephaniah 3:6 `hi` [negative_clause; needs_analyzer_review]	Zephaniah 3:9 `hi` [finite_main_or_matrix; needs_analyzer_review]; Zephaniah 3:8 `hi` [finite_main_or_matrix; needs_analyzer_review]	Ruth 3:11 `hihsak` [causative_or_derivational_sak; exclude_for_now]; Psalms 20:7 `kihihsakpih` [causative_or_derivational_sak; exclude_for_now]		Blocked noisy material includes hihsak, kihihsakna, kihisakin, kihihsakpih.	both_forms_cleanly_attested	established_pair	discuss_under_lexicalized_or_excluded_forms	needs_analyzer_review	mention_in_inventory_only	category_mismatch	
hoih-hoih	hoih	hoih	good	other / irregular / uncertain	no	yes	yes	no	yes	no	Questionnaire evidence comes from the in-repo Zakaria/VSA materials; no separate Karius/Kariuss/Karias questionnaire file is present. *hoih-I/*hoih-II -> hoih/hoih. The questionnaire uses the same written form in both slots. `source_zam_ngaih_cing=yes` means the in-repo literature review aligns this pair directly to Zam Ngaih Cing; it does not claim an exhaustive extracted Stem 1/2 list.	same_form_questionnaire_control	POS profile ADJ:662, N:9; clean verbal exact rows I=0, II=0. Bible hits confirm the questionnaire control form, but not an overt written alternation.	yes	no	671	0	671	0	0	0	Titus 3:8 `hoih` [finite_main_or_matrix; needs_analyzer_review]; Romans 14:4 `hoih` [finite_main_or_matrix; needs_analyzer_review]; Psalms 147:1 `hoih` [finite_main_or_matrix; needs_analyzer_review]					Psalms 69:13 `hoih` [dependent_temporal_ciangin; needs_analyzer_review]; Job 10:15 `hoih` [dependent_temporal_ciangin; needs_analyzer_review]	Titus 2:7 `hoih` [purpose_nadingin; needs_analyzer_review]; Romans 9:3 `hoih` [purpose_nadingin; needs_analyzer_review]	Romans 2:10 `hoih` [possessed_or_genitive_attributive; needs_analyzer_review]; Acts 3:14 `hoih` [possessed_or_genitive_attributive; needs_analyzer_review]	Titus 1:16 `hoih` [negative_clause; needs_analyzer_review]; Romans 1:28 `hoih` [negative_clause; needs_analyzer_review]	Titus 3:8 `hoih` [finite_main_or_matrix; needs_analyzer_review]; Romans 14:4 `hoih` [finite_main_or_matrix; needs_analyzer_review]			Questionnaire uses a same-form mapping, so Bible tokens do not independently prove a distinct written Form II.	form_i_only_attested	questionnaire_pair_bible_one_sided	mention_as_literature_or_questionnaire_only	needs_analyzer_review	mention_as_questionnaire_control	same_written_form_no_overt_alternation	Questionnaire keeps the same written form in both slots, so this row is treated as Form I only for Bible-attestation purposes. Only one stem side is currently attested cleanly in the Bible corpus.
hong-hong	hong	hong	come	other / irregular / uncertain	no	no	yes	no	yes	no	Questionnaire evidence comes from the in-repo Zakaria/VSA materials; no separate Karius/Kariuss/Karias questionnaire file is present. *hong-I/*hong-II -> hong/hong. The questionnaire uses the same written form in both slots.	same_form_questionnaire_control	POS profile V:15398; clean verbal exact rows I=15398, II=0. Bible hits confirm the questionnaire control form, but not an overt written alternation.	yes	no	15398	0	15398	0	15398	0	Zephaniah 3:9 `hong` [finite_main_or_matrix; needs_analyzer_review]; Zephaniah 3:9 `hong` [finite_main_or_matrix; needs_analyzer_review]; Zephaniah 3:20 `hong` [finite_main_or_matrix; needs_analyzer_review]		Zephaniah 3:9 `hong` [finite_main_or_matrix; needs_analyzer_review]; Zephaniah 3:9 `hong` [finite_main_or_matrix; needs_analyzer_review]; Zephaniah 3:20 `hong` [finite_main_or_matrix; needs_analyzer_review]			Revelation 17:12 `hong` [clause_linking_kipan; needs_analyzer_review]; Revelation 11:17 `hong` [clause_linking_kipan; needs_analyzer_review]	Song of Solomon 5:5 `hong` [purpose_nadingin; needs_analyzer_review]; Romans 6:13 `hong` [purpose_nadingin; needs_analyzer_review]		Zephaniah 3:8 `hong` [negative_clause; needs_analyzer_review]; Zephaniah 3:7 `hong` [negative_clause; needs_analyzer_review]	Zephaniah 3:9 `hong` [finite_main_or_matrix; needs_analyzer_review]; Zephaniah 3:9 `hong` [finite_main_or_matrix; needs_analyzer_review]			Questionnaire uses a same-form mapping, so Bible tokens do not independently prove a distinct written Form II.	form_i_only_attested	questionnaire_pair_bible_one_sided	mention_as_literature_or_questionnaire_only	needs_analyzer_review	mention_as_questionnaire_control	same_written_form_no_overt_alternation	Questionnaire keeps the same written form in both slots, so this row is treated as Form I only for Bible-attestation purposes. Only one stem side is currently attested cleanly in the Bible corpus.
honkhia-honkhiat	honkhia	honkhiat	bring.out	+t	no	no	no	yes	yes	yes	This pair is discussed in current project review materials.	lexicalized_or_category_mixed	POS profile V:345, N:18, FUNC:1; clean verbal exact rows I=0, II=0. The family mixes lexicalized, derivational, or category-shifting material.	yes	yes	0	0	363	1	0	0	Zephaniah 1:18 `honkhia` [compound_or_lexicalized; exclude_for_now]; Zechariah 9:16 `honkhia` [compound_or_lexicalized; exclude_for_now]; Zechariah 8:7 `honkhia` [compound_or_lexicalized; exclude_for_now]	Revelation 6:1 `honkhiat` [compound_or_lexicalized; exclude_for_now]										Zephaniah 1:18 `honkhia` [compound_or_lexicalized; exclude_for_now]; Zechariah 9:16 `honkhia` [compound_or_lexicalized; exclude_for_now]	Current evidence behaves as lexicalized or category-mixed rather than as a clean pedagogical stem pair. Blocked noisy material includes honkhia, kihonkhia, kihonkhiazo, kihonkhia-in.	only_noisy_or_lexicalized_attested	lexicalized_or_category_mixed	discuss_under_lexicalized_or_excluded_forms	exclude_for_now	discuss_as_difficult_case	category_mismatch	Current Bible evidence is limited to noisy, lexicalized, or heavily derived material.
hu-huh	hu	huh	help	+h	no	no	yes	no	yes	yes	Questionnaire evidence comes from the in-repo Zakaria/VSA materials; no separate Karius/Kariuss/Karias questionnaire file is present. *huh-I/*huh-II -> hu/huh. Present in the publication-review packet, but absent from VERB_STEM_PAIRS. This pair is discussed in current project review materials.	lexicalized_or_category_mixed	POS profile V:471, N:136, PRON:11; clean verbal exact rows I=0, II=0. The family mixes lexicalized, derivational, or category-shifting material.	yes	yes	0	0	164	464	0	0	Zechariah 9:8 `hu` [compound_or_lexicalized; exclude_for_now]; Zechariah 9:15 `hu` [compound_or_lexicalized; exclude_for_now]; Zechariah 2:5 `hu` [compound_or_lexicalized; exclude_for_now]	Zephaniah 3:12 `huhna` [compound_or_lexicalized; exclude_for_now]; Zechariah 8:2 `huh` [compound_or_lexicalized; exclude_for_now]; Zechariah 6:15 `huh` [compound_or_lexicalized; exclude_for_now]										Zephaniah 3:12 `huhna` [compound_or_lexicalized; exclude_for_now]; Zechariah 9:8 `hu` [compound_or_lexicalized; exclude_for_now]	Current evidence behaves as lexicalized or category-mixed rather than as a clean pedagogical stem pair. Blocked noisy material includes huh, hu, huhna, huhin.	only_noisy_or_lexicalized_attested	lexicalized_or_category_mixed	discuss_under_lexicalized_or_excluded_forms	exclude_for_now	discuss_as_difficult_case	category_mismatch	Current Bible evidence is limited to noisy, lexicalized, or heavily derived material.
husia-husiat	husia	husiat	tempest	+t	no	no	no	yes	yes	no		lexical_verb	POS profile V:6, N:3; clean verbal exact rows I=6, II=0. Exact verbal evidence survives after lexical-category filtering.	yes	no	6	0	9	0	6	0	Revelation 16:18 `husia` [finite_main_or_matrix; needs_analyzer_review]; Psalms 50:3 `husia` [finite_main_or_matrix; needs_analyzer_review]; Psalms 18:8 `husia` [finite_main_or_matrix; needs_analyzer_review]		Revelation 16:18 `husia` [finite_main_or_matrix; needs_analyzer_review]; Psalms 50:3 `husia` [finite_main_or_matrix; needs_analyzer_review]; Psalms 18:8 `husia` [finite_main_or_matrix; needs_analyzer_review]							Revelation 16:18 `husia` [finite_main_or_matrix; needs_analyzer_review]; Psalms 50:3 `husia` [finite_main_or_matrix; needs_analyzer_review]				form_i_only_attested	analyzer_pair_needs_review	omit_pending_evidence	needs_analyzer_review	mention_in_inventory_only	no_clean_form_ii_verb_example	Only one stem side is currently attested cleanly in the Bible corpus.
keu-keuh	keu	keuh	dig	+h	no	no	no	yes	yes	no		noun_or_nominal_compound	POS profile N:129, V:25, FUNC:19; clean verbal exact rows I=0, II=0. Current Bible hits are predominantly nominal, locative, or compound-like rather than verbal.	yes	yes	59	1	166	7	0	0	Psalms 90:6 `keu` [finite_main_or_matrix; needs_analyzer_review]; Matthew 13:6 `keu` [finite_main_or_matrix; needs_analyzer_review]; Jonah 4:7 `keu` [finite_main_or_matrix; needs_analyzer_review]	Isaiah 34:15 `keuh` [finite_main_or_matrix; needs_analyzer_review]; Song of Solomon 5:13 `kiuhkeuh` [finite_main_or_matrix; needs_analyzer_review]; Song of Solomon 5:12 `kiuhkeuh` [finite_main_or_matrix; needs_analyzer_review]			Psalms 126:4 `keuna` [nominalized_na; needs_analyzer_review]; Matthew 12:43 `keuna` [nominalized_na; needs_analyzer_review]	Isaiah 27:11 `keu` [dependent_temporal_ciangin; needs_analyzer_review]			Revelation 14:5 `kiuhkeuh` [negative_clause; needs_analyzer_review]; Judges 16:8 `keu` [negative_clause; needs_analyzer_review]	Song of Solomon 7:2 `kiukeu` [finite_main_or_matrix; needs_analyzer_review]; Song of Solomon 5:13 `kiuhkeuh` [finite_main_or_matrix; needs_analyzer_review]	Psalms 58:7 `keutumsak` [causative_or_derivational_sak; exclude_for_now]; Luke 7:44 `nulkeusak` [causative_or_derivational_sak; exclude_for_now]		Blocked noisy material includes keusak, keutumsak, keuhsak, keusakin.	both_forms_cleanly_attested	likely_pair	discuss_under_lexicalized_or_excluded_forms	needs_analyzer_review	block_from_verb_inventory_pending_review	nominal_or_compound_examples_only	
khai-khaih	khai	khaih	hold	+h	no	no	no	yes	yes	no		lexical_verb	POS profile N:150, V:65, FUNC:12; clean verbal exact rows I=0, II=0.	yes	yes	61	2	235	2	0	0	Psalms 74:4 `khai` [finite_main_or_matrix; needs_analyzer_review]; Psalms 137:2 `khai` [finite_main_or_matrix; needs_analyzer_review]; Numbers 21:9 `khai` [finite_main_or_matrix; needs_analyzer_review]	Proverbs 9:2 `khaih` [unknown_or_needs_review; needs_analyzer_review]; Matthew 23:24 `khaih` [unknown_or_needs_review; needs_analyzer_review]			Proverbs 20:23 `tawikhaina` [nominalized_na; needs_analyzer_review]; Proverbs 16:11 `tawikhaina` [nominalized_na; needs_analyzer_review]	Psalms 62:9 `kikhai` [dependent_temporal_ciangin; needs_analyzer_review]	Matthew 20:19 `khai` [purpose_nadingin; needs_analyzer_review]; Exodus 38:28 `vankhai` [purpose_nadingin; needs_analyzer_review]	Galatians 3:13 `kikhai` [relative_or_attributive_mi; needs_analyzer_review]; 2 Samuel 21:13 `kikhai` [relative_or_attributive_mi; needs_analyzer_review]	Matthew 6:26 `khai` [negative_clause; needs_analyzer_review]; Luke 12:24 `khai` [negative_clause; needs_analyzer_review]	Song of Solomon 4:4 `kikhai` [finite_main_or_matrix; needs_analyzer_review]; Romans 16:13 `kikhai` [finite_main_or_matrix; needs_analyzer_review]	Lamentations 5:12 `kikhailupsak` [causative_or_derivational_sak; exclude_for_now]; Jeremiah 10:20 `khaisak` [causative_or_derivational_sak; exclude_for_now]		Blocked noisy material includes khaisak, kikhailupsak.	both_forms_cleanly_attested	likely_pair	discuss_under_nominalization_or_dependent_clauses	needs_analyzer_review	block_from_verb_inventory_pending_review	no_clean_form_i_verb_example	
khawl-khawl	khawl	khawl	rest	other / irregular / uncertain	no	no	yes	no	yes	no	Questionnaire evidence comes from the in-repo Zakaria/VSA materials; no separate Karius/Kariuss/Karias questionnaire file is present. *khawl-I/*khawl-II -> khawl/khawl. The questionnaire uses the same written form in both slots.	same_form_questionnaire_control	POS profile V:104, N:3; clean verbal exact rows I=104, II=0. Bible hits confirm the questionnaire control form, but not an overt written alternation.	yes	no	107	0	107	0	104	0	Zechariah 1:8 `khawl` [finite_main_or_matrix; needs_analyzer_review]; Zechariah 1:11 `khawl` [finite_main_or_matrix; needs_analyzer_review]; Song of Solomon 1:7 `khawl` [finite_main_or_matrix; needs_analyzer_review]		Zechariah 1:8 `khawl` [finite_main_or_matrix; needs_analyzer_review]; Zechariah 1:11 `khawl` [finite_main_or_matrix; needs_analyzer_review]; Song of Solomon 1:7 `khawl` [finite_main_or_matrix; needs_analyzer_review]			Numbers 10:36 `khawl` [dependent_temporal_ciangin; needs_analyzer_review]; Habakkuk 3:6 `khawl` [dependent_temporal_ciangin; needs_analyzer_review]	Hosea 2:2 `khawl` [purpose_nadingin; needs_analyzer_review]; Ezra 6:8 `khawl` [purpose_nadingin; needs_analyzer_review]		Revelation 9:21 `khawl` [negative_clause; needs_analyzer_review]; Revelation 9:20 `khawl` [negative_clause; needs_analyzer_review]	Zechariah 1:8 `khawl` [finite_main_or_matrix; needs_analyzer_review]; Zechariah 1:11 `khawl` [finite_main_or_matrix; needs_analyzer_review]			Questionnaire uses a same-form mapping, so Bible tokens do not independently prove a distinct written Form II.	form_i_only_attested	questionnaire_pair_bible_one_sided	mention_as_literature_or_questionnaire_only	needs_analyzer_review	mention_as_questionnaire_control	same_written_form_no_overt_alternation	Questionnaire keeps the same written form in both slots, so this row is treated as Form I only for Bible-attestation purposes. Only one stem side is currently attested cleanly in the Bible corpus.
khen-khen	khen	khen	divide	other / irregular / uncertain	no	no	yes	no	yes	no	Questionnaire evidence comes from the in-repo Zakaria/VSA materials; no separate Karius/Kariuss/Karias questionnaire file is present. *khen-I/*khen-II -> khen/khen. The questionnaire uses the same written form in both slots.	same_form_questionnaire_control	POS profile V:257, PRON:10; clean verbal exact rows I=257, II=0. Bible hits confirm the questionnaire control form, but not an overt written alternation.	yes	no	267	0	267	0	257	0	Romans 9:28 `khen` [finite_main_or_matrix; needs_analyzer_review]; Romans 2:27 `khen` [finite_main_or_matrix; needs_analyzer_review]; Romans 2:11 `khen` [finite_main_or_matrix; needs_analyzer_review]		Romans 9:28 `khen` [finite_main_or_matrix; needs_analyzer_review]; Romans 2:27 `khen` [finite_main_or_matrix; needs_analyzer_review]; Romans 2:11 `khen` [finite_main_or_matrix; needs_analyzer_review]			Proverbs 16:10 `khen` [dependent_temporal_ciangin; needs_analyzer_review]; James 2:13 `khen` [dependent_temporal_ciangin; needs_analyzer_review]	Psalms 96:11 `khen` [purpose_nadingin; needs_analyzer_review]; Psalms 50:4 `khen` [purpose_nadingin; needs_analyzer_review]		Matthew 19:6 `khen` [negative_clause; needs_analyzer_review]; Luke 6:37 `khen` [negative_clause; needs_analyzer_review]	Romans 9:28 `khen` [finite_main_or_matrix; needs_analyzer_review]; Romans 2:27 `khen` [finite_main_or_matrix; needs_analyzer_review]			Questionnaire uses a same-form mapping, so Bible tokens do not independently prove a distinct written Form II.	form_i_only_attested	questionnaire_pair_bible_one_sided	mention_as_literature_or_questionnaire_only	needs_analyzer_review	mention_as_questionnaire_control	same_written_form_no_overt_alternation	Questionnaire keeps the same written form in both slots, so this row is treated as Form I only for Bible-attestation purposes. Only one stem side is currently attested cleanly in the Bible corpus.
khial-khialh	khial	khialh	err	+h	no	no	no	yes	yes	no		lexical_verb	POS profile N:496, V:275, FUNC:4; clean verbal exact rows I=171, II=54. Exact verbal evidence survives after lexical-category filtering.	yes	yes	176	54	268	507	171	54	Zephaniah 1:17 `khial` [finite_main_or_matrix; needs_analyzer_review]; Romans 14:20 `khial` [finite_main_or_matrix; needs_analyzer_review]; Romans 11:22 `khial` [finite_main_or_matrix; needs_analyzer_review]	Romans 5:14 `khialh` [finite_main_or_matrix; needs_analyzer_review]; Romans 2:12 `khialh` [finite_main_or_matrix; needs_analyzer_review]; Romans 2:12 `khialh` [finite_main_or_matrix; needs_analyzer_review]	Zephaniah 1:17 `khial` [finite_main_or_matrix; needs_analyzer_review]; Romans 14:20 `khial` [finite_main_or_matrix; needs_analyzer_review]; Romans 11:22 `khial` [finite_main_or_matrix; needs_analyzer_review]	Romans 5:14 `khialh` [finite_main_or_matrix; needs_analyzer_review]; Romans 2:12 `khialh` [finite_main_or_matrix; needs_analyzer_review]; Romans 2:12 `khialh` [finite_main_or_matrix; needs_analyzer_review]	Titus 3:11 `khialhna` [nominalized_na; needs_analyzer_review]; Titus 1:9 `khialhna` [nominalized_na; needs_analyzer_review]	Numbers 15:28 `khialh` [dependent_temporal_ciangin; needs_analyzer_review]; Matthew 18:21 `khialh` [dependent_temporal_ciangin; needs_analyzer_review]	Psalms 39:1 `khialhloh` [purpose_nadingin; needs_analyzer_review]; Psalms 119:11 `khialh` [purpose_nadingin; needs_analyzer_review]	Psalms 95:10 `khial` [relative_or_attributive_mi; needs_analyzer_review]; Numbers 5:8 `khial` [relative_or_attributive_mi; needs_analyzer_review]	Romans 5:14 `khial` [negative_clause; needs_analyzer_review]; Psalms 51:5 `khialsa` [negative_clause; needs_analyzer_review]	Zephaniah 1:17 `khial` [finite_main_or_matrix; needs_analyzer_review]; Zechariah 10:2 `lakkhial` [finite_main_or_matrix; needs_analyzer_review]	Proverbs 14:8 `khialsak` [causative_or_derivational_sak; exclude_for_now]; Nehemiah 13:26 `khialsakzo` [causative_or_derivational_sak; exclude_for_now]		Blocked noisy material includes khialsak, khialhsakna, khialhsak, khialsakin.	both_forms_cleanly_attested	likely_pair	discuss_under_nominalization_or_dependent_clauses	needs_analyzer_review	promote_with_caveat	needs_manual_philological_review	
kho-khoh	kho	khoh	labor	+h	no	no	no	yes	yes	no		lexical_verb	POS profile V:61, N:14, FUNC:8; clean verbal exact rows I=45, II=0. Exact verbal evidence survives after lexical-category filtering.	yes	yes	45	1	77	6	45	0	Zechariah 13:3 `kho` [finite_main_or_matrix; needs_analyzer_review]; Song of Solomon 6:7 `kho` [finite_main_or_matrix; needs_analyzer_review]; Song of Solomon 4:3 `kho` [finite_main_or_matrix; needs_analyzer_review]	Jeremiah 36:25 `khoh` [finite_main_or_matrix; needs_analyzer_review]; Matthew 22:5 `khohsa` [unknown_or_needs_review; needs_analyzer_review]; Matthew 22:3 `khohsa` [unknown_or_needs_review; needs_analyzer_review]	Zechariah 13:3 `kho` [finite_main_or_matrix; needs_analyzer_review]; Song of Solomon 6:7 `kho` [finite_main_or_matrix; needs_analyzer_review]; Song of Solomon 4:3 `kho` [finite_main_or_matrix; needs_analyzer_review]				Song of Solomon 8:11 `kho` [purpose_nadingin; needs_analyzer_review]; Jeremiah 52:16 `kho` [purpose_nadingin; needs_analyzer_review]		Psalms 129:3 `khote` [negative_clause; needs_analyzer_review]; Proverbs 28:17 `kho` [negative_clause; needs_analyzer_review]	Zechariah 13:3 `kho` [finite_main_or_matrix; needs_analyzer_review]; Song of Solomon 6:7 `kho` [finite_main_or_matrix; needs_analyzer_review]	Matthew 22:4 `khohsaksa` [causative_or_derivational_sak; exclude_for_now]; Matthew 21:41 `khosak` [causative_or_derivational_sak; exclude_for_now]		Blocked noisy material includes khosak, khohsaksa.	both_forms_cleanly_attested	likely_pair	discuss_under_nominalization_or_dependent_clauses	needs_analyzer_review	mention_in_inventory_only	needs_manual_philological_review	Shared Form I base with kho-khot.
kho-khot	kho	khot	labor	+t	no	no	no	yes	yes	no		analyzer_only_uncertain	POS profile N:2; clean verbal exact rows I=0, II=0. The analyzer proposes the pair, but the Bible evidence still needs philological review.	no	yes	0	0	0	2	0	0		Matthew 19:21 `khotte` [unknown_or_needs_review; needs_analyzer_review]; Luke 18:22 `khotte` [unknown_or_needs_review; needs_analyzer_review]												only_noisy_or_lexicalized_attested	homophone_or_noise_only	discuss_under_lexicalized_or_excluded_forms	needs_analyzer_review	mention_in_inventory_only	analyzer_pair_only	Shared Form I base with kho-khoh. Current Bible evidence is limited to noisy, lexicalized, or heavily derived material.
khua-khuat	khua	khuat	town	+t	no	no	no	yes	yes	no		noun_or_nominal_compound	POS profile N:3063, FUNC:501, V:127; clean verbal exact rows I=0, II=0. Current Bible hits are predominantly nominal, locative, or compound-like rather than verbal.	yes	yes	980	2	3708	3	0	0	Jeremiah 51:49 `khua` [imperative_or_directive; needs_analyzer_review]; Jeremiah 51:35 `khua` [imperative_or_directive; needs_analyzer_review]; Isaiah 15:9 `khua` [imperative_or_directive; needs_analyzer_review]	Job 39:21 `khuat` [finite_main_or_matrix; needs_analyzer_review]; Jeremiah 13:7 `khuat` [unknown_or_needs_review; needs_analyzer_review]; Genesis 50:5 `khuatsa` [finite_main_or_matrix; needs_analyzer_review]			Psalms 88:12 `Khuamialna` [nominalized_na; needs_analyzer_review]; Matthew 8:12 `khuamialna-ah` [nominalized_na; needs_analyzer_review]	Luke 24:47 `khua` [clause_linking_kipan; needs_analyzer_review]; Jeremiah 48:24 `khua` [clause_linking_kipan; needs_analyzer_review]	Psalms 105:39 `khua` [purpose_nadingin; needs_analyzer_review]; Numbers 35:14 `khuapi` [purpose_nadingin; needs_analyzer_review]	Zechariah 7:7 `khuapite-ah` [possessed_or_genitive_attributive; needs_analyzer_review]; Micah 6:12 `khuasung` [relative_or_attributive_mi; needs_analyzer_review]	Song of Solomon 8:10 `khuakulh` [negative_clause; needs_analyzer_review]; Romans 11:8 `khua` [negative_clause; needs_analyzer_review]	Zephaniah 3:6 `khuapi` [finite_main_or_matrix; needs_analyzer_review]; Zephaniah 3:11 `khua-a` [finite_main_or_matrix; needs_analyzer_review]				both_forms_cleanly_attested	likely_pair	discuss_under_lexicalized_or_excluded_forms	needs_analyzer_review	block_from_verb_inventory_pending_review	nominal_or_compound_examples_only	
khum-khum	khum	khum	cover/lock	other / irregular / uncertain	no	no	yes	no	yes	no	Questionnaire evidence comes from the in-repo Zakaria/VSA materials; no separate Karius/Kariuss/Karias questionnaire file is present. *khum-I/*khum-II -> khum/khum. The questionnaire uses the same written form in both slots.	same_form_questionnaire_control	POS profile V:60; clean verbal exact rows I=60, II=0. Bible hits confirm the questionnaire control form, but not an overt written alternation.	yes	no	60	0	60	0	60	0	Song of Solomon 7:9 `khum` [finite_main_or_matrix; needs_analyzer_review]; Song of Solomon 7:9 `khum` [finite_main_or_matrix; needs_analyzer_review]; Song of Solomon 5:16 `khum` [finite_main_or_matrix; needs_analyzer_review]		Song of Solomon 7:9 `khum` [finite_main_or_matrix; needs_analyzer_review]; Song of Solomon 7:9 `khum` [finite_main_or_matrix; needs_analyzer_review]; Song of Solomon 5:16 `khum` [finite_main_or_matrix; needs_analyzer_review]				Isaiah 5:20 `khum` [purpose_nadingin; needs_analyzer_review]		John 20:25 `khum` [negative_clause; needs_analyzer_review]	Song of Solomon 7:9 `khum` [finite_main_or_matrix; needs_analyzer_review]; Song of Solomon 7:9 `khum` [finite_main_or_matrix; needs_analyzer_review]			Questionnaire uses a same-form mapping, so Bible tokens do not independently prove a distinct written Form II.	form_i_only_attested	questionnaire_pair_bible_one_sided	mention_as_literature_or_questionnaire_only	needs_analyzer_review	mention_as_questionnaire_control	same_written_form_no_overt_alternation	Questionnaire keeps the same written form in both slots, so this row is treated as Form I only for Bible-attestation purposes. Only one stem side is currently attested cleanly in the Bible corpus.
kia-kiak	kia	kiak	fear	+k	no	no	no	yes	yes	no		lexical_verb	POS profile V:169, FUNC:14, N:9; clean verbal exact rows I=64, II=8. Exact verbal evidence survives after lexical-category filtering.	yes	yes	66	8	179	14	64	8	Song of Solomon 5:2 `kia` [finite_main_or_matrix; needs_analyzer_review]; Revelation 8:5 `kia` [finite_main_or_matrix; needs_analyzer_review]; Revelation 6:13 `kia` [finite_main_or_matrix; needs_analyzer_review]	Proverbs 24:31 `kiak` [finite_main_or_matrix; needs_analyzer_review]; Job 31:40 `kiak` [finite_main_or_matrix; needs_analyzer_review]; Job 24:24 `kiak` [finite_main_or_matrix; needs_analyzer_review]	Song of Solomon 5:2 `kia` [finite_main_or_matrix; needs_analyzer_review]; Revelation 8:5 `kia` [finite_main_or_matrix; needs_analyzer_review]; Revelation 6:13 `kia` [finite_main_or_matrix; needs_analyzer_review]	Proverbs 24:31 `kiak` [finite_main_or_matrix; needs_analyzer_review]; Job 31:40 `kiak` [finite_main_or_matrix; needs_analyzer_review]; Job 24:24 `kiak` [finite_main_or_matrix; needs_analyzer_review]			Matthew 18:30 `kia` [purpose_nadingin; needs_analyzer_review]; Job 37:6 `kia` [purpose_nadingin; needs_analyzer_review]	Matthew 21:44 `kia` [relative_or_attributive_mi; needs_analyzer_review]; Luke 20:18 `kia` [relative_or_attributive_mi; needs_analyzer_review]	Joshua 8:1 `lungkia` [negative_clause; needs_analyzer_review]; Joshua 1:9 `lungkia` [negative_clause; needs_analyzer_review]	Zechariah 4:10 `lungkia` [finite_main_or_matrix; needs_analyzer_review]; Zechariah 3:7 `kianga` [finite_main_or_matrix; needs_analyzer_review]	Romans 5:5 `lungkiasak` [causative_or_derivational_sak; exclude_for_now]; Revelation 13:13 `kiasak` [causative_or_derivational_sak; exclude_for_now]		Blocked noisy material includes kiasak, lungkiasak, kiasakin.	both_forms_cleanly_attested	likely_pair	discuss_under_nominalization_or_dependent_clauses	needs_analyzer_review	promote_with_caveat	needs_manual_philological_review	
kido-kidot	kido	kidot	fight	+t	no	no	no	yes	yes	no		lexical_verb	POS profile V:59, N:34, FUNC:9; clean verbal exact rows I=58, II=0. Exact verbal evidence survives after lexical-category filtering.	yes	yes	58	2	99	3	58	0	Numbers 10:9 `kido` [finite_main_or_matrix; needs_analyzer_review]; Nahum 3:3 `kido` [finite_main_or_matrix; needs_analyzer_review]; Matthew 24:7 `kido` [finite_main_or_matrix; needs_analyzer_review]	John 16:19 `kidot` [finite_main_or_matrix; needs_analyzer_review]; Haggai 2:12 `kidot` [dependent_temporal_ciangin; needs_analyzer_review]; John 1:28 `kidotna` [nominalized_na; needs_analyzer_review]	Numbers 10:9 `kido` [finite_main_or_matrix; needs_analyzer_review]; Nahum 3:3 `kido` [finite_main_or_matrix; needs_analyzer_review]; Matthew 24:7 `kido` [finite_main_or_matrix; needs_analyzer_review]		Zechariah 9:10 `Galkidona` [nominalized_na; needs_analyzer_review]; Revelation 6:4 `galkidona` [nominalized_na; needs_analyzer_review]	Haggai 2:12 `kidot` [dependent_temporal_ciangin; needs_analyzer_review]	Joshua 11:5 `kido` [purpose_nadingin; needs_analyzer_review]; 2 Kings 8:28 `kido` [purpose_nadingin; needs_analyzer_review]	Isaiah 19:2 `kido-in` [possessed_or_genitive_attributive; needs_analyzer_review]	Micah 4:3 `kido` [negative_clause; needs_analyzer_review]; Matthew 10:34 `kido` [negative_clause; needs_analyzer_review]	Numbers 10:9 `kido` [finite_main_or_matrix; needs_analyzer_review]; Nahum 3:3 `kido` [finite_main_or_matrix; needs_analyzer_review]				both_forms_cleanly_attested	likely_pair	discuss_under_nominalization_or_dependent_clauses	needs_analyzer_review	mention_in_inventory_only	no_clean_form_ii_verb_example	
lampi-lampih	lampi	lampih	way	+h	no	no	no	yes	yes	no		noun_or_nominal_compound	POS profile N:285, FUNC:75, PROP:3; clean verbal exact rows I=0, II=0. Current Bible hits are predominantly nominal, locative, or compound-like rather than verbal.	yes	yes	284	1	362	1	0	0	Psalms 35:6 `lampi` [finite_main_or_matrix; needs_analyzer_review]; Proverbs 6:23 `lampi` [finite_main_or_matrix; needs_analyzer_review]; Proverbs 21:5 `lampi` [finite_main_or_matrix; needs_analyzer_review]	Psalms 127:1 `lampih` [negative_clause; needs_analyzer_review]					Psalms 18:32 `lampi` [purpose_nadingin; needs_analyzer_review]; Ezekiel 40:31 `lampi` [purpose_nadingin; needs_analyzer_review]		Revelation 9:6 `lampi` [negative_clause; needs_analyzer_review]; Psalms 23:3 `lampi` [negative_clause; needs_analyzer_review]	Psalms 80:12 `lampi-ah` [finite_main_or_matrix; needs_analyzer_review]; Psalms 35:6 `lampi` [finite_main_or_matrix; needs_analyzer_review]				both_forms_cleanly_attested	likely_pair	discuss_under_lexicalized_or_excluded_forms	needs_analyzer_review	block_from_verb_inventory_pending_review	nominal_or_compound_examples_only	
lei-lei	lei	lei	buy	other / irregular / uncertain	no	no	yes	no	yes	no	Questionnaire evidence comes from the in-repo Zakaria/VSA materials; no separate Karius/Kariuss/Karias questionnaire file is present. *lei-I/*lei-II -> lei/lei. The questionnaire uses the same written form in both slots.	same_form_questionnaire_control	POS profile N:298; clean verbal exact rows I=0, II=0. Bible hits confirm the questionnaire control form, but not an overt written alternation.	yes	no	298	0	298	0	0	0	Proverbs 31:16 `lei` [finite_main_or_matrix; needs_analyzer_review]; Matthew 13:46 `lei` [finite_main_or_matrix; needs_analyzer_review]; Luke 9:13 `lei` [finite_main_or_matrix; needs_analyzer_review]						Song of Solomon 8:7 `lei` [purpose_nadingin; needs_analyzer_review]; Nehemiah 5:3 `lei` [purpose_nadingin; needs_analyzer_review]		Ruth 4:5 `lei` [negative_clause; needs_analyzer_review]; Revelation 18:13 `lei` [negative_clause; needs_analyzer_review]	Proverbs 31:16 `lei` [finite_main_or_matrix; needs_analyzer_review]; Matthew 13:46 `lei` [finite_main_or_matrix; needs_analyzer_review]			Questionnaire uses a same-form mapping, so Bible tokens do not independently prove a distinct written Form II.	form_i_only_attested	questionnaire_pair_bible_one_sided	mention_as_literature_or_questionnaire_only	needs_analyzer_review	mention_as_questionnaire_control	same_written_form_no_overt_alternation	Questionnaire keeps the same written form in both slots, so this row is treated as Form I only for Bible-attestation purposes. Only one stem side is currently attested cleanly in the Bible corpus.
lian-lian	lian	lian	big	other / irregular / uncertain	no	no	yes	no	yes	no	Questionnaire evidence comes from the in-repo Zakaria/VSA materials; no separate Karius/Kariuss/Karias questionnaire file is present. *lian-I/*lian-II -> lian/lian. The questionnaire uses the same written form in both slots.	same_form_questionnaire_control	POS profile ADJ:359; clean verbal exact rows I=0, II=0. Bible hits confirm the questionnaire control form, but not an overt written alternation.	yes	no	359	0	359	0	0	0	Psalms 76:1 `lian` [finite_main_or_matrix; needs_analyzer_review]; Psalms 70:4 `lian` [finite_main_or_matrix; needs_analyzer_review]; Psalms 35:27 `lian` [finite_main_or_matrix; needs_analyzer_review]						Ezekiel 38:7 `lian` [purpose_nadingin; needs_analyzer_review]; Ezekiel 21:11 `lian` [purpose_nadingin; needs_analyzer_review]	Matthew 19:30 `lian` [relative_or_attributive_mi; needs_analyzer_review]	Luke 1:43 `lian` [negative_clause; needs_analyzer_review]; Job 9:10 `lian` [negative_clause; needs_analyzer_review]	Psalms 76:1 `lian` [finite_main_or_matrix; needs_analyzer_review]; Psalms 70:4 `lian` [finite_main_or_matrix; needs_analyzer_review]			Questionnaire uses a same-form mapping, so Bible tokens do not independently prove a distinct written Form II.	form_i_only_attested	questionnaire_pair_bible_one_sided	mention_as_literature_or_questionnaire_only	needs_analyzer_review	mention_as_questionnaire_control	same_written_form_no_overt_alternation	Questionnaire keeps the same written form in both slots, so this row is treated as Form I only for Bible-attestation purposes. Only one stem side is currently attested cleanly in the Bible corpus.
lua-luah	lua	luah	exceed	+h	no	no	no	yes	yes	no		lexical_verb	POS profile N:222, V:209, FUNC:43; clean verbal exact rows I=0, II=194. Exact verbal evidence survives after lexical-category filtering.	yes	yes	111	194	220	254	0	194	Song of Solomon 6:5 `lua` [finite_main_or_matrix; needs_analyzer_review]; Proverbs 25:16 `lua` [finite_main_or_matrix; needs_analyzer_review]; Proverbs 23:23 `lua` [finite_main_or_matrix; needs_analyzer_review]	Zephaniah 2:7 `luah` [finite_main_or_matrix; needs_analyzer_review]; Romans 4:13 `luah` [finite_main_or_matrix; needs_analyzer_review]; Psalms 79:1 `luah` [finite_main_or_matrix; needs_analyzer_review]		Zephaniah 2:7 `luah` [finite_main_or_matrix; needs_analyzer_review]; Romans 4:13 `luah` [finite_main_or_matrix; needs_analyzer_review]; Psalms 79:1 `luah` [finite_main_or_matrix; needs_analyzer_review]	Numbers 4:14 `vutluahna` [nominalized_na; needs_analyzer_review]; Leviticus 27:22 `luahna` [nominalized_na; needs_analyzer_review]	Deuteronomy 3:12 `luah` [dependent_temporal_ciangin; needs_analyzer_review]	Psalms 37:34 `luah` [purpose_nadingin; needs_analyzer_review]; Psalms 33:12 `luah` [purpose_nadingin; needs_analyzer_review]	1 Samuel 30:10 `gimlua` [relative_or_attributive_mi; needs_analyzer_review]	Psalms 94:14 `luahte` [negative_clause; needs_analyzer_review]; Proverbs 6:30 `lua` [negative_clause; needs_analyzer_review]	Zephaniah 2:7 `luah` [finite_main_or_matrix; needs_analyzer_review]; Song of Solomon 6:5 `lua` [finite_main_or_matrix; needs_analyzer_review]	Numbers 32:4 `luahsak` [causative_or_derivational_sak; exclude_for_now]; Numbers 27:8 `luahsak` [causative_or_derivational_sak; exclude_for_now]		Blocked noisy material includes luahsak, luahkhawmsak.	both_forms_cleanly_attested	likely_pair	discuss_under_nominalization_or_dependent_clauses	needs_analyzer_review	mention_in_inventory_only	no_clean_form_i_verb_example	
mu-muh	mu	muh	see	+h	yes	yes	yes	yes	yes	yes	Questionnaire evidence comes from the in-repo Zakaria/VSA materials; no separate Karius/Kariuss/Karias questionnaire file is present. *muu-I/*muk-II -> mu/muh. Analyzer inventory also maps the same Form I base to mu-muk. `source_henderson=yes` means the in-repo literature review aligns this pair directly to Henderson; it does not claim an exhaustive extracted Henderson pair list. `source_zam_ngaih_cing=yes` means the in-repo literature review aligns this pair directly to Zam Ngaih Cing; it does not claim an exhaustive extracted Stem 1/2 list. This pair is discussed in current project review materials.	lexical_verb	POS profile V:1994, FUNC:287, N:73; clean verbal exact rows I=946, II=489. Exact verbal evidence survives after lexical-category filtering.	yes	yes	954	489	1361	993	946	489	Genesis 1:4 `mu` [finite_main_or_matrix; print_ready]; Zechariah 9:8 `mu` [finite_main_or_matrix; needs_analyzer_review]; Zechariah 6:1 `mu` [finite_main_or_matrix; needs_analyzer_review]	Genesis 19:19 `muhna-ah` [nominalized_na; print_ready]; Genesis 19:1 `muh` [dependent_temporal_ciangin; print_usable_with_caveat]; Zechariah 4:10 `muh` [finite_main_or_matrix; needs_analyzer_review]	Genesis 1:4 `mu` [finite_main_or_matrix; print_ready]; Zechariah 9:8 `mu` [finite_main_or_matrix; needs_analyzer_review]; Zechariah 6:1 `mu` [finite_main_or_matrix; needs_analyzer_review]	Genesis 19:1 `muh` [dependent_temporal_ciangin; print_usable_with_caveat]; Zechariah 4:10 `muh` [finite_main_or_matrix; needs_analyzer_review]; Zechariah 2:8 `muh` [finite_main_or_matrix; needs_analyzer_review]	Genesis 19:19 `muhna-ah` [nominalized_na; print_ready]; Zechariah 2:1 `muhna` [nominalized_na; needs_analyzer_review]	Genesis 19:1 `muh` [dependent_temporal_ciangin; print_usable_with_caveat]; Ruth 1:18 `muh` [dependent_temporal_ciangin; needs_analyzer_review]	Psalms 27:13 `mu` [purpose_nadingin; needs_analyzer_review]; Psalms 128:6 `mu` [purpose_nadingin; needs_analyzer_review]	Zephaniah 2:15 `mu` [relative_or_attributive_mi; needs_analyzer_review]; Psalms 69:4 `mudah` [relative_or_attributive_mi; needs_analyzer_review]	Zechariah 11:8 `mudah` [negative_clause; needs_analyzer_review]; Song of Solomon 5:6 `mu` [negative_clause; needs_analyzer_review]	Genesis 1:4 `mu` [finite_main_or_matrix; print_ready]; Zephaniah 1:17 `muatcip` [finite_main_or_matrix; needs_analyzer_review]	Proverbs 16:28 `kimudahsak` [causative_or_derivational_sak; exclude_for_now]; Proverbs 14:30 `muatsak` [causative_or_derivational_sak; exclude_for_now]		Blocked noisy material includes muhsak, musakkik, ihmusak, muatsak.	both_forms_cleanly_attested	established_pair	core_paradigm_example	print_ready	promote_to_main_grammar	none	Shared Form I base with mu-muk.
mu-muk	mu	muk	see	+k	no	no	no	yes	yes	no		analyzer_only_uncertain	POS profile N:30, V:5, PRON:1; clean verbal exact rows I=0, II=0. The analyzer proposes the pair, but the Bible evidence still needs philological review.	yes	yes	0	24	2	34	0	0		Psalms 59:7 `muk` [finite_main_or_matrix; needs_analyzer_review]; Psalms 59:12 `muk` [finite_main_or_matrix; needs_analyzer_review]; Psalms 50:16 `muk` [finite_main_or_matrix; needs_analyzer_review]								Psalms 59:7 `muk` [finite_main_or_matrix; needs_analyzer_review]; Psalms 59:12 `muk` [finite_main_or_matrix; needs_analyzer_review]				both_forms_attested_but_complex	likely_pair	ordinary_inventory_entry	needs_analyzer_review	discuss_as_difficult_case	analyzer_pair_only	Shared Form I base with mu-muh. Both forms are attested, but at least one side is clearest in dependent, nominalized, or otherwise non-bare environments.
mual-mualh	mual	mualh	mountain	+h	no	no	no	yes	yes	no		noun_or_nominal_compound	POS profile N:757, FUNC:102, V:4; clean verbal exact rows I=0, II=0. Current Bible hits are predominantly nominal, locative, or compound-like rather than verbal.	yes	yes	430	1	864	1	0	0	Ezekiel 43:9 `mual` [finite_main_or_matrix; needs_analyzer_review]; Psalms 89:12 `mual` [imperative_or_directive; needs_analyzer_review]; Song of Solomon 4:8 `Mual` [negative_clause; needs_analyzer_review]	Leviticus 13:56 `mualh` [quotative_or_say_complement; needs_analyzer_review]					1 Samuel 17:3 `mualtungah` [purpose_nadingin; needs_analyzer_review]	1 Chronicles 11:32 `mualkuam` [possessed_or_genitive_attributive; needs_analyzer_review]	Song of Solomon 4:8 `Mual` [negative_clause; needs_analyzer_review]; Song of Solomon 2:8 `mualte` [negative_clause; needs_analyzer_review]	Song of Solomon 4:8 `Mual-ah` [finite_main_or_matrix; needs_analyzer_review]; Song of Solomon 4:6 `mualtungah` [finite_main_or_matrix; needs_analyzer_review]				both_forms_cleanly_attested	likely_pair	discuss_under_lexicalized_or_excluded_forms	needs_analyzer_review	block_from_verb_inventory_pending_review	nominal_or_compound_examples_only	
ne-neh	ne	neh	eat	+h	no	no	no	yes	yes	no		analyzer_only_uncertain	POS profile N:26, V:6, FUNC:1; clean verbal exact rows I=0, II=0. The analyzer proposes the pair, but the Bible evidence still needs philological review.	no	yes	0	16	0	33	0	0		Luke 23:10 `neh` [finite_main_or_matrix; needs_analyzer_review]; Genesis 19:9 `neh` [finite_main_or_matrix; needs_analyzer_review]; Genesis 19:9 `neh` [finite_main_or_matrix; needs_analyzer_review]							Psalms 18:18 `nehthawh` [negative_clause; needs_analyzer_review]; Psalms 119:150 `nehta` [negative_clause; needs_analyzer_review]	Psalms 10:5 `nehpiksan` [finite_main_or_matrix; needs_analyzer_review]; Mark 5:31 `nehcihlam` [finite_main_or_matrix; needs_analyzer_review]				form_ii_only_attested	analyzer_pair_needs_review	omit_pending_evidence	needs_analyzer_review	mention_in_inventory_only	analyzer_pair_only	Shared Form I base with ne-nek. Only one stem side is currently attested cleanly in the Bible corpus.
ne-nek	ne	nek	eat	+k	yes	no	yes	yes	yes	yes	Questionnaire evidence comes from the in-repo Zakaria/VSA materials; no separate Karius/Kariuss/Karias questionnaire file is present. *ne-I/*nek-II -> ne/nek. Analyzer inventory also maps the same Form I base to ne-neh. `source_henderson=yes` means the in-repo literature review aligns this pair directly to Henderson; it does not claim an exhaustive extracted Henderson pair list. This pair is discussed in current project review materials.	lexical_verb	POS profile V:1066, FUNC:106, N:43; clean verbal exact rows I=549, II=191. Exact verbal evidence survives after lexical-category filtering.	yes	yes	558	191	774	441	549	191	Genesis 2:17 `ne` [negative_clause; print_ready]; Song of Solomon 5:1 `ne` [finite_main_or_matrix; needs_analyzer_review]; Ruth 2:14 `ne` [finite_main_or_matrix; needs_analyzer_review]	Genesis 2:17 `nek` [dependent_temporal_ni_in; print_ready]; Zephaniah 3:3 `nek` [finite_main_or_matrix; needs_analyzer_review]; Ruth 3:7 `nek` [finite_main_or_matrix; needs_analyzer_review]	Genesis 2:17 `ne` [negative_clause; print_ready]; Song of Solomon 5:1 `ne` [finite_main_or_matrix; needs_analyzer_review]; Ruth 2:14 `ne` [finite_main_or_matrix; needs_analyzer_review]	Genesis 2:17 `nek` [dependent_temporal_ni_in; print_ready]; Zephaniah 3:3 `nek` [finite_main_or_matrix; needs_analyzer_review]; Ruth 3:7 `nek` [finite_main_or_matrix; needs_analyzer_review]	Zechariah 9:17 `nekna` [nominalized_na; needs_analyzer_review]; Zechariah 9:17 `nekna` [nominalized_na; needs_analyzer_review]	Genesis 2:17 `nek` [dependent_temporal_ni_in; print_ready]; Zechariah 12:2 `nek` [dependent_temporal_ciangin; needs_analyzer_review]	Romans 14:6 `Nek` [purpose_nadingin; needs_analyzer_review]; Psalms 78:24 `nek` [purpose_nadingin; needs_analyzer_review]	Romans 14:6 `ne` [relative_or_attributive_mi; needs_analyzer_review]; Proverbs 30:14 `netum` [relative_or_attributive_mi; needs_analyzer_review]	Genesis 2:17 `ne` [negative_clause; print_ready]; Zechariah 9:7 `ne` [negative_clause; needs_analyzer_review]	Zephaniah 3:3 `nek` [finite_main_or_matrix; needs_analyzer_review]; Zechariah 7:6 `annek` [finite_main_or_matrix; needs_analyzer_review]	Song of Solomon 4:16 `nesak` [causative_or_derivational_sak; exclude_for_now]; Revelation 2:14 `nesakin` [causative_or_derivational_sak; exclude_for_now]		Blocked noisy material includes nesak, neksak, nesakin, neksakna.	both_forms_cleanly_attested	established_pair	core_paradigm_example	print_ready	promote_to_main_grammar	none	Shared Form I base with ne-neh.
nei-neih	nei	neih	have	+h	no	no	yes	yes	yes	yes	Questionnaire evidence comes from the in-repo Zakaria/VSA materials; no separate Karius/Kariuss/Karias questionnaire file is present. *nei-I/*neih-II -> nei/neih. This pair is discussed in current project review materials.	lexical_verb	POS profile V:2624, N:203, FUNC:119; clean verbal exact rows I=1747, II=410. Exact verbal evidence survives after lexical-category filtering.	yes	yes	1783	412	2126	823	1747	410	Genesis 11:30 `nei` [negative_clause; print_ready]; Zechariah 9:2 `nei` [finite_main_or_matrix; needs_analyzer_review]; Zechariah 4:2 `nei` [finite_main_or_matrix; needs_analyzer_review]	2 Samuel 23:8 `neih` [possessed_or_genitive_attributive; print_ready]; Zechariah 9:4 `neih` [finite_main_or_matrix; needs_analyzer_review]; Song of Solomon 3:11 `neih` [finite_main_or_matrix; needs_analyzer_review]	Genesis 11:30 `nei` [negative_clause; print_ready]; Zechariah 9:2 `nei` [finite_main_or_matrix; needs_analyzer_review]; Zechariah 4:2 `nei` [finite_main_or_matrix; needs_analyzer_review]	Zechariah 9:4 `neih` [finite_main_or_matrix; needs_analyzer_review]; Song of Solomon 3:11 `neih` [finite_main_or_matrix; needs_analyzer_review]; Ruth 4:15 `neih` [finite_main_or_matrix; needs_analyzer_review]	Zechariah 4:6 `neihna` [nominalized_na; needs_analyzer_review]; Zechariah 1:17 `neihkikna` [nominalized_na; needs_analyzer_review]	Romans 13:10 `neih` [dependent_temporal_ciangin; needs_analyzer_review]; Leviticus 15:19 `neih` [dependent_temporal_ciangin; needs_analyzer_review]	Ruth 1:12 `nei` [purpose_nadingin; needs_analyzer_review]; Ruth 1:12 `nei` [purpose_nadingin; needs_analyzer_review]	2 Samuel 23:8 `neih` [possessed_or_genitive_attributive; print_ready]; Romans 10:4 `nei` [relative_or_attributive_mi; needs_analyzer_review]	Genesis 11:30 `nei` [negative_clause; print_ready]; Zechariah 7:11 `nei` [negative_clause; needs_analyzer_review]	Zephaniah 2:9 `neihsa` [finite_main_or_matrix; needs_analyzer_review]; Zephaniah 2:7 `nei-in` [finite_main_or_matrix; needs_analyzer_review]	Romans 5:4 `neisak` [causative_or_derivational_sak; exclude_for_now]; Psalms 141:4 `neisak` [causative_or_derivational_sak; exclude_for_now]		Blocked noisy material includes neisak, neihsak.	both_forms_cleanly_attested	established_pair	core_paradigm_example	print_ready	promote_to_main_grammar	none	
ngai-ngaih	ngai	ngaih	think / love/need	+h	no	no	yes	yes	yes	yes	Questionnaire evidence comes from the in-repo Zakaria/VSA materials; no separate Karius/Kariuss/Karias questionnaire file is present. *ngai-I/*ngaih-II -> ngai/ngaih. This pair is discussed in current project review materials. Questionnaire gloss `love/need` and analyzer gloss `think` differ.	lexicalized_or_category_mixed	POS profile V:1138, N:326, FUNC:120; clean verbal exact rows I=434, II=52. The family mixes lexicalized, derivational, or category-shifting material. Clean exact verbal rows still survive apart from the blocked family material.	yes	yes	434	52	532	535	434	52	Zephaniah 3:7 `ngai` [finite_main_or_matrix; dossier_only]; Zechariah 3:7 `ngai` [finite_main_or_matrix; dossier_only]; Song of Solomon 8:13 `ngai` [finite_main_or_matrix; dossier_only]	Zechariah 3:7 `ngaih` [finite_main_or_matrix; dossier_only]; Song of Solomon 4:9 `ngaih` [finite_main_or_matrix; dossier_only]; Song of Solomon 4:8 `ngaih` [finite_main_or_matrix; dossier_only]	Zephaniah 3:7 `ngai` [finite_main_or_matrix; dossier_only]; Zechariah 3:7 `ngai` [finite_main_or_matrix; dossier_only]; Song of Solomon 8:13 `ngai` [finite_main_or_matrix; dossier_only]	Zechariah 3:7 `ngaih` [finite_main_or_matrix; dossier_only]; Song of Solomon 4:9 `ngaih` [finite_main_or_matrix; dossier_only]; Song of Solomon 4:8 `ngaih` [finite_main_or_matrix; dossier_only]	Song of Solomon 8:6 `ngaihna` [nominalized_na; dossier_only]; Song of Solomon 8:4 `kingaihna` [nominalized_na; dossier_only]	Psalms 39:3 `lungngaih` [dependent_temporal_ciangin; dossier_only]	Psalms 119:148 `lungngaingai` [purpose_nadingin; dossier_only]; Nehemiah 1:6 `ngai` [purpose_nadingin; dossier_only]		Zephaniah 3:2 `ngai` [negative_clause; dossier_only]; Zechariah 7:13 `ngai` [negative_clause; dossier_only]	Zephaniah 3:7 `ngai` [finite_main_or_matrix; dossier_only]; Zechariah 3:7 `ngaih` [finite_main_or_matrix; dossier_only]		Zechariah 7:11 `ngaihsutin` [compound_or_lexicalized; exclude_for_now]; Zechariah 7:10 `ngaihsut` [compound_or_lexicalized; exclude_for_now]	`ngaihsun/ngaihsut/ngaihsutna` remain lexical-family contamination unless a row can be justified independently. Blocked noisy material includes ngaihsun, ngaihsutna, ngaihsut, ngaihsutnate.	both_forms_cleanly_attested	likely_pair	discuss_under_lexicalized_or_excluded_forms	dossier_only	discuss_as_difficult_case	lexicalized_family_contamination	
no-noh	no	noh	young	+h	no	no	no	yes	yes	no		stative_or_adjectival_predicate	POS profile N:629, PROP:79, PRON:23; clean verbal exact rows I=0, II=0. The surviving evidence looks chiefly predicative or adjectival rather than like a lexical action verb.	yes	yes	299	1	755	2	0	0	Matthew 24:32 `no` [dependent_temporal_ciangin; needs_analyzer_review]; Mark 13:28 `no` [dependent_temporal_ciangin; needs_analyzer_review]; Genesis 39:17 `no` [purpose_nadingin; needs_analyzer_review]	Genesis 26:8 `noh` [unknown_or_needs_review; needs_analyzer_review]; Judges 20:43 `Nohah` [finite_main_or_matrix; needs_analyzer_review]			Psalms 65:13 `lonona` [nominalized_na; needs_analyzer_review]; Psalms 23:2 `nona-ah` [nominalized_na; needs_analyzer_review]	Matthew 24:32 `no` [dependent_temporal_ciangin; needs_analyzer_review]; Mark 13:28 `no` [dependent_temporal_ciangin; needs_analyzer_review]	Leviticus 25:12 `note-a` [purpose_nadingin; needs_analyzer_review]; Genesis 39:17 `no` [purpose_nadingin; needs_analyzer_review]	Ecclesiastes 4:15 `khangno` [relative_or_attributive_mi; needs_analyzer_review]	Song of Solomon 8:14 `sakhitalno` [negative_clause; needs_analyzer_review]; Romans 2:27 `no` [negative_clause; needs_analyzer_review]	Psalms 90:5 `nokik` [finite_main_or_matrix; needs_analyzer_review]; Numbers 6:10 `vakhuno` [finite_main_or_matrix; needs_analyzer_review]	Psalms 69:32 `nosuaksakkik` [causative_or_derivational_sak; exclude_for_now]; Psalms 68:9 `nosuaksakkik` [causative_or_derivational_sak; exclude_for_now]		Blocked noisy material includes nosuaksakkik, nosakkik, nosak.	both_forms_cleanly_attested	likely_pair	discuss_under_lexicalized_or_excluded_forms	needs_analyzer_review	mention_in_inventory_only	category_mismatch	
nuam-nuam	nuam	nuam	comfortable/want	other / irregular / uncertain	no	no	yes	no	yes	no	Questionnaire evidence comes from the in-repo Zakaria/VSA materials; no separate Karius/Kariuss/Karias questionnaire file is present. *nuam-I/*nuam-II -> nuam/nuam. The questionnaire uses the same written form in both slots.	same_form_questionnaire_control	POS profile ADJ:472, V:2; clean verbal exact rows I=2, II=0. Bible hits confirm the questionnaire control form, but not an overt written alternation.	yes	no	474	0	474	0	2	0	Zechariah 9:17 `nuam` [finite_main_or_matrix; needs_analyzer_review]; Psalms 4:7 `nuam` [finite_main_or_matrix; needs_analyzer_review]; Psalms 14:6 `nuam` [finite_main_or_matrix; needs_analyzer_review]		Genesis 43:23 `“Nuam` [finite_main_or_matrix; needs_analyzer_review]; 1 Samuel 1:17 `“Nuam` [finite_main_or_matrix; needs_analyzer_review]				Ezra 6:22 `nuam` [purpose_nadingin; needs_analyzer_review]	Matthew 1:19 `nuam` [relative_or_attributive_mi; needs_analyzer_review]; Matthew 12:10 `nuam` [relative_or_attributive_mi; needs_analyzer_review]	Zephaniah 3:3 `nuam` [negative_clause; needs_analyzer_review]; Zephaniah 3:2 `nuam` [negative_clause; needs_analyzer_review]	Zechariah 9:17 `nuam` [finite_main_or_matrix; needs_analyzer_review]; Psalms 4:7 `nuam` [finite_main_or_matrix; needs_analyzer_review]			Questionnaire uses a same-form mapping, so Bible tokens do not independently prove a distinct written Form II.	form_i_only_attested	questionnaire_pair_bible_one_sided	mention_as_literature_or_questionnaire_only	needs_analyzer_review	mention_as_questionnaire_control	same_written_form_no_overt_alternation	Questionnaire keeps the same written form in both slots, so this row is treated as Form I only for Bible-attestation purposes. Only one stem side is currently attested cleanly in the Bible corpus.
nusia-nusiat	nusia	nusiat	abandon	+t	no	no	no	yes	yes	yes	This pair is discussed in current project review materials.	lexical_verb	POS profile V:260, FUNC:92, N:74; clean verbal exact rows I=172, II=0. Exact verbal evidence survives after lexical-category filtering.	yes	yes	172	50	370	56	172	0	Genesis 2:24 `nusia-in` [finite_main_or_matrix; print_usable_with_caveat]; Zechariah 11:17 `nusia` [finite_main_or_matrix; needs_analyzer_review]; Titus 1:5 `nusia` [finite_main_or_matrix; needs_analyzer_review]	Deuteronomy 2:14 `nusiat` [clause_linking_kipan; print_usable_with_caveat]; Psalms 49:10 `nusiat` [finite_main_or_matrix; needs_analyzer_review]; Joshua 24:16 `nusiat` [finite_main_or_matrix; needs_analyzer_review]	Zechariah 11:17 `nusia` [finite_main_or_matrix; needs_analyzer_review]; Titus 1:5 `nusia` [finite_main_or_matrix; needs_analyzer_review]; Ruth 2:16 `nusia` [finite_main_or_matrix; needs_analyzer_review]			Deuteronomy 2:14 `nusiat` [clause_linking_kipan; print_usable_with_caveat]; 2 Samuel 19:19 `nusiat` [dependent_temporal_ni_in; needs_analyzer_review]	Numbers 10:2 `nusiat` [purpose_nadingin; needs_analyzer_review]; Daniel 4:26 `nusiat` [purpose_nadingin; needs_analyzer_review]	Jeremiah 43:6 `nusiat` [relative_or_attributive_mi; needs_analyzer_review]; Jeremiah 41:10 `kinusia` [relative_or_attributive_mi; needs_analyzer_review]	Zephaniah 3:3 `nusia` [negative_clause; needs_analyzer_review]; Ruth 2:8 `nusia` [negative_clause; needs_analyzer_review]	Genesis 2:24 `nusia-in` [finite_main_or_matrix; print_usable_with_caveat]; Zephaniah 3:6 `kinusia` [finite_main_or_matrix; needs_analyzer_review]	Zephaniah 3:6 `kinusiacipsak` [causative_or_derivational_sak; exclude_for_now]		Blocked noisy material includes kinusiacipsak.	both_forms_cleanly_attested	likely_pair	ordinary_inventory_entry	print_usable_with_caveat	promote_with_caveat	none	
om-om	om	om	exist/stay	other / irregular / uncertain	no	no	yes	no	yes	no	Questionnaire evidence comes from the in-repo Zakaria/VSA materials; no separate Karius/Kariuss/Karias questionnaire file is present. *om-I/*om-II -> om/om. The questionnaire uses the same written form in both slots. Analyzer inventory also maps the same Form I base to om-omh.	same_form_questionnaire_control	POS profile ADJ:5045, V:9; clean verbal exact rows I=9, II=0. Bible hits confirm the questionnaire control form, but not an overt written alternation.	yes	no	5054	0	5054	0	9	0	Zephaniah 3:13 `om` [finite_main_or_matrix; needs_analyzer_review]; Zephaniah 3:13 `om` [finite_main_or_matrix; needs_analyzer_review]; Zechariah 6:14 `om` [finite_main_or_matrix; needs_analyzer_review]		Psalms 46:10 `“Om` [finite_main_or_matrix; needs_analyzer_review]; Ezekiel 47:16 `om)` [finite_main_or_matrix; needs_analyzer_review]; Jeremiah 37:17 `“Om` [negative_clause; needs_analyzer_review]			Proverbs 25:6 `om` [dependent_temporal_ciangin; needs_analyzer_review]; Numbers 11:25 `om` [dependent_temporal_ciangin; needs_analyzer_review]	Psalms 85:9 `om` [purpose_nadingin; needs_analyzer_review]; Psalms 68:18 `om` [purpose_nadingin; needs_analyzer_review]	Titus 3:15 `om` [relative_or_attributive_mi; needs_analyzer_review]; Revelation 3:10 `om` [relative_or_attributive_mi; needs_analyzer_review]	Zephaniah 3:6 `om` [negative_clause; needs_analyzer_review]; Zephaniah 3:15 `om` [negative_clause; needs_analyzer_review]	Zephaniah 3:13 `om` [finite_main_or_matrix; needs_analyzer_review]; Zephaniah 3:13 `om` [finite_main_or_matrix; needs_analyzer_review]			Questionnaire uses a same-form mapping, so Bible tokens do not independently prove a distinct written Form II.	form_i_only_attested	questionnaire_pair_bible_one_sided	mention_as_literature_or_questionnaire_only	needs_analyzer_review	mention_as_questionnaire_control	same_written_form_no_overt_alternation	Shared Form I base with om-omh. Questionnaire keeps the same written form in both slots, so this row is treated as Form I only for Bible-attestation purposes. Only one stem side is currently attested cleanly in the Bible corpus.
om-omh	om	omh	exist	+h	no	no	no	yes	yes	no		auxiliary_or_functional_verb	POS profile ADJ:5045, V:1155, N:464; clean verbal exact rows I=2263, II=0. The pair behaves mainly as copular, quotative, existential, or otherwise functional material.	yes	no	5054	0	6674	0	2263	0	Zephaniah 3:13 `om` [finite_main_or_matrix; needs_analyzer_review]; Zephaniah 3:13 `om` [finite_main_or_matrix; needs_analyzer_review]; Zechariah 6:14 `om` [finite_main_or_matrix; needs_analyzer_review]		Zephaniah 3:13 `om` [finite_main_or_matrix; needs_analyzer_review]; Zephaniah 3:13 `om` [finite_main_or_matrix; needs_analyzer_review]; Zechariah 6:14 `om` [finite_main_or_matrix; needs_analyzer_review]		Zephaniah 2:15 `omna` [nominalized_na; needs_analyzer_review]; Zechariah 8:23 `ompihna` [nominalized_na; needs_analyzer_review]	Proverbs 25:6 `om` [dependent_temporal_ciangin; needs_analyzer_review]; Numbers 11:25 `om` [dependent_temporal_ciangin; needs_analyzer_review]	Psalms 85:9 `om` [purpose_nadingin; needs_analyzer_review]; Psalms 68:18 `om` [purpose_nadingin; needs_analyzer_review]	Titus 3:15 `om` [relative_or_attributive_mi; needs_analyzer_review]; Revelation 3:10 `om` [relative_or_attributive_mi; needs_analyzer_review]	Zephaniah 3:6 `om` [negative_clause; needs_analyzer_review]; Zephaniah 3:15 `om` [negative_clause; needs_analyzer_review]	Zephaniah 3:5 `omin` [finite_main_or_matrix; needs_analyzer_review]; Zephaniah 3:17 `ompih` [finite_main_or_matrix; needs_analyzer_review]	Ruth 4:14 `omsak` [causative_or_derivational_sak; exclude_for_now]; Romans 4:17 `omsak` [causative_or_derivational_sak; exclude_for_now]		Blocked noisy material includes omsak, omsakkik, omsakin, ki-omsak.	form_i_only_attested	analyzer_pair_needs_review	discuss_under_lexicalized_or_excluded_forms	needs_analyzer_review	block_from_verb_inventory_pending_review	no_clean_form_ii_verb_example	Only one stem side is currently attested cleanly in the Bible corpus.
pai-pai	pai	pai	go	other / irregular / uncertain	no	yes	yes	no	yes	no	Questionnaire evidence comes from the in-repo Zakaria/VSA materials; no separate Karius/Kariuss/Karias questionnaire file is present. *pai-I/*pai-II -> pai/pai. The questionnaire uses the same written form in both slots. Analyzer inventory also maps the same Form I base to pai-paih. `source_zam_ngaih_cing=yes` means the in-repo literature review aligns this pair directly to Zam Ngaih Cing; it does not claim an exhaustive extracted Stem 1/2 list.	same_form_questionnaire_control	POS profile V:2387; clean verbal exact rows I=2371, II=0. Bible hits confirm the questionnaire control form, but not an overt written alternation.	yes	no	2387	0	2387	0	2371	0	Zephaniah 1:6 `pai` [finite_main_or_matrix; needs_analyzer_review]; Zechariah 9:9 `pai` [finite_main_or_matrix; needs_analyzer_review]; Zechariah 9:9 `pai` [finite_main_or_matrix; needs_analyzer_review]		Zephaniah 1:6 `pai` [finite_main_or_matrix; needs_analyzer_review]; Zechariah 9:9 `pai` [finite_main_or_matrix; needs_analyzer_review]; Zechariah 9:9 `pai` [finite_main_or_matrix; needs_analyzer_review]			Revelation 1:7 `pai` [dependent_temporal_ciangin; needs_analyzer_review]; Psalms 73:17 `pai` [dependent_temporal_ciangin; needs_analyzer_review]	Revelation 13:8 `pai` [purpose_nadingin; needs_analyzer_review]; Psalms 56:13 `pai` [purpose_nadingin; needs_analyzer_review]	Zechariah 14:21 `pai` [relative_or_attributive_mi; needs_analyzer_review]; Psalms 80:12 `pai` [relative_or_attributive_mi; needs_analyzer_review]	Zechariah 14:19 `pai` [negative_clause; needs_analyzer_review]; Zechariah 14:18 `pai` [negative_clause; needs_analyzer_review]	Zephaniah 1:6 `pai` [finite_main_or_matrix; needs_analyzer_review]; Zechariah 9:9 `pai` [finite_main_or_matrix; needs_analyzer_review]			Questionnaire uses a same-form mapping, so Bible tokens do not independently prove a distinct written Form II.	form_i_only_attested	questionnaire_pair_bible_one_sided	mention_as_literature_or_questionnaire_only	needs_analyzer_review	mention_as_questionnaire_control	same_written_form_no_overt_alternation	Shared Form I base with pai-paih. Questionnaire keeps the same written form in both slots, so this row is treated as Form I only for Bible-attestation purposes. Only one stem side is currently attested cleanly in the Bible corpus.
pai-paih	pai	paih	go	+h	no	no	no	yes	yes	no		analyzer_only_uncertain	POS profile V:4842, FUNC:864, N:82; clean verbal exact rows I=2371, II=2. The analyzer proposes the pair, but the Bible evidence still needs philological review.	yes	yes	2387	2	5736	63	2371	2	Zephaniah 1:6 `pai` [finite_main_or_matrix; needs_analyzer_review]; Zechariah 9:9 `pai` [finite_main_or_matrix; needs_analyzer_review]; Zechariah 9:9 `pai` [finite_main_or_matrix; needs_analyzer_review]	Job 9:34 `paih` [finite_main_or_matrix; needs_analyzer_review]; Isaiah 2:19 `paih` [finite_main_or_matrix; needs_analyzer_review]; Psalms 44:17 `paihdak` [finite_main_or_matrix; needs_analyzer_review]	Zephaniah 1:6 `pai` [finite_main_or_matrix; needs_analyzer_review]; Zechariah 9:9 `pai` [finite_main_or_matrix; needs_analyzer_review]; Zechariah 9:9 `pai` [finite_main_or_matrix; needs_analyzer_review]	Job 9:34 `paih` [finite_main_or_matrix; needs_analyzer_review]; Isaiah 2:19 `paih` [finite_main_or_matrix; needs_analyzer_review]	Ruth 3:14 `paina` [nominalized_na; needs_analyzer_review]; Ruth 2:12 `paina` [nominalized_na; needs_analyzer_review]	Revelation 1:7 `pai` [dependent_temporal_ciangin; needs_analyzer_review]; Psalms 73:17 `pai` [dependent_temporal_ciangin; needs_analyzer_review]	Romans 11:22 `paisuak` [purpose_nadingin; needs_analyzer_review]; Revelation 13:8 `pai` [purpose_nadingin; needs_analyzer_review]	Zechariah 14:21 `pai` [relative_or_attributive_mi; needs_analyzer_review]; Psalms 80:12 `pai` [relative_or_attributive_mi; needs_analyzer_review]	Zechariah 14:19 `pai` [negative_clause; needs_analyzer_review]; Zechariah 14:18 `painop` [negative_clause; needs_analyzer_review]	Zephaniah 1:6 `pai` [finite_main_or_matrix; needs_analyzer_review]; Zechariah 9:9 `pai` [finite_main_or_matrix; needs_analyzer_review]	Zephaniah 3:18 `paihkhiatsak` [causative_or_derivational_sak; exclude_for_now]; Zechariah 9:4 `paihsak` [causative_or_derivational_sak; exclude_for_now]		Blocked noisy material includes paisak, paikhiasak, daupaisak, paihkhiatsak.	both_forms_cleanly_attested	likely_pair	discuss_under_nominalization_or_dependent_clauses	needs_analyzer_review	mention_in_inventory_only	needs_manual_philological_review	
pia-piak	pia	piak	give	+k	no	no	yes	yes	yes	yes	Questionnaire evidence comes from the in-repo Zakaria/VSA materials; no separate Karius/Kariuss/Karias questionnaire file is present. *pia-I/*piak-II -> pia/piak. This pair is discussed in current project review materials.	lexical_verb	POS profile V:3351, N:517, FUNC:189; clean verbal exact rows I=2183, II=789. Exact verbal evidence survives after lexical-category filtering.	yes	yes	2189	795	2832	1315	2183	789	Genesis 3:12 `pia` [finite_main_or_matrix; print_usable_with_caveat]; Zephaniah 3:19 `pia` [finite_main_or_matrix; needs_analyzer_review]; Zephaniah 1:9 `pia` [finite_main_or_matrix; needs_analyzer_review]	Genesis 3:12 `piak` [finite_main_or_matrix; print_usable_with_caveat]; Genesis 4:5 `piakna` [nominalized_na; print_usable_with_caveat]; Zechariah 8:15 `piak` [finite_main_or_matrix; needs_analyzer_review]	Genesis 3:12 `pia` [finite_main_or_matrix; print_usable_with_caveat]; Zephaniah 3:19 `pia` [finite_main_or_matrix; needs_analyzer_review]; Zephaniah 1:9 `pia` [finite_main_or_matrix; needs_analyzer_review]	Genesis 3:12 `piak` [finite_main_or_matrix; print_usable_with_caveat]; Zechariah 8:15 `piak` [finite_main_or_matrix; needs_analyzer_review]; Zechariah 6:11 `piak` [finite_main_or_matrix; needs_analyzer_review]	Genesis 4:5 `piakna` [nominalized_na; print_usable_with_caveat]; Zechariah 9:12 `piakna` [nominalized_na; needs_analyzer_review]	Romans 3:5 `piak` [dependent_temporal_ciangin; needs_analyzer_review]; Psalms 53:6 `piakkik` [dependent_temporal_ciangin; needs_analyzer_review]	Zechariah 14:21 `pia` [purpose_nadingin; needs_analyzer_review]; Romans 12:14 `piak` [purpose_nadingin; needs_analyzer_review]	Psalms 49:7 `piazo` [relative_or_attributive_mi; needs_analyzer_review]; Proverbs 19:6 `piak` [relative_or_attributive_mi; needs_analyzer_review]	Zechariah 11:5 `kipia` [negative_clause; needs_analyzer_review]; Romans 4:4 `piakkhongin` [negative_clause; needs_analyzer_review]	Genesis 3:12 `piak` [finite_main_or_matrix; print_usable_with_caveat]; Genesis 3:12 `pia` [finite_main_or_matrix; print_usable_with_caveat]	Psalms 90:2 `kipiansak` [causative_or_derivational_sak; exclude_for_now]; Psalms 35:19 `kipiasak` [causative_or_derivational_sak; exclude_for_now]		Blocked noisy material includes kipiasak, kipiansak, kipialsak.	both_forms_cleanly_attested	established_pair	ordinary_inventory_entry	print_usable_with_caveat	promote_with_caveat	none	
piang-pian	piang	pian	be.born	-ng > -n	no	no	yes	no	yes	yes	Questionnaire evidence comes from the in-repo Zakaria/VSA materials; no separate Karius/Kariuss/Karias questionnaire file is present. *piang-I/*pian-II -> piang/pian. Present in the publication-review packet, but absent from VERB_STEM_PAIRS. This pair is discussed in current project review materials.	lexical_verb	POS profile V:680, N:182, PRON:28; clean verbal exact rows I=315, II=28. Exact verbal evidence survives after lexical-category filtering.	yes	yes	316	54	389	252	315	28	Zephaniah 2:15 `piang` [finite_main_or_matrix; dossier_only]; Zechariah 8:12 `piang` [finite_main_or_matrix; dossier_only]; Zechariah 6:15 `piang` [finite_main_or_matrix; dossier_only]	Zechariah 14:7 `pian` [finite_main_or_matrix; dossier_only]; Matthew 26:54 `pian` [finite_main_or_matrix; dossier_only]; Luke 21:7 `pian` [finite_main_or_matrix; dossier_only]	Zephaniah 2:15 `piang` [finite_main_or_matrix; dossier_only]; Zechariah 8:12 `piang` [finite_main_or_matrix; dossier_only]; Zechariah 6:15 `piang` [finite_main_or_matrix; dossier_only]	Matthew 26:54 `pian` [finite_main_or_matrix; dossier_only]; Luke 21:7 `pian` [finite_main_or_matrix; dossier_only]; Luke 21:28 `pian` [finite_main_or_matrix; dossier_only]	Zechariah 13:3 `pianna` [nominalized_na; dossier_only]; Song of Solomon 8:5 `pianna` [nominalized_na; dossier_only]	Zechariah 2:9 `pian` [dependent_temporal_ciangin; dossier_only]; Matthew 2:17 `pian` [dependent_temporal_ciangin; dossier_only]	Romans 3:8 `pian` [purpose_nadingin; dossier_only]; Romans 3:17 `pian` [purpose_nadingin; dossier_only]	John 3:31 `piang` [relative_or_attributive_mi; dossier_only]	Romans 2:13 `piang` [negative_clause; dossier_only]; Romans 1:20 `pianzia` [negative_clause; dossier_only]	Zephaniah 2:15 `piang` [finite_main_or_matrix; dossier_only]; Zechariah 8:12 `piang` [finite_main_or_matrix; dossier_only]	Romans 1:20 `piansak` [causative_or_derivational_sak; exclude_for_now]; Romans 14:15 `piansak` [causative_or_derivational_sak; exclude_for_now]		`piangsak` and related derived rows must not be counted as clean bare Form II evidence. Blocked noisy material includes piangsak, piansak, piangsakin, kipiansakna.	both_forms_cleanly_attested	likely_pair	discuss_under_nominalization_or_dependent_clauses	dossier_only	promote_with_caveat	needs_manual_philological_review	
pua-puah	pua	puah	bet	+h	no	no	no	yes	yes	no		analyzer_only_uncertain	POS profile V:111, N:6, PROP:4; clean verbal exact rows I=0, II=63. The analyzer proposes the pair, but the Bible evidence still needs philological review.	no	yes	0	67	0	123	0	63		Nehemiah 3:9 `puah` [finite_main_or_matrix; needs_analyzer_review]; Nehemiah 3:8 `puah` [finite_main_or_matrix; needs_analyzer_review]; Nehemiah 3:8 `puah` [finite_main_or_matrix; needs_analyzer_review]		Nehemiah 3:9 `puah` [finite_main_or_matrix; needs_analyzer_review]; Nehemiah 3:8 `puah` [finite_main_or_matrix; needs_analyzer_review]; Nehemiah 3:8 `puah` [finite_main_or_matrix; needs_analyzer_review]	Esther 2:12 `kipuahna` [nominalized_na; needs_analyzer_review]; Acts 24:2 `puahphatna` [nominalized_na; needs_analyzer_review]	Exodus 30:7 `puah` [dependent_temporal_ciangin; needs_analyzer_review]; 2 Kings 12:6 `puah` [clause_linking_kipan; needs_analyzer_review]	Nehemiah 2:5 `puahphatkik` [purpose_nadingin; needs_analyzer_review]; Isaiah 58:12 `puahkik` [purpose_nadingin; needs_analyzer_review]		Leviticus 25:5 `kipuah` [negative_clause; needs_analyzer_review]; 2 Samuel 19:24 `puah` [negative_clause; needs_analyzer_review]	Titus 1:5 `puahphat` [finite_main_or_matrix; needs_analyzer_review]; Nehemiah 3:9 `puah` [finite_main_or_matrix; needs_analyzer_review]	Romans 12:2 `kipuahphasak` [causative_or_derivational_sak; exclude_for_now]; Ezekiel 36:34 `puahsakkik` [causative_or_derivational_sak; exclude_for_now]		Blocked noisy material includes puahsak, puahsakkik, kipuahphasak.	form_ii_only_attested	analyzer_pair_needs_review	omit_pending_evidence	needs_analyzer_review	discuss_as_difficult_case	analyzer_pair_only	Shared Form I base with pua-puak. Only one stem side is currently attested cleanly in the Bible corpus.
pua-puak	pua	puak	spill / carry.on.back	+k	no	no	yes	yes	yes	no	Questionnaire evidence comes from the in-repo Zakaria/VSA materials; no separate Karius/Kariuss/Karias questionnaire file is present. *pua-I/*puak-II -> pua/puak. Analyzer inventory also maps the same Form I base to pua-puah. Questionnaire gloss `carry.on.back` and analyzer gloss `spill` differ.	lexicalized_or_category_mixed	POS profile V:559, FUNC:90, N:24; clean verbal exact rows I=148, II=239. The family mixes lexicalized, derivational, or category-shifting material. Clean exact verbal rows still survive apart from the blocked family material.	yes	yes	151	239	317	357	148	239	Song of Solomon 7:1 `pua` [finite_main_or_matrix; needs_analyzer_review]; Revelation 3:1 `pua` [finite_main_or_matrix; needs_analyzer_review]; Revelation 17:7 `pua` [finite_main_or_matrix; needs_analyzer_review]	Zephaniah 3:10 `puak` [finite_main_or_matrix; needs_analyzer_review]; Zephaniah 1:10 `puak` [finite_main_or_matrix; needs_analyzer_review]; Romans 15:29 `puak` [finite_main_or_matrix; needs_analyzer_review]	Song of Solomon 7:1 `pua` [finite_main_or_matrix; needs_analyzer_review]; Revelation 3:1 `pua` [finite_main_or_matrix; needs_analyzer_review]; Revelation 17:7 `pua` [finite_main_or_matrix; needs_analyzer_review]	Zephaniah 3:10 `puak` [finite_main_or_matrix; needs_analyzer_review]; Zephaniah 1:10 `puak` [finite_main_or_matrix; needs_analyzer_review]; Romans 15:29 `puak` [finite_main_or_matrix; needs_analyzer_review]	Nehemiah 13:15 `puakna` [nominalized_na; needs_analyzer_review]; Jeremiah 1:7 `puakna` [nominalized_na; needs_analyzer_review]	Obadiah 1:11 `puakkhiat` [dependent_temporal_ni_in; needs_analyzer_review]; Numbers 4:24 `puak` [dependent_temporal_ciangin; needs_analyzer_review]	Romans 15:25 `puak` [purpose_nadingin; needs_analyzer_review]; Psalms 38:4 `puak` [purpose_nadingin; needs_analyzer_review]	Psalms 126:6 `pua` [relative_or_attributive_mi; needs_analyzer_review]; Mark 13:6 `pua-in` [possessed_or_genitive_attributive; needs_analyzer_review]	Proverbs 13:1 `pua` [negative_clause; needs_analyzer_review]; Matthew 16:8 `puak` [negative_clause; needs_analyzer_review]	Zephaniah 3:10 `puak` [finite_main_or_matrix; needs_analyzer_review]; Zephaniah 1:10 `puak` [finite_main_or_matrix; needs_analyzer_review]	Psalms 49:11 `puaksak` [causative_or_derivational_sak; exclude_for_now]; Matthew 5:41 `puaksak` [causative_or_derivational_sak; exclude_for_now]		Blocked noisy material includes puasak, puaksak, puasakkik, puazosak. Questionnaire glosses this base as 'carry.on.back', while the analyzer gloss is 'spill'.	both_forms_cleanly_attested	established_pair	discuss_under_nominalization_or_dependent_clauses	needs_analyzer_review	discuss_as_difficult_case	homophone_risk	Shared Form I base with pua-puah.
rin-rin	rin	rin	believe/trust	other / irregular / uncertain	no	no	yes	no	no	no	Questionnaire evidence comes from the in-repo Zakaria/VSA materials; no separate Karius/Kariuss/Karias questionnaire file is present. *rin-I/*rin-II -> rin/rin. The questionnaire uses the same written form in both slots.	same_form_questionnaire_control	POS profile none; clean verbal exact rows I=0, II=0. Bible hits confirm the questionnaire control form, but not an overt written alternation.	no	no	0	0	0	0	0	0													Questionnaire uses a same-form mapping, so Bible tokens do not independently prove a distinct written Form II.	not_attested_in_bible	analyzer_pair_needs_review	mention_as_literature_or_questionnaire_only	needs_analyzer_review	mention_as_questionnaire_control	same_written_form_no_overt_alternation	Questionnaire keeps the same written form in both slots, so this row is treated as Form I only for Bible-attestation purposes.
sak-sak	sak	sak	build/cause	other / irregular / uncertain	no	no	yes	no	yes	no	Questionnaire evidence comes from the in-repo Zakaria/VSA materials; no separate Karius/Kariuss/Karias questionnaire file is present. *sak-I/*sak-II -> sak/sak. The questionnaire uses the same written form in both slots.	same_form_questionnaire_control	POS profile V:219; clean verbal exact rows I=0, II=0. Bible hits confirm the questionnaire control form, but not an overt written alternation.	yes	no	0	0	219	0	0	0	Zechariah 11:13 `sak` [causative_or_derivational_sak; exclude_for_now]; Zechariah 11:12 `sak` [causative_or_derivational_sak; exclude_for_now]; Zechariah 11:12 `sak` [causative_or_derivational_sak; exclude_for_now]										Zechariah 11:13 `sak` [causative_or_derivational_sak; exclude_for_now]; Zechariah 11:12 `sak` [causative_or_derivational_sak; exclude_for_now]		Questionnaire uses a same-form mapping, so Bible tokens do not independently prove a distinct written Form II. Blocked noisy material includes sak.	only_noisy_or_lexicalized_attested	homophone_or_noise_only	mention_as_literature_or_questionnaire_only	needs_analyzer_review	mention_as_questionnaire_control	same_written_form_no_overt_alternation	Questionnaire keeps the same written form in both slots, so this row is treated as Form I only for Bible-attestation purposes. Current Bible evidence is limited to noisy, lexicalized, or heavily derived material.
sawlkhia-sawlkhiat	sawlkhia	sawlkhiat	send.forth	+t	no	no	no	yes	yes	no		lexical_verb	POS profile V:42, FUNC:2; clean verbal exact rows I=36, II=3. Exact verbal evidence survives after lexical-category filtering.	yes	yes	36	3	40	4	36	3	Psalms 43:3 `sawlkhia` [finite_main_or_matrix; needs_analyzer_review]; Matthew 10:16 `sawlkhia` [finite_main_or_matrix; needs_analyzer_review]; Mark 6:7 `sawlkhia` [finite_main_or_matrix; needs_analyzer_review]	Luke 22:35 `sawlkhiat` [finite_main_or_matrix; needs_analyzer_review]; Exodus 12:33 `sawlkhiat` [finite_main_or_matrix; needs_analyzer_review]; 1 Samuel 20:13 `sawlkhiat` [negative_clause; needs_analyzer_review]	Psalms 43:3 `sawlkhia` [finite_main_or_matrix; needs_analyzer_review]; Matthew 10:16 `sawlkhia` [finite_main_or_matrix; needs_analyzer_review]; Mark 6:7 `sawlkhia` [finite_main_or_matrix; needs_analyzer_review]	Luke 22:35 `sawlkhiat` [finite_main_or_matrix; needs_analyzer_review]; Exodus 12:33 `sawlkhiat` [finite_main_or_matrix; needs_analyzer_review]; 1 Samuel 20:13 `sawlkhiat` [negative_clause; needs_analyzer_review]	2 Samuel 13:16 `sawlkhiatna` [nominalized_na; needs_analyzer_review]				Jeremiah 23:21 `sawlkhia` [negative_clause; needs_analyzer_review]; Genesis 31:42 `sawlkhia` [negative_clause; needs_analyzer_review]	Revelation 5:6 `kisawlkhia` [finite_main_or_matrix; needs_analyzer_review]; Psalms 43:3 `sawlkhia` [finite_main_or_matrix; needs_analyzer_review]				both_forms_cleanly_attested	likely_pair	discuss_under_nominalization_or_dependent_clauses	needs_analyzer_review	promote_with_caveat	needs_manual_philological_review	
si-sit	si	sit	die	+t	unverified	no	yes	no	yes	no	Questionnaire evidence comes from the in-repo Zakaria/VSA materials; no separate Karius/Kariuss/Karias questionnaire file is present. *sih-I/*sit-II -> si/sit. Henderson is only indirectly aligned to this pair in current project materials, not through a direct in-repo Tedim pair list.	analyzer_only_uncertain	POS profile V:862; clean verbal exact rows I=836, II=20. The analyzer proposes the pair, but the Bible evidence still needs philological review.	yes	yes	842	20	842	20	836	20	Zephaniah 1:11 `si` [finite_main_or_matrix; needs_analyzer_review]; Zechariah 9:7 `si` [finite_main_or_matrix; needs_analyzer_review]; Zechariah 14:8 `Si` [finite_main_or_matrix; needs_analyzer_review]	Matthew 10:18 `sit` [finite_main_or_matrix; needs_analyzer_review]; Luke 23:14 `sit` [finite_main_or_matrix; needs_analyzer_review]; Luke 19:22 `sit` [finite_main_or_matrix; needs_analyzer_review]	Zephaniah 1:11 `si` [finite_main_or_matrix; needs_analyzer_review]; Zechariah 9:7 `si` [finite_main_or_matrix; needs_analyzer_review]; Zechariah 14:8 `Si` [finite_main_or_matrix; needs_analyzer_review]	Matthew 10:18 `sit` [finite_main_or_matrix; needs_analyzer_review]; Luke 23:14 `sit` [finite_main_or_matrix; needs_analyzer_review]; Luke 19:22 `sit` [finite_main_or_matrix; needs_analyzer_review]			Romans 4:25 `si` [purpose_nadingin; needs_analyzer_review]; Psalms 102:18 `si` [purpose_nadingin; needs_analyzer_review]	Numbers 16:49 `si` [relative_or_attributive_mi; needs_analyzer_review]; Judges 16:30 `si` [relative_or_attributive_mi; needs_analyzer_review]	Romans 7:9 `si` [negative_clause; needs_analyzer_review]; Romans 14:7 `si` [negative_clause; needs_analyzer_review]	Zephaniah 1:11 `si` [finite_main_or_matrix; needs_analyzer_review]; Zechariah 9:7 `si` [finite_main_or_matrix; needs_analyzer_review]				both_forms_cleanly_attested	established_pair	discuss_under_nominalization_or_dependent_clauses	needs_analyzer_review	mention_in_inventory_only	needs_manual_philological_review	
sia-siah	sia	siah	decay	+h	no	no	no	yes	yes	no		lexical_verb	POS profile N:692, V:286, ADJ:220; clean verbal exact rows I=0, II=0.	yes	yes	264	60	1126	167	0	0	Psalms 53:1 `sia` [finite_main_or_matrix; needs_analyzer_review]; Psalms 49:14 `sia` [finite_main_or_matrix; needs_analyzer_review]; Psalms 14:1 `sia` [finite_main_or_matrix; needs_analyzer_review]	Psalms 57:6 `siah` [finite_main_or_matrix; needs_analyzer_review]; Psalms 119:110 `siah` [finite_main_or_matrix; needs_analyzer_review]; Proverbs 1:18 `siah` [finite_main_or_matrix; needs_analyzer_review]			Psalms 9:15 `siahna` [nominalized_na; needs_analyzer_review]; Psalms 31:4 `kisiahna` [nominalized_na; needs_analyzer_review]		Psalms 73:18 `sia` [purpose_nadingin; needs_analyzer_review]; Psalms 62:3 `susia` [purpose_nadingin; needs_analyzer_review]	Romans 2:9 `sia` [possessed_or_genitive_attributive; needs_analyzer_review]; Mark 2:15 `Siahdong` [relative_or_attributive_mi; needs_analyzer_review]	Zechariah 4:5 `“Sia` [negative_clause; needs_analyzer_review]; Zechariah 4:13 `“Sia` [negative_clause; needs_analyzer_review]	Zephaniah 3:6 `susia` [finite_main_or_matrix; needs_analyzer_review]; Zephaniah 3:6 `kisia` [finite_main_or_matrix; needs_analyzer_review]	Ruth 4:6 `siasak` [causative_or_derivational_sak; exclude_for_now]; Revelation 19:2 `siasak` [causative_or_derivational_sak; exclude_for_now]		Blocked noisy material includes siasak, minsiasak, siasakin, siasakte.	both_forms_cleanly_attested	likely_pair	discuss_under_nominalization_or_dependent_clauses	needs_analyzer_review	block_from_verb_inventory_pending_review	no_clean_form_i_verb_example	
sum-sumh	sum	sumh	money	+h	no	no	no	yes	yes	no		noun_or_nominal_compound	POS profile N:460, V:158, FUNC:17; clean verbal exact rows I=0, II=0. Current Bible hits are predominantly nominal, locative, or compound-like rather than verbal.	yes	yes	258	1	641	1	0	0	Matthew 6:19 `sum` [finite_main_or_matrix; needs_analyzer_review]; Luke 16:9 `sum` [finite_main_or_matrix; needs_analyzer_review]; Luke 12:34 `sum` [finite_main_or_matrix; needs_analyzer_review]	Exodus 21:21 `sumh` [unknown_or_needs_review; needs_analyzer_review]			Zechariah 11:13 `sumkoihna` [nominalized_na; needs_analyzer_review]; Zechariah 11:13 `sumkoihna` [nominalized_na; needs_analyzer_review]		Ezekiel 22:27 `Sum` [purpose_nadingin; needs_analyzer_review]; Ecclesiastes 11:1 `Sumbawl` [purpose_nadingin; needs_analyzer_review]	Nahum 3:16 `sumbawl` [possessed_or_genitive_attributive; needs_analyzer_review]	Song of Solomon 8:7 `kisumit` [negative_clause; needs_analyzer_review]; Proverbs 30:16 `kisumit` [negative_clause; needs_analyzer_review]	Zechariah 6:1 `Sumngo` [finite_main_or_matrix; needs_analyzer_review]; Revelation 9:20 `sumngo` [finite_main_or_matrix; needs_analyzer_review]				both_forms_cleanly_attested	likely_pair	discuss_under_lexicalized_or_excluded_forms	needs_analyzer_review	block_from_verb_inventory_pending_review	nominal_or_compound_examples_only	
tan-tanh	tan	tanh	spread	+h	no	no	no	yes	yes	no		lexical_verb	POS profile N:120, V:87, PRON:18; clean verbal exact rows I=0, II=0.	yes	yes	37	71	151	84	0	0	Matthew 6:17 `tan` [finite_main_or_matrix; needs_analyzer_review]; Matthew 6:16 `tan` [finite_main_or_matrix; needs_analyzer_review]; Joel 1:14 `tan` [finite_main_or_matrix; needs_analyzer_review]	Song of Solomon 8:12 `tanh` [finite_main_or_matrix; needs_analyzer_review]; Ruth 4:4 `tanh` [finite_main_or_matrix; needs_analyzer_review]; Numbers 18:8 `tanh` [finite_main_or_matrix; needs_analyzer_review]			Zechariah 8:19 `antannate` [nominalized_na; needs_analyzer_review]; Joel 2:15 `tanna` [nominalized_na; needs_analyzer_review]		Psalms 83:8 `tan` [purpose_nadingin; needs_analyzer_review]; Leviticus 6:17 `tanh` [purpose_nadingin; needs_analyzer_review]	Revelation 14:3 `kitankhiasa` [relative_or_attributive_mi; needs_analyzer_review]	Ruth 4:6 `tanh` [negative_clause; needs_analyzer_review]; Ruth 4:6 `tanh` [negative_clause; needs_analyzer_review]	Song of Solomon 8:12 `tanh` [finite_main_or_matrix; needs_analyzer_review]; Ruth 4:4 `tanh` [finite_main_or_matrix; needs_analyzer_review]	Psalms 29:5 `kitansak` [causative_or_derivational_sak; exclude_for_now]; Psalms 105:33 `vattansak` [causative_or_derivational_sak; exclude_for_now]		Blocked noisy material includes suktansak, ngaptansak, kitansak, tansak.	both_forms_cleanly_attested	likely_pair	discuss_under_nominalization_or_dependent_clauses	needs_analyzer_review	block_from_verb_inventory_pending_review	no_clean_form_i_verb_example	
thei-theih	thei	theih	know	+h	yes	no	yes	yes	yes	yes	Questionnaire evidence comes from the in-repo Zakaria/VSA materials; no separate Karius/Kariuss/Karias questionnaire file is present. *theih-I/*thei-II -> thei/theih. `source_henderson=yes` means the in-repo literature review aligns this pair directly to Henderson; it does not claim an exhaustive extracted Henderson pair list. This pair is discussed in current project review materials.	lexical_verb	POS profile ADJ:2529, V:2467, N:171; clean verbal exact rows I=1923, II=1364. Exact verbal evidence survives after lexical-category filtering.	yes	yes	2542	1364	3075	2179	1923	1364	Zechariah 14:7 `thei` [finite_main_or_matrix; dossier_only]; Ruth 3:11 `thei` [finite_main_or_matrix; dossier_only]; Romans 8:38 `thei` [finite_main_or_matrix; dossier_only]	Zechariah 6:13 `theih` [finite_main_or_matrix; dossier_only]; Titus 3:13 `theih` [finite_main_or_matrix; dossier_only]; Titus 2:8 `theih` [finite_main_or_matrix; dossier_only]	Zechariah 14:7 `thei` [finite_main_or_matrix; dossier_only]; Ruth 3:11 `thei` [finite_main_or_matrix; dossier_only]; Romans 8:38 `thei` [finite_main_or_matrix; dossier_only]	Zechariah 6:13 `theih` [finite_main_or_matrix; dossier_only]; Titus 3:13 `theih` [finite_main_or_matrix; dossier_only]; Titus 2:8 `theih` [finite_main_or_matrix; dossier_only]	Zechariah 13:4 `theihna` [nominalized_na; dossier_only]; Ruth 4:6 `tattheihna` [nominalized_na; dossier_only]	Romans 7:9 `theih` [dependent_temporal_ciangin; dossier_only]; Revelation 12:13 `kitheih` [dependent_temporal_ciangin; dossier_only]	Zechariah 2:2 `theih` [purpose_nadingin; dossier_only]; Zechariah 11:1 `kattheih` [purpose_nadingin; dossier_only]	Titus 2:5 `thei` [relative_or_attributive_mi; dossier_only]; Titus 2:2 `thei` [relative_or_attributive_mi; dossier_only]	Zephaniah 2:1 `thei` [negative_clause; dossier_only]; Zechariah 8:6 `thei` [negative_clause; dossier_only]	Zechariah 7:14 `theihngei` [finite_main_or_matrix; dossier_only]; Zechariah 6:13 `theih` [finite_main_or_matrix; dossier_only]	Zephaniah 2:8 `kisaktheih` [causative_or_derivational_sak; exclude_for_now]; Zephaniah 2:15 `kisaktheihpih` [causative_or_derivational_sak; exclude_for_now]		Blocked noisy material includes theisak, kisaktheihpih, kitheisak, kisaktheih.	both_forms_cleanly_attested	established_pair	discuss_under_modal_or_constructional_complexity	dossier_only	promote_with_caveat	needs_manual_philological_review	
thu-thuh	thu	thuh	word	+h	no	no	no	yes	yes	no		noun_or_nominal_compound	POS profile N:9788, FUNC:411, V:403; clean verbal exact rows I=0, II=0. Current Bible hits are predominantly nominal, locative, or compound-like rather than verbal.	yes	yes	5744	1	10597	16	0	0	Titus 3:9 `thu` [finite_main_or_matrix; needs_analyzer_review]; Romans 1:8 `thu` [finite_main_or_matrix; needs_analyzer_review]; Psalms 74:9 `thu` [finite_main_or_matrix; needs_analyzer_review]	Esther 8:8 `thuh` [imperative_or_directive; needs_analyzer_review]; Galatians 3:15 `thuhkhit` [finite_main_or_matrix; needs_analyzer_review]; Esther 8:8 `kithuh` [finite_main_or_matrix; needs_analyzer_review]			Zephaniah 3:7 `thuhilhna` [nominalized_na; needs_analyzer_review]; Zephaniah 3:2 `thuhilhna` [nominalized_na; needs_analyzer_review]		Zephaniah 1:6 `thudong` [purpose_nadingin; needs_analyzer_review]; Psalms 9:7 `thukhen` [purpose_nadingin; needs_analyzer_review]	Zechariah 5:3 `thuciam` [relative_or_attributive_mi; needs_analyzer_review]; Titus 1:8 `thutang` [relative_or_attributive_mi; needs_analyzer_review]	Zechariah 8:6 `thu` [negative_clause; needs_analyzer_review]; Zechariah 8:18 `thu` [negative_clause; needs_analyzer_review]	Zephaniah 1:5 `thuman` [finite_main_or_matrix; needs_analyzer_review]; Zephaniah 1:18 `thu-in` [finite_main_or_matrix; needs_analyzer_review]	Judges 11:36 `thuksak` [causative_or_derivational_sak; exclude_for_now]; Jeremiah 51:36 `thuksak` [causative_or_derivational_sak; exclude_for_now]		Blocked noisy material includes thuksak, thumangsak.	both_forms_cleanly_attested	likely_pair	discuss_under_lexicalized_or_excluded_forms	needs_analyzer_review	block_from_verb_inventory_pending_review	nominal_or_compound_examples_only	
tom-tom	tom	tom	meet	other / irregular / uncertain	no	no	yes	no	yes	no	Questionnaire evidence comes from the in-repo Zakaria/VSA materials; no separate Karius/Kariuss/Karias questionnaire file is present. *tom-I/*tom-II -> tom/tom. The questionnaire uses the same written form in both slots.	same_form_questionnaire_control	POS profile N:18; clean verbal exact rows I=0, II=0. Bible hits confirm the questionnaire control form, but not an overt written alternation.	yes	no	18	0	18	0	0	0	Psalms 104:17 `tom` [finite_main_or_matrix; needs_analyzer_review]; Ezekiel 31:6 `tom` [finite_main_or_matrix; needs_analyzer_review]; 1 Kings 17:10 `tom` [finite_main_or_matrix; needs_analyzer_review]							Numbers 15:32 `tom` [relative_or_attributive_mi; needs_analyzer_review]		Psalms 104:17 `tom` [finite_main_or_matrix; needs_analyzer_review]; Ezekiel 31:6 `tom` [finite_main_or_matrix; needs_analyzer_review]			Questionnaire uses a same-form mapping, so Bible tokens do not independently prove a distinct written Form II.	form_i_only_attested	questionnaire_pair_bible_one_sided	mention_as_literature_or_questionnaire_only	needs_analyzer_review	mention_as_questionnaire_control	same_written_form_no_overt_alternation	Questionnaire keeps the same written form in both slots, so this row is treated as Form I only for Bible-attestation purposes. Only one stem side is currently attested cleanly in the Bible corpus.
tu-tuh	tu	tuh	sit	+h	no	no	no	yes	yes	no		lexical_verb	POS profile FUNC:1250, CONJ:375, N:313; clean verbal exact rows I=0, II=29. Exact verbal evidence survives after lexical-category filtering.	yes	yes	391	29	1987	61	0	29	Zechariah 5:7 `tu` [finite_main_or_matrix; needs_analyzer_review]; Revelation 8:10 `tu` [finite_main_or_matrix; needs_analyzer_review]; Revelation 4:4 `tu` [finite_main_or_matrix; needs_analyzer_review]	Psalms 126:6 `tuh` [finite_main_or_matrix; needs_analyzer_review]; Micah 6:15 `tuh` [finite_main_or_matrix; needs_analyzer_review]; Matthew 8:33 `tuh` [finite_main_or_matrix; needs_analyzer_review]		Psalms 126:6 `tuh` [finite_main_or_matrix; needs_analyzer_review]; Micah 6:15 `tuh` [finite_main_or_matrix; needs_analyzer_review]; Matthew 8:33 `tuh` [finite_main_or_matrix; needs_analyzer_review]	Isaiah 28:24 `tuhna` [nominalized_na; needs_analyzer_review]; Hebrews 6:16 `kituhnate-ah` [nominalized_na; needs_analyzer_review]	Romans 3:26 `tuhun` [dependent_temporal_ciangin; needs_analyzer_review]; Revelation 4:1 `Tunung` [dependent_temporal_ciangin; needs_analyzer_review]	Zechariah 8:4 `tu` [purpose_nadingin; needs_analyzer_review]; Psalms 12:5 `tu-in` [purpose_nadingin; needs_analyzer_review]	Revelation 20:4 `tu` [relative_or_attributive_mi; needs_analyzer_review]; Nehemiah 5:1 `Tu-in` [relative_or_attributive_mi; needs_analyzer_review]	Zechariah 5:5 `“Tu-a` [negative_clause; needs_analyzer_review]; Zechariah 1:3 `tu-in` [negative_clause; needs_analyzer_review]	Zechariah 9:12 `tuni-in` [finite_main_or_matrix; needs_analyzer_review]; Zechariah 8:15 `tu-in` [finite_main_or_matrix; needs_analyzer_review]	Psalms 2:6 `tusak` [causative_or_derivational_sak; exclude_for_now]; Psalms 143:3 `tusak` [causative_or_derivational_sak; exclude_for_now]		Blocked noisy material includes tusak, tusakin, tusakzaw.	both_forms_cleanly_attested	likely_pair	discuss_under_nominalization_or_dependent_clauses	needs_analyzer_review	mention_in_inventory_only	no_clean_form_i_verb_example	
tua-tuah	tua	tuah	do	+h	no	no	no	yes	yes	no		analyzer_only_uncertain	POS profile V:126, N:38, FUNC:5; clean verbal exact rows I=0, II=46. The analyzer proposes the pair, but the Bible evidence still needs philological review.	no	yes	0	47	0	170	0	46		Psalms 124:1 `tuah` [finite_main_or_matrix; needs_analyzer_review]; Proverbs 1:27 `tuah` [finite_main_or_matrix; needs_analyzer_review]; Proverbs 1:26 `tuah` [finite_main_or_matrix; needs_analyzer_review]		Psalms 124:1 `tuah` [finite_main_or_matrix; needs_analyzer_review]; Proverbs 1:27 `tuah` [finite_main_or_matrix; needs_analyzer_review]; Proverbs 1:26 `tuah` [finite_main_or_matrix; needs_analyzer_review]	Zechariah 9:1 `gimtuahna` [nominalized_na; needs_analyzer_review]; Proverbs 24:16 `tuahsiatna` [nominalized_na; needs_analyzer_review]	Proverbs 24:10 `tuah` [dependent_temporal_ciangin; needs_analyzer_review]; Obadiah 1:13 `tuah` [dependent_temporal_ni_in; needs_analyzer_review]	Revelation 21:2 `kituah` [purpose_nadingin; needs_analyzer_review]; Ezra 9:13 `tuah` [purpose_nadingin; needs_analyzer_review]	Psalms 10:14 `tuahsia` [relative_or_attributive_mi; needs_analyzer_review]; Psalms 10:10 `tuahsia` [possessed_or_genitive_attributive; needs_analyzer_review]	Romans 14:1 `kituah` [negative_clause; needs_analyzer_review]; Proverbs 21:30 `kituah` [negative_clause; needs_analyzer_review]	Zephaniah 1:15 `tuahsia-in` [finite_main_or_matrix; needs_analyzer_review]; Romans 6:21 `tuahun` [finite_main_or_matrix; needs_analyzer_review]	Jeremiah 17:3 `tuahmangsak` [causative_or_derivational_sak; exclude_for_now]; Jeremiah 15:13 `tuahsakmang` [causative_or_derivational_sak; exclude_for_now]		Blocked noisy material includes tuahsakmang, tuahmangsak.	form_ii_only_attested	analyzer_pair_needs_review	omit_pending_evidence	needs_analyzer_review	discuss_as_difficult_case	category_mismatch	Shared Form I base with tua-tuak. Only one stem side is currently attested cleanly in the Bible corpus.
tua-tuak	tua	tuak	meet	+k	no	no	no	yes	yes	no		analyzer_only_uncertain	POS profile DET:12940, N:450, V:96; clean verbal exact rows I=0, II=0. The analyzer proposes the pair, but the Bible evidence still needs philological review.	yes	yes	12659	100	13274	248	0	0	Zechariah 11:7 `Tua` [finite_main_or_matrix; needs_analyzer_review]; Romans 5:18 `Tua` [finite_main_or_matrix; needs_analyzer_review]; Romans 4:17 `Tua` [finite_main_or_matrix; needs_analyzer_review]	Zechariah 9:1 `tuak` [finite_main_or_matrix; needs_analyzer_review]; Proverbs 28:14 `tuak` [finite_main_or_matrix; needs_analyzer_review]; Proverbs 22:8 `tuak` [finite_main_or_matrix; needs_analyzer_review]				Zephaniah 3:9 `“Tua` [dependent_temporal_ciangin; needs_analyzer_review]; Zephaniah 2:11 `Tua` [dependent_temporal_ciangin; needs_analyzer_review]	Numbers 3:47 `tuate` [purpose_nadingin; needs_analyzer_review]; Ezra 2:69 `tua` [purpose_nadingin; needs_analyzer_review]	Romans 5:15 `Tua` [relative_or_attributive_mi; needs_analyzer_review]; Proverbs 18:18 `tuak` [relative_or_attributive_mi; needs_analyzer_review]	Zechariah 14:18 `tua` [negative_clause; needs_analyzer_review]; Zechariah 14:11 `tuakkha` [negative_clause; needs_analyzer_review]	Zechariah 9:1 `tuak` [finite_main_or_matrix; needs_analyzer_review]; Zechariah 6:13 `kithutuakin` [finite_main_or_matrix; needs_analyzer_review]	Psalms 71:20 `tuaksak` [causative_or_derivational_sak; exclude_for_now]; Proverbs 3:26 `tuaksak` [causative_or_derivational_sak; exclude_for_now]		Blocked noisy material includes tuaksak.	both_forms_cleanly_attested	likely_pair	discuss_under_nominalization_or_dependent_clauses	needs_analyzer_review	discuss_as_difficult_case	category_mismatch	Shared Form I base with tua-tuah.
tuahpha-tuahphat	tuahpha	tuahphat	quickly	+t	no	no	no	yes	yes	no		lexical_verb	POS profile V:3, N:1; clean verbal exact rows I=2, II=0. Exact verbal evidence survives after lexical-category filtering.	yes	yes	2	1	3	1	2	0	Song of Solomon 1:4 `tuahpha` [finite_main_or_matrix; needs_analyzer_review]; Proverbs 13:21 `tuahpha` [finite_main_or_matrix; needs_analyzer_review]; Genesis 27:20 `tuahphasak` [causative_or_derivational_sak; exclude_for_now]	Proverbs 11:10 `tuahphat` [dependent_temporal_ciangin; needs_analyzer_review]	Song of Solomon 1:4 `tuahpha` [finite_main_or_matrix; needs_analyzer_review]; Proverbs 13:21 `tuahpha` [finite_main_or_matrix; needs_analyzer_review]			Proverbs 11:10 `tuahphat` [dependent_temporal_ciangin; needs_analyzer_review]				Song of Solomon 1:4 `tuahpha` [finite_main_or_matrix; needs_analyzer_review]; Proverbs 13:21 `tuahpha` [finite_main_or_matrix; needs_analyzer_review]	Genesis 27:20 `tuahphasak` [causative_or_derivational_sak; exclude_for_now]		Blocked noisy material includes tuahphasak.	both_forms_cleanly_attested	likely_pair	discuss_under_nominalization_or_dependent_clauses	needs_analyzer_review	mention_in_inventory_only	no_clean_form_ii_verb_example	
uk-uk	uk	uk	rule	other / irregular / uncertain	no	no	yes	no	yes	no	Questionnaire evidence comes from the in-repo Zakaria/VSA materials; no separate Karius/Kariuss/Karias questionnaire file is present. *uk-I/*uk-II -> uk/uk. The questionnaire uses the same written form in both slots.	same_form_questionnaire_control	POS profile V:694; clean verbal exact rows I=691, II=0. Bible hits confirm the questionnaire control form, but not an overt written alternation.	yes	no	694	0	694	0	691	0	Zechariah 9:10 `uk` [finite_main_or_matrix; needs_analyzer_review]; Zechariah 7:1 `uk` [finite_main_or_matrix; needs_analyzer_review]; Zechariah 6:13 `uk` [finite_main_or_matrix; needs_analyzer_review]		Zechariah 9:10 `uk` [finite_main_or_matrix; needs_analyzer_review]; Zechariah 7:1 `uk` [finite_main_or_matrix; needs_analyzer_review]; Zechariah 6:13 `uk` [finite_main_or_matrix; needs_analyzer_review]			Proverbs 29:2 `uk` [dependent_temporal_ciangin; needs_analyzer_review]; Proverbs 29:2 `uk` [dependent_temporal_ciangin; needs_analyzer_review]	Romans 15:12 `uk` [purpose_nadingin; needs_analyzer_review]; Revelation 17:12 `uk` [purpose_nadingin; needs_analyzer_review]	Psalms 114:2 `uk` [possessed_or_genitive_attributive; needs_analyzer_review]; Joshua 13:3 `uk` [relative_or_attributive_mi; needs_analyzer_review]	Psalms 125:3 `uk` [negative_clause; needs_analyzer_review]; Leviticus 25:53 `uk` [negative_clause; needs_analyzer_review]	Zechariah 9:10 `uk` [finite_main_or_matrix; needs_analyzer_review]; Zechariah 7:1 `uk` [finite_main_or_matrix; needs_analyzer_review]			Questionnaire uses a same-form mapping, so Bible tokens do not independently prove a distinct written Form II.	form_i_only_attested	questionnaire_pair_bible_one_sided	mention_as_literature_or_questionnaire_only	needs_analyzer_review	mention_as_questionnaire_control	same_written_form_no_overt_alternation	Questionnaire keeps the same written form in both slots, so this row is treated as Form I only for Bible-attestation purposes. Only one stem side is currently attested cleanly in the Bible corpus.
vial-vialh	vial	vialh	encircle	+h	no	no	no	yes	yes	no		lexical_verb	POS profile N:15, V:13; clean verbal exact rows I=10, II=0. Exact verbal evidence survives after lexical-category filtering.	yes	yes	10	1	27	1	10	0	Psalms 41:9 `vial` [finite_main_or_matrix; needs_analyzer_review]; Job 30:10 `vial` [finite_main_or_matrix; needs_analyzer_review]; Daniel 4:23 `vial` [finite_main_or_matrix; needs_analyzer_review]	Psalms 119:61 `vialh` [negative_clause; needs_analyzer_review]	Psalms 41:9 `vial` [finite_main_or_matrix; needs_analyzer_review]; Job 30:10 `vial` [finite_main_or_matrix; needs_analyzer_review]; Daniel 4:23 `vial` [finite_main_or_matrix; needs_analyzer_review]		Psalms 137:7 `vialna` [nominalized_na; needs_analyzer_review]				Psalms 119:61 `vialh` [negative_clause; needs_analyzer_review]	Psalms 41:9 `vial` [finite_main_or_matrix; needs_analyzer_review]; Jonah 2:5 `vialcip` [finite_main_or_matrix; needs_analyzer_review]				both_forms_cleanly_attested	likely_pair	discuss_under_nominalization_or_dependent_clauses	needs_analyzer_review	mention_in_inventory_only	no_clean_form_ii_verb_example	
za-zak	za	zak	hear	+k	no	no	yes	yes	yes	yes	Questionnaire evidence comes from the in-repo Zakaria/VSA materials; no separate Karius/Kariuss/Karias questionnaire file is present. *zaa-I/*zak-II -> za/zak. This pair is discussed in current project review materials.	lexical_verb	POS profile NUM:656, V:565, N:285; clean verbal exact rows I=1, II=338. Exact verbal evidence survives after lexical-category filtering.	yes	yes	657	338	1140	491	1	338	Genesis 3:8 `za` [finite_main_or_matrix; print_usable_with_caveat]; Zephaniah 1:10 `za` [finite_main_or_matrix; needs_analyzer_review]; Zephaniah 1:10 `za` [finite_main_or_matrix; needs_analyzer_review]	Genesis 24:52 `zak` [dependent_temporal_ciangin; print_usable_with_caveat]; Zephaniah 1:11 `zak` [finite_main_or_matrix; needs_analyzer_review]; Revelation 3:6 `zak` [finite_main_or_matrix; needs_analyzer_review]	2 Samuel 20:16 `“Za` [imperative_or_directive; needs_analyzer_review]	Genesis 24:52 `zak` [dependent_temporal_ciangin; print_usable_with_caveat]; Zephaniah 1:11 `zak` [finite_main_or_matrix; needs_analyzer_review]; Revelation 3:6 `zak` [finite_main_or_matrix; needs_analyzer_review]	Romans 2:13 `zakna` [nominalized_na; needs_analyzer_review]; Romans 10:17 `zakna` [nominalized_na; needs_analyzer_review]	Genesis 24:52 `zak` [dependent_temporal_ciangin; print_usable_with_caveat]; Psalms 78:59 `zak` [dependent_temporal_ciangin; needs_analyzer_review]	Psalms 77:1 `zaktheih` [purpose_nadingin; needs_analyzer_review]; Philippians 1:27 `zak` [purpose_nadingin; needs_analyzer_review]	Romans 10:16 `za` [relative_or_attributive_mi; needs_analyzer_review]; Revelation 22:18 `za` [relative_or_attributive_mi; needs_analyzer_review]	Romans 11:8 `za` [negative_clause; needs_analyzer_review]; Romans 10:18 `za` [negative_clause; needs_analyzer_review]	Genesis 3:8 `za` [finite_main_or_matrix; print_usable_with_caveat]; Zephaniah 1:11 `zak` [finite_main_or_matrix; needs_analyzer_review]	Zechariah 1:11 `zasak` [causative_or_derivational_sak; exclude_for_now]; Song of Solomon 2:14 `zasak` [causative_or_derivational_sak; exclude_for_now]		Blocked noisy material includes zasak, kizasak, zaksakna, zasakkik.	both_forms_cleanly_attested	established_pair	ordinary_inventory_entry	print_usable_with_caveat	promote_with_caveat	none	
zawh-zawh	zawh	zawh	finish	other / irregular / uncertain	no	no	yes	no	yes	no	Questionnaire evidence comes from the in-repo Zakaria/VSA materials; no separate Karius/Kariuss/Karias questionnaire file is present. *zawh-I/*zawh-II -> zawh/zawh. The questionnaire uses the same written form in both slots.	same_form_questionnaire_control	POS profile V:175; clean verbal exact rows I=175, II=0. Bible hits confirm the questionnaire control form, but not an overt written alternation.	yes	no	175	0	175	0	175	0	Zechariah 5:11 `zawh` [finite_main_or_matrix; needs_analyzer_review]; Romans 9:31 `zawh` [finite_main_or_matrix; needs_analyzer_review]; Romans 4:10 `zawh` [finite_main_or_matrix; needs_analyzer_review]		Zechariah 5:11 `zawh` [finite_main_or_matrix; needs_analyzer_review]; Romans 9:31 `zawh` [finite_main_or_matrix; needs_analyzer_review]; Romans 4:10 `zawh` [finite_main_or_matrix; needs_analyzer_review]			Psalms 65:3 `zawh` [dependent_temporal_ciangin; needs_analyzer_review]	Proverbs 2:2 `zawh` [purpose_nadingin; needs_analyzer_review]; Nahum 3:13 `zawh` [purpose_nadingin; needs_analyzer_review]		Romans 8:3 `zawh` [negative_clause; needs_analyzer_review]; Revelation 7:9 `zawh` [negative_clause; needs_analyzer_review]	Zechariah 5:11 `zawh` [finite_main_or_matrix; needs_analyzer_review]; Romans 9:31 `zawh` [finite_main_or_matrix; needs_analyzer_review]			Questionnaire uses a same-form mapping, so Bible tokens do not independently prove a distinct written Form II.	form_i_only_attested	questionnaire_pair_bible_one_sided	mention_as_literature_or_questionnaire_only	needs_analyzer_review	mention_as_questionnaire_control	same_written_form_no_overt_alternation	Questionnaire keeps the same written form in both slots, so this row is treated as Form I only for Bible-attestation purposes. Only one stem side is currently attested cleanly in the Bible corpus.
zui-zui	zui	zui	follow	other / irregular / uncertain	no	no	yes	no	yes	no	Questionnaire evidence comes from the in-repo Zakaria/VSA materials; no separate Karius/Kariuss/Karias questionnaire file is present. *zui-I/*zui-II -> zui/zui. The questionnaire uses the same written form in both slots. Analyzer inventory also maps the same Form I base to zui-zuih.	same_form_questionnaire_control	POS profile V:498; clean verbal exact rows I=486, II=0. Bible hits confirm the questionnaire control form, but not an overt written alternation.	yes	no	498	0	498	0	486	0	Zechariah 8:8 `zui` [finite_main_or_matrix; needs_analyzer_review]; Ruth 1:11 `zui` [finite_main_or_matrix; needs_analyzer_review]; Romans 7:25 `zui` [finite_main_or_matrix; needs_analyzer_review]		Zechariah 8:8 `zui` [finite_main_or_matrix; needs_analyzer_review]; Ruth 1:11 `zui` [finite_main_or_matrix; needs_analyzer_review]; Romans 7:25 `zui` [finite_main_or_matrix; needs_analyzer_review]				Psalms 119:106 `zui` [purpose_nadingin; needs_analyzer_review]; Judges 6:35 `zui` [purpose_nadingin; needs_analyzer_review]	Revelation 2:23 `zui` [relative_or_attributive_mi; needs_analyzer_review]; Psalms 128:1 `zui` [relative_or_attributive_mi; needs_analyzer_review]	Zephaniah 1:6 `zui` [negative_clause; needs_analyzer_review]; Song of Solomon 4:8 `zui` [negative_clause; needs_analyzer_review]	Zechariah 8:8 `zui` [finite_main_or_matrix; needs_analyzer_review]; Ruth 1:11 `zui` [finite_main_or_matrix; needs_analyzer_review]			Questionnaire uses a same-form mapping, so Bible tokens do not independently prove a distinct written Form II.	form_i_only_attested	questionnaire_pair_bible_one_sided	mention_as_literature_or_questionnaire_only	needs_analyzer_review	mention_as_questionnaire_control	same_written_form_no_overt_alternation	Shared Form I base with zui-zuih. Questionnaire keeps the same written form in both slots, so this row is treated as Form I only for Bible-attestation purposes. Only one stem side is currently attested cleanly in the Bible corpus.
zui-zuih	zui	zuih	follow	+h	no	no	no	yes	yes	no		lexical_verb	POS profile V:1084, FUNC:151, N:52; clean verbal exact rows I=486, II=169. Exact verbal evidence survives after lexical-category filtering.	yes	yes	498	169	1004	283	486	169	Zechariah 8:8 `zui` [finite_main_or_matrix; needs_analyzer_review]; Ruth 1:11 `zui` [finite_main_or_matrix; needs_analyzer_review]; Romans 7:25 `zui` [finite_main_or_matrix; needs_analyzer_review]	Zechariah 6:15 `zuih` [finite_main_or_matrix; needs_analyzer_review]; Ruth 3:10 `zuih` [finite_main_or_matrix; needs_analyzer_review]; Ruth 1:18 `zuih` [finite_main_or_matrix; needs_analyzer_review]	Zechariah 8:8 `zui` [finite_main_or_matrix; needs_analyzer_review]; Ruth 1:11 `zui` [finite_main_or_matrix; needs_analyzer_review]; Romans 7:25 `zui` [finite_main_or_matrix; needs_analyzer_review]	Zechariah 6:15 `zuih` [finite_main_or_matrix; needs_analyzer_review]; Ruth 3:10 `zuih` [finite_main_or_matrix; needs_analyzer_review]; Ruth 1:18 `zuih` [finite_main_or_matrix; needs_analyzer_review]	Ruth 1:16 `zuihna` [nominalized_na; needs_analyzer_review]; Romans 9:31 `zuihna` [nominalized_na; needs_analyzer_review]	James 2:24 `kizuih` [dependent_temporal_ciangin; needs_analyzer_review]	Romans 16:26 `zuihtheih` [purpose_nadingin; needs_analyzer_review]; Psalms 86:11 `zuih` [purpose_nadingin; needs_analyzer_review]	Revelation 2:23 `zui` [relative_or_attributive_mi; needs_analyzer_review]; Psalms 128:1 `zui` [relative_or_attributive_mi; needs_analyzer_review]	Zephaniah 1:6 `zui` [negative_clause; needs_analyzer_review]; Song of Solomon 4:8 `zui` [negative_clause; needs_analyzer_review]	Zechariah 8:8 `zui` [finite_main_or_matrix; needs_analyzer_review]; Zechariah 6:15 `zuih` [finite_main_or_matrix; needs_analyzer_review]	Genesis 43:5 `zuihsak` [causative_or_derivational_sak; exclude_for_now]		Blocked noisy material includes zuihsak.	both_forms_cleanly_attested	likely_pair	discuss_under_nominalization_or_dependent_clauses	needs_analyzer_review	promote_with_caveat	needs_manual_philological_review	
