lexeme_id	form_i	form_ii	gloss	grammar_status	discussion_order	form_i_attestation_summary	form_ii_attestation_summary	main_contexts_for_form_i	main_contexts_for_form_ii	best_citation_rows	contexts_to_discuss	main_generalization_for_this_pair	caveats	blocked_or_noisy_material	recommended_prose_treatment	include_in_main_table	include_in_pair_by_pair_discussion	notes
mu-muh	mu	muh	see	core_showcase_pair	10	946 clean verbal exact Bible rows survive after filtering. Main contexts: finite_main_or_matrix:1008; negative_clause:246; imperative_or_directive:27. Best examples: Genesis 1:4 `mu` [finite_main_or_matrix; print_ready]; Zechariah 9:8 `mu` [finite_main_or_matrix; needs_analyzer_review]; Zechariah 6:1 `mu` [finite_main_or_matrix; needs_analyzer_review].	489 clean verbal exact Bible rows survive after filtering. Main contexts: finite_main_or_matrix:406; nominalized_na:295; dependent_temporal_ciangin:173. Best examples: Genesis 19:1 `muh` [dependent_temporal_ciangin; print_usable_with_caveat]; Zechariah 4:10 `muh` [finite_main_or_matrix; needs_analyzer_review]; Zechariah 2:8 `muh` [finite_main_or_matrix; needs_analyzer_review].	finite_main_or_matrix:1008; negative_clause:246; imperative_or_directive:27	finite_main_or_matrix:406; nominalized_na:295; dependent_temporal_ciangin:173	Genesis 1:4 form_i `mu` [print_ready; use_as_main_example]; Genesis 19:1 form_ii `muh` [print_usable_with_caveat; use_as_main_example]	finite_main_or_matrix; dependent_temporal_ciangin; negative_clause; imperative_or_directive; nominalized_na	Stable paired finite and derived evidence still makes this the clearest Tedim showcase pair.	Form II illustration is strongest in a dependent clause rather than as a plain finite contrast.	Blocked noisy material includes muhsak, musakkik, ihmusak, muatsak.	Use in the main Form I / Form II table and in the first pair-by-pair subsection.	yes	yes	Shared Form I base with mu-muk. Questionnaire evidence comes from the in-repo Zakaria/VSA materials; no separate Karius/Kariuss/Karias questionnaire file is present. *muu-I/*muk-II -> mu/muh. Analyzer inventory also maps the same Form I base to mu-muk. `source_henderson=yes` means the in-repo literature review aligns this pair directly to Henderson; it does not claim an exhaustive extracted Henderson pair list. `source_zam_ngaih_cing=yes` means the in-repo literature review aligns this pair directly to Zam Ngaih Cing; it does not claim an exhaustive extracted Stem 1/2 list. This pair is discussed in current project review materials.
ne-nek	ne	nek	eat	core_showcase_pair	20	549 clean verbal exact Bible rows survive after filtering. Main contexts: finite_main_or_matrix:514; negative_clause:138; purpose_nadingin:32. Best examples: Genesis 2:17 `ne` [negative_clause; print_ready]; Song of Solomon 5:1 `ne` [finite_main_or_matrix; needs_analyzer_review]; Ruth 2:14 `ne` [finite_main_or_matrix; needs_analyzer_review].	191 clean verbal exact Bible rows survive after filtering. Main contexts: finite_main_or_matrix:279; nominalized_na:55; purpose_nadingin:41. Best examples: Genesis 2:17 `nek` [dependent_temporal_ni_in; print_ready]; Zephaniah 3:3 `nek` [finite_main_or_matrix; needs_analyzer_review]; Ruth 3:7 `nek` [finite_main_or_matrix; needs_analyzer_review].	finite_main_or_matrix:514; negative_clause:138; purpose_nadingin:32	finite_main_or_matrix:279; nominalized_na:55; purpose_nadingin:41	Genesis 2:17 form_i `ne` [print_ready; use_as_main_example]; Genesis 2:17 form_ii `nek` [print_ready; use_as_main_example]	negative_clause; dependent_temporal_ni_in; finite_main_or_matrix; purpose_nadingin; nominalized_na	Genesis 2:17 still provides the cleanest same-verse Form I/Form II contrast in the packet.		Blocked noisy material includes nesak, neksak, nesakin, neksakna.	Use in the main Form I / Form II table and in the first pair-by-pair subsection.	yes	yes	Shared Form I base with ne-neh. Questionnaire evidence comes from the in-repo Zakaria/VSA materials; no separate Karius/Kariuss/Karias questionnaire file is present. *ne-I/*nek-II -> ne/nek. Analyzer inventory also maps the same Form I base to ne-neh. `source_henderson=yes` means the in-repo literature review aligns this pair directly to Henderson; it does not claim an exhaustive extracted Henderson pair list. This pair is discussed in current project review materials.
nei-neih	nei	neih	have	core_showcase_pair	30	1747 clean verbal exact Bible rows survive after filtering. Main contexts: finite_main_or_matrix:1472; negative_clause:421; unknown_or_needs_review:91. Best examples: Genesis 11:30 `nei` [negative_clause; print_ready]; Zechariah 9:2 `nei` [finite_main_or_matrix; needs_analyzer_review]; Zechariah 4:2 `nei` [finite_main_or_matrix; needs_analyzer_review].	410 clean verbal exact Bible rows survive after filtering. Main contexts: finite_main_or_matrix:579; nominalized_na:80; negative_clause:54. Best examples: Zechariah 9:4 `neih` [finite_main_or_matrix; needs_analyzer_review]; Song of Solomon 3:11 `neih` [finite_main_or_matrix; needs_analyzer_review]; Ruth 4:15 `neih` [finite_main_or_matrix; needs_analyzer_review].	finite_main_or_matrix:1472; negative_clause:421; unknown_or_needs_review:91	finite_main_or_matrix:579; nominalized_na:80; negative_clause:54	Genesis 11:30 form_i `nei` [print_ready; use_as_main_example]; 2 Samuel 23:8 form_ii `neih` [print_ready; use_as_supporting_example]	negative_clause; possessed_or_genitive_attributive; finite_main_or_matrix; unknown_or_needs_review; nominalized_na	Both forms remain robust and easy to explain without major lexical contamination.	This is structurally strong but less introductory than a simple finite clause.	Blocked noisy material includes neisak, neihsak.	Use in the main Form I / Form II table and in the first pair-by-pair subsection.	yes	yes	Questionnaire evidence comes from the in-repo Zakaria/VSA materials; no separate Karius/Kariuss/Karias questionnaire file is present. *nei-I/*neih-II -> nei/neih. This pair is discussed in current project review materials.
za-zak	za	zak	hear	promoted_caveated_pair	40	1 clean verbal exact Bible rows survive after filtering. Main contexts: unknown_or_needs_review:627; finite_main_or_matrix:279; causative_or_derivational_sak:67. Best examples: 2 Samuel 20:16 `“Za` [imperative_or_directive; needs_analyzer_review].	338 clean verbal exact Bible rows survive after filtering. Main contexts: finite_main_or_matrix:274; dependent_temporal_ciangin:130; nominalized_na:27. Best examples: Genesis 24:52 `zak` [dependent_temporal_ciangin; print_usable_with_caveat]; Zephaniah 1:11 `zak` [finite_main_or_matrix; needs_analyzer_review]; Revelation 3:6 `zak` [finite_main_or_matrix; needs_analyzer_review].	unknown_or_needs_review:627; finite_main_or_matrix:279; causative_or_derivational_sak:67	finite_main_or_matrix:274; dependent_temporal_ciangin:130; nominalized_na:27	2 Samuel 20:16 form_i `“Za` [print_usable_with_caveat; use_as_supporting_example]; Genesis 24:52 form_ii `zak` [print_usable_with_caveat; use_as_supporting_example]	imperative_or_directive; dependent_temporal_ciangin; unknown_or_needs_review; finite_main_or_matrix; causative_or_derivational_sak; nominalized_na	The pair is genuine and Bible-attested on both sides, but the grammar should keep the examples conservative because `zak` ranges more widely than the core showcase verbs.	Form II has broad lexical and environmental spread that still needs careful verse choice The surface token carries clause-initial quotation punctuation, so it is not the cleanest first print example.; The pair is real, but `zak` still has broader lexical spread than the core showcase verbs.	Blocked noisy material includes zasak, kizasak, zaksakna, zasakkik.	Give a short pair subsection after the core showcase and name the specific constructional caveat.	yes	yes	Questionnaire evidence comes from the in-repo Zakaria/VSA materials; no separate Karius/Kariuss/Karias questionnaire file is present. *zaa-I/*zak-II -> za/zak. This pair is discussed in current project review materials.
pia-piak	pia	piak	give	promoted_caveated_pair	50	2183 clean verbal exact Bible rows survive after filtering. Main contexts: finite_main_or_matrix:2226; unknown_or_needs_review:183; negative_clause:177. Best examples: Genesis 3:12 `pia` [finite_main_or_matrix; print_usable_with_caveat]; Zephaniah 3:19 `pia` [finite_main_or_matrix; needs_analyzer_review]; Zephaniah 1:9 `pia` [finite_main_or_matrix; needs_analyzer_review].	789 clean verbal exact Bible rows survive after filtering. Main contexts: finite_main_or_matrix:686; nominalized_na:262; purpose_nadingin:141. Best examples: Genesis 3:12 `piak` [finite_main_or_matrix; print_usable_with_caveat]; Zechariah 8:15 `piak` [finite_main_or_matrix; needs_analyzer_review]; Zechariah 6:11 `piak` [finite_main_or_matrix; needs_analyzer_review].	finite_main_or_matrix:2226; unknown_or_needs_review:183; negative_clause:177	finite_main_or_matrix:686; nominalized_na:262; purpose_nadingin:141	Genesis 3:12 form_i `pia` [print_usable_with_caveat; use_as_supporting_example]; 1 Chronicles 21:22 form_ii `piak` [print_usable_with_caveat; use_as_supporting_example]; Genesis 3:12 form_ii `piak` [print_usable_with_caveat; use_as_supporting_example]	finite_main_or_matrix; purpose_nadingin; unknown_or_needs_review; negative_clause; nominalized_na	Both forms have abundant clean verbal evidence, so the pair belongs in the promoted inventory, but the quoted examples still need filtering away from derivational neighbors.	report noise and derivational crowding around related `-sak` material The verse is usable, but neighboring transfer material makes it better as a supporting than a headline contrast.; Good lexical evidence, but not the clearest clause for showing a distinctive Form II environment.; Still needs editorial trimming before final print quotation.	Blocked noisy material includes kipiasak, kipiansak, kipialsak.	Give a short pair subsection after the core showcase and name the specific constructional caveat.	yes	yes	Questionnaire evidence comes from the in-repo Zakaria/VSA materials; no separate Karius/Kariuss/Karias questionnaire file is present. *pia-I/*piak-II -> pia/piak. This pair is discussed in current project review materials.
nusia-nusiat	nusia	nusiat	abandon	promoted_caveated_pair	60	172 clean verbal exact Bible rows survive after filtering. Main contexts: finite_main_or_matrix:252; negative_clause:87; unknown_or_needs_review:16. Best examples: Zechariah 11:17 `nusia` [finite_main_or_matrix; needs_analyzer_review]; Titus 1:5 `nusia` [finite_main_or_matrix; needs_analyzer_review]; Ruth 2:16 `nusia` [finite_main_or_matrix; needs_analyzer_review].	No clean verbal exact rows survive yet. Current Bible hits cluster in unknown_or_needs_review:26; finite_main_or_matrix:15; negative_clause:6. Current best rows: Deuteronomy 2:14 `nusiat` [clause_linking_kipan; print_usable_with_caveat]; Psalms 49:10 `nusiat` [finite_main_or_matrix; needs_analyzer_review]; Joshua 24:16 `nusiat` [finite_main_or_matrix; needs_analyzer_review].	finite_main_or_matrix:252; negative_clause:87; unknown_or_needs_review:16	unknown_or_needs_review:26; finite_main_or_matrix:15; negative_clause:6	Zechariah 11:17 form_i `nusia` [print_usable_with_caveat; use_as_supporting_example]; Deuteronomy 2:14 form_ii `nusiat` [descriptive_only; mention_without_quotation]	finite_main_or_matrix; clause_linking_kipan; negative_clause; unknown_or_needs_review	The pair is already packet-worthy, but the grammar should frame it as a caveated promotion whose best evidence comes from non-final syntax rather than from a simple finite paradigm.	Form II is clearest in dependent and clause-linking environments rather than in a neat finite contrast The best Form II evidence is still constructionally dependent, so this cannot stand alone as a balanced paradigm.; The token is tagged N and works best as descriptive structural evidence, not as a print-ready quotation.	Blocked noisy material includes kinusiacipsak.	Give a short pair subsection after the core showcase and name the specific constructional caveat.	yes	yes	This pair is discussed in current project review materials.
bia-biak	bia	biak	worship	promoted_caveated_pair	70	213 clean verbal exact Bible rows survive after filtering. Main contexts: finite_main_or_matrix:194; purpose_nadingin:27; negative_clause:26. Best examples: Zephaniah 2:11 `bia` [finite_main_or_matrix; needs_analyzer_review]; Zechariah 8:22 `bia` [finite_main_or_matrix; needs_analyzer_review]; Zechariah 14:9 `bia` [finite_main_or_matrix; needs_analyzer_review].	211 clean verbal exact Bible rows survive after filtering. Main contexts: nominalized_na:1551; unknown_or_needs_review:914; purpose_nadingin:163. Best examples: Philippians 1:3 `biak` [finite_main_or_matrix; needs_analyzer_review]; Numbers 31:41 `biak` [finite_main_or_matrix; needs_analyzer_review]; Numbers 29:39 `biak` [finite_main_or_matrix; needs_analyzer_review].	finite_main_or_matrix:194; purpose_nadingin:27; negative_clause:26	nominalized_na:1551; unknown_or_needs_review:914; purpose_nadingin:163	1 Chronicles 16:29 form_i `bia` [print_usable_with_caveat; use_as_supporting_example]; 1 Chronicles 21:23 form_ii `biak` [print_usable_with_caveat; use_as_supporting_example]	imperative_or_directive; purpose_nadingin; finite_main_or_matrix; negative_clause; nominalized_na; unknown_or_needs_review	Both forms survive as genuine verbal evidence, so the pair belongs in the promoted inventory, but the grammar should keep noting that the Form II distribution is domain-specific.	Form II is heavily clustered in worship, offering, and nominalized material Worship discourse dominates the pair, so the citation should not be over-generalized as an all-purpose paradigm.; Still domain-specific to worship and offering contexts.	Blocked noisy material includes biasak.	Give a short pair subsection after the core showcase and name the specific constructional caveat.	yes	yes	
thei-theih	thei	theih	know	promoted_caveated_pair	80	1923 clean verbal exact Bible rows survive after filtering. Main contexts: negative_clause:888; unknown_or_needs_review:670; finite_main_or_matrix:667. Best examples: Zechariah 14:7 `thei` [finite_main_or_matrix; dossier_only]; Ruth 3:11 `thei` [finite_main_or_matrix; dossier_only]; Romans 8:38 `thei` [finite_main_or_matrix; dossier_only].	1364 clean verbal exact Bible rows survive after filtering. Main contexts: finite_main_or_matrix:864; purpose_nadingin:646; nominalized_na:256. Best examples: Zechariah 6:13 `theih` [finite_main_or_matrix; dossier_only]; Titus 3:13 `theih` [finite_main_or_matrix; dossier_only]; Titus 2:8 `theih` [finite_main_or_matrix; dossier_only].	negative_clause:888; unknown_or_needs_review:670; finite_main_or_matrix:667	finite_main_or_matrix:864; purpose_nadingin:646; nominalized_na:256	Genesis 2:16 form_i `thei` [print_usable_with_caveat; use_as_supporting_example]; 1 Chronicles 17:27 form_ii `theih` [descriptive_only; mention_without_quotation]; 1 Chronicles 19:10 form_ii `theih` [print_usable_with_caveat; use_as_supporting_example]	modal_or_ability; dependent_temporal_ciangin; purpose_nadingin; negative_clause; unknown_or_needs_review; finite_main_or_matrix; nominalized_na	Both forms are cleanly and abundantly attested. The grammar should now promote `thei ~ theih`, but explicitly under a modal or ability subsection rather than as if every Form II token were a plain finite alternant.	Form II is especially strong in modal, ability, purposive, and nominalized environments rather than in a neat finite pedagogical contrast This pair should not be presented as a plain finite lexical contrast.; Even good Form II examples cluster in modal, dependent, or purposive syntax rather than in a neat finite paradigm.; Useful for structural discussion even if it is not the first verse to quote in print.	Blocked noisy material includes theisak, kisaktheihpih, kitheisak, kisaktheih.	Give a short pair subsection after the core showcase and name the specific constructional caveat.	yes	yes	Questionnaire evidence comes from the in-repo Zakaria/VSA materials; no separate Karius/Kariuss/Karias questionnaire file is present. *theih-I/*thei-II -> thei/theih. `source_henderson=yes` means the in-repo literature review aligns this pair directly to Henderson; it does not claim an exhaustive extracted Henderson pair list. This pair is discussed in current project review materials.
piang-pian	piang	pian	be.born	promoted_caveated_pair	90	315 clean verbal exact Bible rows survive after filtering. Main contexts: finite_main_or_matrix:308; unknown_or_needs_review:33; negative_clause:27. Best examples: Zephaniah 2:15 `piang` [finite_main_or_matrix; dossier_only]; Zechariah 8:12 `piang` [finite_main_or_matrix; dossier_only]; Zechariah 6:15 `piang` [finite_main_or_matrix; dossier_only].	28 clean verbal exact Bible rows survive after filtering. Main contexts: unknown_or_needs_review:89; nominalized_na:54; causative_or_derivational_sak:44. Best examples: Matthew 26:54 `pian` [finite_main_or_matrix; dossier_only]; Luke 21:7 `pian` [finite_main_or_matrix; dossier_only]; Luke 21:28 `pian` [finite_main_or_matrix; dossier_only].	finite_main_or_matrix:308; unknown_or_needs_review:33; negative_clause:27	unknown_or_needs_review:89; nominalized_na:54; causative_or_derivational_sak:44	1 Chronicles 22:9 form_i `piang` [print_usable_with_caveat; use_as_supporting_example]; 1 Corinthians 6:4 form_ii `pian` [print_usable_with_caveat; use_as_supporting_example]	finite_main_or_matrix; dependent_temporal_ciangin; unknown_or_needs_review; negative_clause; nominalized_na; causative_or_derivational_sak	Exact `piang` and `pian` rows survive after filtering, so this pair deserves promotion. The prose should treat it as an eventive or intransitive caveated verb rather than as a simple mechanical alternation.	Form II competes with a large derived `piangsak` family and is easiest to show in eventive or dependent environments The pair remains easier to explain in eventive and dependent syntax than as a simple finite alternation.; Best treated as eventive or constructionally dependent evidence, not as a plain finite pair.	`piangsak` and related derived rows must not be counted as clean bare Form II evidence. Blocked noisy material includes piangsak, piansak, piangsakin, kipiansakna.	Give a short pair subsection after the core showcase and name the specific constructional caveat.	yes	yes	Questionnaire evidence comes from the in-repo Zakaria/VSA materials; no separate Karius/Kariuss/Karias questionnaire file is present. *piang-I/*pian-II -> piang/pian. Present in the publication-review packet, but absent from VERB_STEM_PAIRS. This pair is discussed in current project review materials.
zui-zuih	zui	zuih	follow	promoted_caveated_pair	100	486 clean verbal exact Bible rows survive after filtering. Main contexts: finite_main_or_matrix:772; negative_clause:134; imperative_or_directive:41. Best examples: Zechariah 8:8 `zui` [finite_main_or_matrix; needs_analyzer_review]; Ruth 1:11 `zui` [finite_main_or_matrix; needs_analyzer_review]; Romans 7:25 `zui` [finite_main_or_matrix; needs_analyzer_review].	169 clean verbal exact Bible rows survive after filtering. Main contexts: finite_main_or_matrix:140; nominalized_na:71; purpose_nadingin:27. Best examples: Zechariah 6:15 `zuih` [finite_main_or_matrix; needs_analyzer_review]; Ruth 3:10 `zuih` [finite_main_or_matrix; needs_analyzer_review]; Ruth 1:18 `zuih` [finite_main_or_matrix; needs_analyzer_review].	finite_main_or_matrix:772; negative_clause:134; imperative_or_directive:41	finite_main_or_matrix:140; nominalized_na:71; purpose_nadingin:27	Zechariah 8:8 form_i `zui` [print_usable_with_caveat; use_as_supporting_example]; Zechariah 6:15 form_ii `zuih` [print_usable_with_caveat; use_as_supporting_example]	finite_main_or_matrix; negative_clause; imperative_or_directive; nominalized_na; purpose_nadingin	Both forms are cleanly attested and lexically coherent. `zui ~ zuih` should be promoted as a real caveated lexical verb rather than left implicit in the wider inventory.	derived `zuihsak` material and the need for a transparent Form II quotation context The final print set still has to stay away from `zuihsak` and related derivations.; Keep it caveated until more exact Form II citations are isolated away from derived neighbors.	Blocked noisy material includes zuihsak.	Give a short pair subsection after the core showcase and name the specific constructional caveat.	yes	yes	
khial-khialh	khial	khialh	err	promoted_caveated_pair	110	171 clean verbal exact Bible rows survive after filtering. Main contexts: finite_main_or_matrix:153; unknown_or_needs_review:41; negative_clause:37. Best examples: Zephaniah 1:17 `khial` [finite_main_or_matrix; needs_analyzer_review]; Romans 14:20 `khial` [finite_main_or_matrix; needs_analyzer_review]; Romans 11:22 `khial` [finite_main_or_matrix; needs_analyzer_review].	54 clean verbal exact Bible rows survive after filtering. Main contexts: nominalized_na:420; finite_main_or_matrix:40; causative_or_derivational_sak:23. Best examples: Romans 5:14 `khialh` [finite_main_or_matrix; needs_analyzer_review]; Romans 2:12 `khialh` [finite_main_or_matrix; needs_analyzer_review]; Romans 2:12 `khialh` [finite_main_or_matrix; needs_analyzer_review].	finite_main_or_matrix:153; unknown_or_needs_review:41; negative_clause:37	nominalized_na:420; finite_main_or_matrix:40; causative_or_derivational_sak:23	Zephaniah 1:17 form_i `khial` [print_usable_with_caveat; use_as_supporting_example]; 1 John 2:1 form_ii `khialh` [print_usable_with_caveat; use_as_supporting_example]	finite_main_or_matrix; dependent_temporal_ciangin; unknown_or_needs_review; negative_clause; nominalized_na; causative_or_derivational_sak	Both forms have enough clean verbal evidence for grammar discussion, so this pair should stay promoted with caveat.	the `khialsak` family still creates derivational noise around otherwise clean rows The shortlist must keep away from the larger `khialsak` family.; Still keep it distinct from `khialhkhak` and the wider derivational family.	Blocked noisy material includes khialsak, khialhsakna, khialhsak, khialsakin.	Give a short pair subsection after the core showcase and name the specific constructional caveat.	yes	yes	
kia-kiak	kia	kiak	fear	promoted_caveated_pair	120	64 clean verbal exact Bible rows survive after filtering. Main contexts: finite_main_or_matrix:126; negative_clause:24; causative_or_derivational_sak:16. Best examples: Song of Solomon 5:2 `kia` [finite_main_or_matrix; needs_analyzer_review]; Revelation 8:5 `kia` [finite_main_or_matrix; needs_analyzer_review]; Revelation 6:13 `kia` [finite_main_or_matrix; needs_analyzer_review].	8 clean verbal exact Bible rows survive after filtering. Main contexts: finite_main_or_matrix:13; unknown_or_needs_review:1. Best examples: Proverbs 24:31 `kiak` [finite_main_or_matrix; needs_analyzer_review]; Job 31:40 `kiak` [finite_main_or_matrix; needs_analyzer_review]; Job 24:24 `kiak` [finite_main_or_matrix; needs_analyzer_review].	finite_main_or_matrix:126; negative_clause:24; causative_or_derivational_sak:16	finite_main_or_matrix:13; unknown_or_needs_review:1	Song of Solomon 5:2 form_i `kia` [print_usable_with_caveat; use_as_supporting_example]; Proverbs 24:31 form_ii `kiak` [needs_manual_check; mention_without_quotation]	finite_main_or_matrix; negative_clause; causative_or_derivational_sak; unknown_or_needs_review	The surviving Form II evidence is thinner than for the best pairs, but it is still real verbal evidence, so the pair now belongs in the caveated promoted inventory.	Form II is comparatively sparse and must be kept distinct from `kiasak`-family noise The Form II side remains much thinner than the Form I side.; Form II lemma stability is still uncertain, so this row should not be treated as print-safe yet.	Blocked noisy material includes kiasak, lungkiasak, kiasakin.	Give a short pair subsection after the core showcase and name the specific constructional caveat.	yes	yes	
sawlkhia-sawlkhiat	sawlkhia	sawlkhiat	send.forth	promoted_caveated_pair	130	36 clean verbal exact Bible rows survive after filtering. Main contexts: finite_main_or_matrix:35; imperative_or_directive:3; negative_clause:2. Best examples: Psalms 43:3 `sawlkhia` [finite_main_or_matrix; needs_analyzer_review]; Matthew 10:16 `sawlkhia` [finite_main_or_matrix; needs_analyzer_review]; Mark 6:7 `sawlkhia` [finite_main_or_matrix; needs_analyzer_review].	3 clean verbal exact Bible rows survive after filtering. Main contexts: finite_main_or_matrix:2; negative_clause:1; nominalized_na:1. Best examples: Luke 22:35 `sawlkhiat` [finite_main_or_matrix; needs_analyzer_review]; Exodus 12:33 `sawlkhiat` [finite_main_or_matrix; needs_analyzer_review]; 1 Samuel 20:13 `sawlkhiat` [negative_clause; needs_analyzer_review].	finite_main_or_matrix:35; imperative_or_directive:3; negative_clause:2	finite_main_or_matrix:2; negative_clause:1; nominalized_na:1	Psalms 43:3 form_i `sawlkhia` [print_usable_with_caveat; use_as_supporting_example]; Luke 22:35 form_ii `sawlkhiat` [print_usable_with_caveat; use_as_supporting_example]	finite_main_or_matrix; imperative_or_directive; negative_clause; nominalized_na	The pair is lexically coherent and both forms are attested, but it should stay caveated until a cleaner Form II example set is isolated.	clean Form II examples are few and semantically crowded by expulsion or sending contexts The pair is real, but its best Form II citations are still sparse.; Form II examples remain sparse enough that the pair should still be cited cautiously.		Give a short pair subsection after the core showcase and name the specific constructional caveat.	yes	yes	
ngai-ngaih	ngai	ngaih	think / love/need	difficult_but_real_pair	140	434 clean verbal exact Bible rows survive after filtering. Main contexts: finite_main_or_matrix:242; imperative_or_directive:153; negative_clause:111. Best examples: Zephaniah 3:7 `ngai` [finite_main_or_matrix; dossier_only]; Zechariah 3:7 `ngai` [finite_main_or_matrix; dossier_only]; Song of Solomon 8:13 `ngai` [finite_main_or_matrix; dossier_only].	52 clean verbal exact Bible rows survive after filtering. Main contexts: compound_or_lexicalized:378; finite_main_or_matrix:95; unknown_or_needs_review:19. Best examples: Zechariah 3:7 `ngaih` [finite_main_or_matrix; dossier_only]; Song of Solomon 4:9 `ngaih` [finite_main_or_matrix; dossier_only]; Song of Solomon 4:8 `ngaih` [finite_main_or_matrix; dossier_only].	finite_main_or_matrix:242; imperative_or_directive:153; negative_clause:111	compound_or_lexicalized:378; finite_main_or_matrix:95; unknown_or_needs_review:19	1 Chronicles 12:38 form_ii `ngaihsutna` [reject_for_print; reject]; Zechariah 3:7 form_ii `ngaih` [needs_manual_check; mention_without_quotation]	finite_main_or_matrix; compound_or_lexicalized; imperative_or_directive; negative_clause; unknown_or_needs_review	The review should now state explicitly that clean exact verbal `ngai`/`ngaih` rows exist on both sides. Even so, the family contamination is still strong enough that this pair belongs in difficult cases rather than in the promoted inventory.	clean `ngai/ngaih` rows coexist with heavy lexical-family contamination from `ngaihsun/ngaihsut/ngaihsutna` Family-wide contamination from `ngaihsun/ngaihsut/ngaihsutna` still blocks routine promotion into the main citation set.; This is not an exact `ngaih` token and must never be cited as straightforward Form II evidence.	`ngaihsun/ngaihsut/ngaihsutna` remain lexical-family contamination unless a row can be justified independently. Blocked noisy material includes ngaihsun, ngaihsutna, ngaihsut, ngaihsutnate.	Discuss in the difficult-but-real section, emphasizing why the pair matters without treating it as routine evidence.	no	yes	Questionnaire evidence comes from the in-repo Zakaria/VSA materials; no separate Karius/Kariuss/Karias questionnaire file is present. *ngai-I/*ngaih-II -> ngai/ngaih. This pair is discussed in current project review materials. Questionnaire gloss `love/need` and analyzer gloss `think` differ.
pua-puak	pua	puak	spill / carry.on.back	difficult_but_real_pair	150	148 clean verbal exact Bible rows survive after filtering. Main contexts: finite_main_or_matrix:263; imperative_or_directive:15; causative_or_derivational_sak:15. Best examples: Song of Solomon 7:1 `pua` [finite_main_or_matrix; needs_analyzer_review]; Revelation 3:1 `pua` [finite_main_or_matrix; needs_analyzer_review]; Revelation 17:7 `pua` [finite_main_or_matrix; needs_analyzer_review].	239 clean verbal exact Bible rows survive after filtering. Main contexts: finite_main_or_matrix:277; purpose_nadingin:23; imperative_or_directive:15. Best examples: Zephaniah 3:10 `puak` [finite_main_or_matrix; needs_analyzer_review]; Zephaniah 1:10 `puak` [finite_main_or_matrix; needs_analyzer_review]; Romans 15:29 `puak` [finite_main_or_matrix; needs_analyzer_review].	finite_main_or_matrix:263; imperative_or_directive:15; causative_or_derivational_sak:15	finite_main_or_matrix:277; purpose_nadingin:23; imperative_or_directive:15	Song of Solomon 7:1 form_i `pua` [needs_manual_check; mention_without_quotation]	finite_main_or_matrix; imperative_or_directive; causative_or_derivational_sak; purpose_nadingin	Clean verbal rows exist for `pua` and `puak`, so the pair stays central to the discussion. But the overlap with other `pua` families is still too strong for routine promotion.	shared Form I base, gloss mismatch, and homophone risk across `pua ~ puak` and `pua ~ puah` Shared-base overlap with `pua ~ puah` and gloss mismatch still make the pair too risky for ordinary promotion.	Blocked noisy material includes puasak, puaksak, puasakkik, puazosak. Questionnaire glosses this base as 'carry.on.back', while the analyzer gloss is 'spill'.	Discuss in the difficult-but-real section, emphasizing why the pair matters without treating it as routine evidence.	no	yes	Shared Form I base with pua-puah. Questionnaire evidence comes from the in-repo Zakaria/VSA materials; no separate Karius/Kariuss/Karias questionnaire file is present. *pua-I/*puak-II -> pua/puak. Analyzer inventory also maps the same Form I base to pua-puah. Questionnaire gloss `carry.on.back` and analyzer gloss `spill` differ.
pai-paih	pai	paih	go	difficult_but_real_pair	160	2371 clean verbal exact Bible rows survive after filtering. Main contexts: finite_main_or_matrix:4279; imperative_or_directive:332; negative_clause:319. Best examples: Zephaniah 1:6 `pai` [finite_main_or_matrix; needs_analyzer_review]; Zechariah 9:9 `pai` [finite_main_or_matrix; needs_analyzer_review]; Zechariah 9:9 `pai` [finite_main_or_matrix; needs_analyzer_review].	2 clean verbal exact Bible rows survive after filtering. Main contexts: finite_main_or_matrix:22; nominalized_na:19; causative_or_derivational_sak:13. Best examples: Job 9:34 `paih` [finite_main_or_matrix; needs_analyzer_review]; Isaiah 2:19 `paih` [finite_main_or_matrix; needs_analyzer_review].	finite_main_or_matrix:4279; imperative_or_directive:332; negative_clause:319	finite_main_or_matrix:22; nominalized_na:19; causative_or_derivational_sak:13	Job 9:34 form_ii `paih` [needs_manual_check; keep_in_notes_only]	finite_main_or_matrix; imperative_or_directive; negative_clause; nominalized_na; causative_or_derivational_sak	Exact `paih` verbal rows do exist, but the shared-base problem is still unresolved enough that the grammar should keep this under analyzer-only uncertainty rather than promote it.	the analyzer pair competes with the same-form questionnaire control `pai ~ pai`, and clean Form II evidence is sparse Sparse Form II evidence still competes with the same-form questionnaire control `pai ~ pai`.	Blocked noisy material includes paisak, paikhiasak, daupaisak, paihkhiatsak.	Discuss in the difficult-but-real section, emphasizing why the pair matters without treating it as routine evidence.	no	yes	
tua-tuah	tua	tuah	do	difficult_but_real_pair	170	No current Bible attestation in the audit.	46 clean verbal exact Bible rows survive after filtering. Main contexts: finite_main_or_matrix:95; unknown_or_needs_review:26; nominalized_na:15. Best examples: Psalms 124:1 `tuah` [finite_main_or_matrix; needs_analyzer_review]; Proverbs 1:27 `tuah` [finite_main_or_matrix; needs_analyzer_review]; Proverbs 1:26 `tuah` [finite_main_or_matrix; needs_analyzer_review].		finite_main_or_matrix:95; unknown_or_needs_review:26; nominalized_na:15	Psalms 124:1 form_ii `tuah` [needs_manual_check; keep_in_notes_only]	finite_main_or_matrix; unknown_or_needs_review; nominalized_na	The pair remains interesting for analyzer review, but it is still too one-sided for promotion.	only the Form II side is currently cleanly verbal, while the Form I base remains category-mixed The matching `tua` side is still category-mixed and often determiner-like.	Blocked noisy material includes tuahsakmang, tuahmangsak.	Discuss in the difficult-but-real section, emphasizing why the pair matters without treating it as routine evidence.	no	yes	Shared Form I base with tua-tuak. Only one stem side is currently attested cleanly in the Bible corpus.
tua-tuak	tua	tuak	meet	difficult_but_real_pair	180	No clean verbal exact rows survive yet. Current Bible hits cluster in unknown_or_needs_review:8319; dependent_temporal_ciangin:4241; negative_clause:295. Current best rows: Zechariah 11:7 `Tua` [finite_main_or_matrix; needs_analyzer_review]; Romans 5:18 `Tua` [finite_main_or_matrix; needs_analyzer_review]; Romans 4:17 `Tua` [finite_main_or_matrix; needs_analyzer_review].	No clean verbal exact rows survive yet. Current Bible hits cluster in finite_main_or_matrix:136; unknown_or_needs_review:69; negative_clause:26. Current best rows: Zechariah 9:1 `tuak` [finite_main_or_matrix; needs_analyzer_review]; Proverbs 28:14 `tuak` [finite_main_or_matrix; needs_analyzer_review]; Proverbs 22:8 `tuak` [finite_main_or_matrix; needs_analyzer_review].	unknown_or_needs_review:8319; dependent_temporal_ciangin:4241; negative_clause:295	finite_main_or_matrix:136; unknown_or_needs_review:69; negative_clause:26	Zechariah 9:1 form_ii `tuak` [reject_for_print; reject]	finite_main_or_matrix; unknown_or_needs_review; dependent_temporal_ciangin; negative_clause	This row is useful as a warning about analyzer overgeneration, but it should stay out of the promoted verb grammar.	the Form I base is overwhelmingly determiner-like, not verbal, and the shared-base mapping remains unstable The row is not verbally secure, and the Form I base is even less stable.	Blocked noisy material includes tuaksak.	Discuss in the difficult-but-real section, emphasizing why the pair matters without treating it as routine evidence.	no	yes	Shared Form I base with tua-tuah.
bawl-bawlh	bawl	bawlh	make	one_sided_bible_attestation	190	1540 clean verbal exact Bible rows survive after filtering. Main contexts: finite_main_or_matrix:2036; nominalized_na:187; negative_clause:184. Best examples: Zechariah 9:3 `bawl` [finite_main_or_matrix; needs_analyzer_review]; Zechariah 12:3 `bawl` [finite_main_or_matrix; needs_analyzer_review]; Zechariah 12:2 `bawl` [finite_main_or_matrix; needs_analyzer_review].	No current Bible attestation in the audit.	finite_main_or_matrix:2036; nominalized_na:187; negative_clause:184		Zechariah 9:3 `bawl` [finite_main_or_matrix; V]	finite_main_or_matrix; nominalized_na; negative_clause	The lexical verb remains relevant to the inventory, but there is still no clean overt Form II evidence to justify promotion into the alternating-verb table.	Bible evidence is effectively one-sided because the questionnaire control `bawl ~ bawl` already covers the overt written form	Blocked noisy material includes bawlsak, kibawlsak, bawlsakna, bawlsiasak.	Mention in the one-sided Bible attestation section, with an explicit note about the missing or weak side.	no	yes	Only one stem side is currently attested cleanly in the Bible corpus.
dipkua-dipkuat	dipkua	dipkuat	haste	one_sided_bible_attestation	200	2 clean verbal exact Bible rows survive after filtering. Main contexts: unknown_or_needs_review:7; finite_main_or_matrix:4. Best examples: Psalms 48:5 `dipkua` [finite_main_or_matrix; needs_analyzer_review]; Jeremiah 4:9 `dipkua` [finite_main_or_matrix; needs_analyzer_review].	No clean verbal exact rows survive yet. Current Bible hits cluster in nominalized_na:1. Current best rows: Leviticus 26:16 `dipkuatna` [nominalized_na; needs_analyzer_review].	unknown_or_needs_review:7; finite_main_or_matrix:4	nominalized_na:1	Psalms 48:5 `dipkua` [finite_main_or_matrix; V] Leviticus 26:16 `dipkuatna` [nominalized_na; V]	unknown_or_needs_review; finite_main_or_matrix; nominalized_na	The lexical item is probably real, but the current Bible evidence is too constructionally narrow for promotion.	Form II currently survives only in nominalized or otherwise complex material		Mention in the one-sided Bible attestation section, with an explicit note about the missing or weak side.	no	yes	Both forms are attested, but at least one side is clearest in dependent, nominalized, or otherwise non-bare environments.
gen-genh	gen	genh	speak	one_sided_bible_attestation	210	2392 clean verbal exact Bible rows survive after filtering. Main contexts: finite_main_or_matrix:2036; unknown_or_needs_review:476; imperative_or_directive:266. Best examples: Zephaniah 3:8 `gen` [finite_main_or_matrix; needs_analyzer_review]; Zephaniah 3:6 `gen` [finite_main_or_matrix; needs_analyzer_review]; Zephaniah 3:18 `gen` [finite_main_or_matrix; needs_analyzer_review].	No current Bible attestation in the audit.	finite_main_or_matrix:2036; unknown_or_needs_review:476; imperative_or_directive:266		Zephaniah 3:8 `gen` [finite_main_or_matrix; V]	finite_main_or_matrix; unknown_or_needs_review; imperative_or_directive	The Bible strongly attests Form I, but promotion should wait until a defensible exact `genh` verbal token is isolated.	no clean verbal Form II evidence has survived the current audit	Blocked noisy material includes gensak, kigensak, gentheisak, gensakin.	Mention in the one-sided Bible attestation section, with an explicit note about the missing or weak side.	no	yes	Only one stem side is currently attested cleanly in the Bible corpus.
hawlkhia-hawlkhiat	hawlkhia	hawlkhiat	drive.out	one_sided_bible_attestation	220	101 clean verbal exact Bible rows survive after filtering. Main contexts: finite_main_or_matrix:130; negative_clause:23; imperative_or_directive:4. Best examples: Zephaniah 3:11 `hawlkhia` [finite_main_or_matrix; needs_analyzer_review]; Psalms 68:2 `hawlkhia` [finite_main_or_matrix; needs_analyzer_review]; Psalms 44:2 `hawlkhia` [finite_main_or_matrix; needs_analyzer_review].	No clean verbal exact rows survive yet. Current Bible hits cluster in unknown_or_needs_review:15; finite_main_or_matrix:5; negative_clause:1. Current best rows: Mark 11:15 `hawlkhiat` [finite_main_or_matrix; needs_analyzer_review]; Luke 19:45 `hawlkhiat` [finite_main_or_matrix; needs_analyzer_review]; John 12:42 `hawlkhiat` [finite_main_or_matrix; needs_analyzer_review].	finite_main_or_matrix:130; negative_clause:23; imperative_or_directive:4	unknown_or_needs_review:15; finite_main_or_matrix:5; negative_clause:1	Zephaniah 3:11 `hawlkhia` [finite_main_or_matrix; V] Mark 11:15 `hawlkhiat` [finite_main_or_matrix; N]	finite_main_or_matrix; negative_clause; imperative_or_directive; unknown_or_needs_review	The lexeme deserves inventory coverage, but the present Form II evidence is not yet clean enough for promotion.	current Form II candidates drift toward non-verbal or lemma-unstable readings	Blocked noisy material includes hawlkhiasak, hawlkhiatsakte.	Mention in the one-sided Bible attestation section, with an explicit note about the missing or weak side.	no	yes	
husia-husiat	husia	husiat	tempest	one_sided_bible_attestation	230	6 clean verbal exact Bible rows survive after filtering. Main contexts: finite_main_or_matrix:6; unknown_or_needs_review:2; imperative_or_directive:1. Best examples: Revelation 16:18 `husia` [finite_main_or_matrix; needs_analyzer_review]; Psalms 50:3 `husia` [finite_main_or_matrix; needs_analyzer_review]; Psalms 18:8 `husia` [finite_main_or_matrix; needs_analyzer_review].	No current Bible attestation in the audit.	finite_main_or_matrix:6; unknown_or_needs_review:2; imperative_or_directive:1		Revelation 16:18 `husia` [finite_main_or_matrix; V]	finite_main_or_matrix; unknown_or_needs_review; imperative_or_directive	Keep the row in the broader inventory for now because no clean form ii verb example.	no clean form ii verb example		Mention in the one-sided Bible attestation section, with an explicit note about the missing or weak side.	no	yes	Only one stem side is currently attested cleanly in the Bible corpus.
kho-khoh	kho	khoh	labor	one_sided_bible_attestation	240	45 clean verbal exact Bible rows survive after filtering. Main contexts: finite_main_or_matrix:38; negative_clause:32; purpose_nadingin:4. Best examples: Zechariah 13:3 `kho` [finite_main_or_matrix; needs_analyzer_review]; Song of Solomon 6:7 `kho` [finite_main_or_matrix; needs_analyzer_review]; Song of Solomon 4:3 `kho` [finite_main_or_matrix; needs_analyzer_review].	No clean verbal exact rows survive yet. Current Bible hits cluster in unknown_or_needs_review:4; finite_main_or_matrix:1; causative_or_derivational_sak:1. Current best rows: Jeremiah 36:25 `khoh` [finite_main_or_matrix; needs_analyzer_review]; Matthew 22:5 `khohsa` [unknown_or_needs_review; needs_analyzer_review]; Matthew 22:3 `khohsa` [unknown_or_needs_review; needs_analyzer_review].	finite_main_or_matrix:38; negative_clause:32; purpose_nadingin:4	unknown_or_needs_review:4; finite_main_or_matrix:1; causative_or_derivational_sak:1	Zechariah 13:3 `kho` [finite_main_or_matrix; V] Jeremiah 36:25 `khoh` [finite_main_or_matrix; N]	finite_main_or_matrix; negative_clause; purpose_nadingin; unknown_or_needs_review; causative_or_derivational_sak	The Form I side looks verbal enough to keep in the inventory, but the pair is still too one-sided for promotion.	Form II remains effectively unattested as a clean verbal row, and the base overlaps with `kho-khot`	Blocked noisy material includes khosak, khohsaksa.	Mention in the one-sided Bible attestation section, with an explicit note about the missing or weak side.	no	yes	Shared Form I base with kho-khot.
kido-kidot	kido	kidot	fight	one_sided_bible_attestation	250	58 clean verbal exact Bible rows survive after filtering. Main contexts: finite_main_or_matrix:47; nominalized_na:34; purpose_nadingin:8. Best examples: Numbers 10:9 `kido` [finite_main_or_matrix; needs_analyzer_review]; Nahum 3:3 `kido` [finite_main_or_matrix; needs_analyzer_review]; Matthew 24:7 `kido` [finite_main_or_matrix; needs_analyzer_review].	No clean verbal exact rows survive yet. Current Bible hits cluster in dependent_temporal_ciangin:1; nominalized_na:1; finite_main_or_matrix:1. Current best rows: John 16:19 `kidot` [finite_main_or_matrix; needs_analyzer_review]; Haggai 2:12 `kidot` [dependent_temporal_ciangin; needs_analyzer_review]; John 1:28 `kidotna` [nominalized_na; needs_analyzer_review].	finite_main_or_matrix:47; nominalized_na:34; purpose_nadingin:8	dependent_temporal_ciangin:1; nominalized_na:1; finite_main_or_matrix:1	Numbers 10:9 `kido` [finite_main_or_matrix; V] John 16:19 `kidot` [finite_main_or_matrix; N]	finite_main_or_matrix; nominalized_na; purpose_nadingin; dependent_temporal_ciangin	Keep the row in the broader inventory for now because no clean form ii verb example.	no clean form ii verb example		Mention in the one-sided Bible attestation section, with an explicit note about the missing or weak side.	no	yes	
lua-luah	lua	luah	exceed	one_sided_bible_attestation	260	No clean verbal exact rows survive yet. Current Bible hits cluster in unknown_or_needs_review:103; finite_main_or_matrix:73; negative_clause:36. Current best rows: Song of Solomon 6:5 `lua` [finite_main_or_matrix; needs_analyzer_review]; Proverbs 25:16 `lua` [finite_main_or_matrix; needs_analyzer_review]; Proverbs 23:23 `lua` [finite_main_or_matrix; needs_analyzer_review].	194 clean verbal exact Bible rows survive after filtering. Main contexts: finite_main_or_matrix:149; purpose_nadingin:46; unknown_or_needs_review:17. Best examples: Zephaniah 2:7 `luah` [finite_main_or_matrix; needs_analyzer_review]; Romans 4:13 `luah` [finite_main_or_matrix; needs_analyzer_review]; Psalms 79:1 `luah` [finite_main_or_matrix; needs_analyzer_review].	unknown_or_needs_review:103; finite_main_or_matrix:73; negative_clause:36	finite_main_or_matrix:149; purpose_nadingin:46; unknown_or_needs_review:17	Song of Solomon 6:5 `lua` [finite_main_or_matrix; N] Zephaniah 2:7 `luah` [finite_main_or_matrix; V]	unknown_or_needs_review; finite_main_or_matrix; negative_clause; purpose_nadingin	Keep the row in the broader inventory for now because no clean form i verb example.	no clean form i verb example	Blocked noisy material includes luahsak, luahkhawmsak.	Mention in the one-sided Bible attestation section, with an explicit note about the missing or weak side.	no	yes	
tu-tuh	tu	tuh	sit	one_sided_bible_attestation	270	No clean verbal exact rows survive yet. Current Bible hits cluster in finite_main_or_matrix:1322; unknown_or_needs_review:497; negative_clause:78. Current best rows: Zechariah 5:7 `tu` [finite_main_or_matrix; needs_analyzer_review]; Revelation 8:10 `tu` [finite_main_or_matrix; needs_analyzer_review]; Revelation 4:4 `tu` [finite_main_or_matrix; needs_analyzer_review].	29 clean verbal exact Bible rows survive after filtering. Main contexts: finite_main_or_matrix:40; negative_clause:8; nominalized_na:6. Best examples: Psalms 126:6 `tuh` [finite_main_or_matrix; needs_analyzer_review]; Micah 6:15 `tuh` [finite_main_or_matrix; needs_analyzer_review]; Matthew 8:33 `tuh` [finite_main_or_matrix; needs_analyzer_review].	finite_main_or_matrix:1322; unknown_or_needs_review:497; negative_clause:78	finite_main_or_matrix:40; negative_clause:8; nominalized_na:6	Zechariah 5:7 `tu` [finite_main_or_matrix; CONJ] Psalms 126:6 `tuh` [finite_main_or_matrix; V]	finite_main_or_matrix; unknown_or_needs_review; negative_clause; nominalized_na	Keep the row in the broader inventory for now because no clean form i verb example.	no clean form i verb example	Blocked noisy material includes tusak, tusakin, tusakzaw.	Mention in the one-sided Bible attestation section, with an explicit note about the missing or weak side.	no	yes	
tuahpha-tuahphat	tuahpha	tuahphat	quickly	one_sided_bible_attestation	280	2 clean verbal exact Bible rows survive after filtering. Main contexts: finite_main_or_matrix:2; causative_or_derivational_sak:1. Best examples: Song of Solomon 1:4 `tuahpha` [finite_main_or_matrix; needs_analyzer_review]; Proverbs 13:21 `tuahpha` [finite_main_or_matrix; needs_analyzer_review].	No clean verbal exact rows survive yet. Current Bible hits cluster in dependent_temporal_ciangin:1. Current best rows: Proverbs 11:10 `tuahphat` [dependent_temporal_ciangin; needs_analyzer_review].	finite_main_or_matrix:2; causative_or_derivational_sak:1	dependent_temporal_ciangin:1	Song of Solomon 1:4 `tuahpha` [finite_main_or_matrix; V] Proverbs 11:10 `tuahphat` [dependent_temporal_ciangin; N]	finite_main_or_matrix; causative_or_derivational_sak; dependent_temporal_ciangin	Keep the row in the broader inventory for now because no clean form ii verb example.	no clean form ii verb example	Blocked noisy material includes tuahphasak.	Mention in the one-sided Bible attestation section, with an explicit note about the missing or weak side.	no	yes	
vial-vialh	vial	vialh	encircle	one_sided_bible_attestation	290	10 clean verbal exact Bible rows survive after filtering. Main contexts: unknown_or_needs_review:11; finite_main_or_matrix:11; quotative_or_say_complement:4. Best examples: Psalms 41:9 `vial` [finite_main_or_matrix; needs_analyzer_review]; Job 30:10 `vial` [finite_main_or_matrix; needs_analyzer_review]; Daniel 4:23 `vial` [finite_main_or_matrix; needs_analyzer_review].	No clean verbal exact rows survive yet. Current Bible hits cluster in negative_clause:1. Current best rows: Psalms 119:61 `vialh` [negative_clause; needs_analyzer_review].	unknown_or_needs_review:11; finite_main_or_matrix:11; quotative_or_say_complement:4	negative_clause:1	Psalms 41:9 `vial` [finite_main_or_matrix; V] Psalms 119:61 `vialh` [negative_clause; N]	unknown_or_needs_review; finite_main_or_matrix; quotative_or_say_complement; negative_clause	Keep the row in the broader inventory for now because no clean form ii verb example.	no clean form ii verb example		Mention in the one-sided Bible attestation section, with an explicit note about the missing or weak side.	no	yes	
dawn-dawn	dawn	dawn	drink	same_form_questionnaire_control	300	325 clean verbal exact Bible rows survive after filtering. Main contexts: finite_main_or_matrix:179; purpose_nadingin:79; negative_clause:37. Best examples: Song of Solomon 5:1 `dawn` [finite_main_or_matrix; needs_analyzer_review]; Song of Solomon 4:8 `dawn` [finite_main_or_matrix; needs_analyzer_review]; Ruth 3:7 `dawn` [finite_main_or_matrix; needs_analyzer_review].	No current Bible attestation in the audit.	finite_main_or_matrix:179; purpose_nadingin:79; negative_clause:37		Song of Solomon 5:1 `dawn` [finite_main_or_matrix; needs_analyzer_review]; Song of Solomon 4:8 `dawn` [finite_main_or_matrix; needs_analyzer_review]; Ruth 3:7 `dawn` [finite_main_or_matrix; needs_analyzer_review]	finite_main_or_matrix; purpose_nadingin; negative_clause	The questionnaire and Bible use the same written form in both slots, so this belongs in the control subsection rather than in the alternating-pair table.	same written form no overt alternation	Questionnaire uses a same-form mapping, so Bible tokens do not independently prove a distinct written Form II.	Keep in the same-form questionnaire control section rather than in the main pair table.	no	yes	Questionnaire keeps the same written form in both slots, so this row is treated as Form I only for Bible-attestation purposes. Only one stem side is currently attested cleanly in the Bible corpus. Questionnaire evidence comes from the in-repo Zakaria/VSA materials; no separate Karius/Kariuss/Karias questionnaire file is present. *dawn-I/*dawn-II -> dawn/dawn. The questionnaire uses the same written form in both slots.
hong-hong	hong	hong	come	same_form_questionnaire_control	310	15398 clean verbal exact Bible rows survive after filtering. Main contexts: finite_main_or_matrix:12372; negative_clause:2162; quotative_or_say_complement:738. Best examples: Zephaniah 3:9 `hong` [finite_main_or_matrix; needs_analyzer_review]; Zephaniah 3:9 `hong` [finite_main_or_matrix; needs_analyzer_review]; Zephaniah 3:20 `hong` [finite_main_or_matrix; needs_analyzer_review].	No current Bible attestation in the audit.	finite_main_or_matrix:12372; negative_clause:2162; quotative_or_say_complement:738		Zephaniah 3:9 `hong` [finite_main_or_matrix; needs_analyzer_review]; Zephaniah 3:9 `hong` [finite_main_or_matrix; needs_analyzer_review]; Zephaniah 3:20 `hong` [finite_main_or_matrix; needs_analyzer_review]	finite_main_or_matrix; negative_clause; quotative_or_say_complement	The questionnaire and Bible use the same written form in both slots, so this belongs in the control subsection rather than in the alternating-pair table.	same written form no overt alternation	Questionnaire uses a same-form mapping, so Bible tokens do not independently prove a distinct written Form II.	Keep in the same-form questionnaire control section rather than in the main pair table.	no	yes	Questionnaire keeps the same written form in both slots, so this row is treated as Form I only for Bible-attestation purposes. Only one stem side is currently attested cleanly in the Bible corpus. Questionnaire evidence comes from the in-repo Zakaria/VSA materials; no separate Karius/Kariuss/Karias questionnaire file is present. *hong-I/*hong-II -> hong/hong. The questionnaire uses the same written form in both slots.
om-om	om	om	exist/stay	same_form_questionnaire_control	320	9 clean verbal exact Bible rows survive after filtering. Main contexts: unknown_or_needs_review:2687; finite_main_or_matrix:1058; negative_clause:942. Best examples: Psalms 46:10 `“Om` [finite_main_or_matrix; needs_analyzer_review]; Ezekiel 47:16 `om)` [finite_main_or_matrix; needs_analyzer_review]; Jeremiah 37:17 `“Om` [negative_clause; needs_analyzer_review].	No current Bible attestation in the audit.	unknown_or_needs_review:2687; finite_main_or_matrix:1058; negative_clause:942		Psalms 46:10 `“Om` [finite_main_or_matrix; needs_analyzer_review]; Ezekiel 47:16 `om)` [finite_main_or_matrix; needs_analyzer_review]; Jeremiah 37:17 `“Om` [negative_clause; needs_analyzer_review]	unknown_or_needs_review; finite_main_or_matrix; negative_clause	The questionnaire and Bible use the same written form in both slots, so this belongs in the control subsection rather than in the alternating-pair table.	same written form no overt alternation	Questionnaire uses a same-form mapping, so Bible tokens do not independently prove a distinct written Form II.	Keep in the same-form questionnaire control section rather than in the main pair table.	no	yes	Shared Form I base with om-omh. Questionnaire keeps the same written form in both slots, so this row is treated as Form I only for Bible-attestation purposes. Only one stem side is currently attested cleanly in the Bible corpus. Questionnaire evidence comes from the in-repo Zakaria/VSA materials; no separate Karius/Kariuss/Karias questionnaire file is present. *om-I/*om-II -> om/om. The questionnaire uses the same written form in both slots. Analyzer inventory also maps the same Form I base to om-omh.
ci-ci	ci	ci	say	same_form_questionnaire_control	330	5843 clean verbal exact Bible rows survive after filtering. Main contexts: finite_main_or_matrix:5514; negative_clause:131; imperative_or_directive:101. Best examples: Zephaniah 3:7 `ci` [finite_main_or_matrix; needs_analyzer_review]; Zephaniah 3:20 `ci` [finite_main_or_matrix; needs_analyzer_review]; Zephaniah 3:20 `ci` [finite_main_or_matrix; needs_analyzer_review].	No current Bible attestation in the audit.	finite_main_or_matrix:5514; negative_clause:131; imperative_or_directive:101		Zephaniah 3:7 `ci` [finite_main_or_matrix; needs_analyzer_review]; Zephaniah 3:20 `ci` [finite_main_or_matrix; needs_analyzer_review]; Zephaniah 3:20 `ci` [finite_main_or_matrix; needs_analyzer_review]	finite_main_or_matrix; negative_clause; imperative_or_directive	The questionnaire and Bible use the same written form in both slots, so this belongs in the control subsection rather than in the alternating-pair table.	same written form no overt alternation	Questionnaire uses a same-form mapping, so Bible tokens do not independently prove a distinct written Form II.	Keep in the same-form questionnaire control section rather than in the main pair table.	no	yes	Shared Form I base with ci-cih. Questionnaire keeps the same written form in both slots, so this row is treated as Form I only for Bible-attestation purposes. Only one stem side is currently attested cleanly in the Bible corpus. Questionnaire evidence comes from the in-repo Zakaria/VSA materials; no separate Karius/Kariuss/Karias questionnaire file is present. *ci-I/*ci-II -> ci/ci. The questionnaire uses the same written form in both slots. Analyzer inventory also maps the same Form I base to ci-cih.
hi-hi	hi	hi	be	same_form_questionnaire_control	340	No clean verbal exact rows survive yet. Current Bible hits cluster in finite_main_or_matrix:33883; quotative_or_say_complement:7830; negative_clause:5204. Current best rows: Zephaniah 3:9 `hi` [finite_main_or_matrix; needs_analyzer_review]; Zephaniah 3:8 `hi` [finite_main_or_matrix; needs_analyzer_review]; Zephaniah 3:8 `hi` [finite_main_or_matrix; needs_analyzer_review].	No current Bible attestation in the audit.	finite_main_or_matrix:33883; quotative_or_say_complement:7830; negative_clause:5204		Zephaniah 3:9 `hi` [finite_main_or_matrix; needs_analyzer_review]; Zephaniah 3:8 `hi` [finite_main_or_matrix; needs_analyzer_review]; Zephaniah 3:8 `hi` [finite_main_or_matrix; needs_analyzer_review]	finite_main_or_matrix; quotative_or_say_complement; negative_clause	The questionnaire and Bible use the same written form in both slots, so this belongs in the control subsection rather than in the alternating-pair table.	same written form no overt alternation	Questionnaire uses a same-form mapping, so Bible tokens do not independently prove a distinct written Form II.	Keep in the same-form questionnaire control section rather than in the main pair table.	no	yes	Shared Form I base with hi-hih. Questionnaire keeps the same written form in both slots, so this row is treated as Form I only for Bible-attestation purposes. Only one stem side is currently attested cleanly in the Bible corpus. Questionnaire evidence comes from the in-repo Zakaria/VSA materials; no separate Karius/Kariuss/Karias questionnaire file is present. *hi-I/*hi-II -> hi/hi. The questionnaire uses the same written form in both slots. Analyzer inventory also maps the same Form I base to hi-hih.
bawl-bawl	bawl	bawl	make/do	same_form_questionnaire_control	350	1540 clean verbal exact Bible rows survive after filtering. Main contexts: finite_main_or_matrix:1269; negative_clause:112; imperative_or_directive:63. Best examples: Zechariah 9:3 `bawl` [finite_main_or_matrix; needs_analyzer_review]; Zechariah 12:3 `bawl` [finite_main_or_matrix; needs_analyzer_review]; Zechariah 12:2 `bawl` [finite_main_or_matrix; needs_analyzer_review].	No current Bible attestation in the audit.	finite_main_or_matrix:1269; negative_clause:112; imperative_or_directive:63		Zechariah 9:3 `bawl` [finite_main_or_matrix; needs_analyzer_review]; Zechariah 12:3 `bawl` [finite_main_or_matrix; needs_analyzer_review]; Zechariah 12:2 `bawl` [finite_main_or_matrix; needs_analyzer_review]	finite_main_or_matrix; negative_clause; imperative_or_directive	The questionnaire and Bible use the same written form in both slots, so this belongs in the control subsection rather than in the alternating-pair table.	same written form no overt alternation	Questionnaire uses a same-form mapping, so Bible tokens do not independently prove a distinct written Form II.	Keep in the same-form questionnaire control section rather than in the main pair table.	no	yes	Shared Form I base with bawl-bawlh. Questionnaire keeps the same written form in both slots, so this row is treated as Form I only for Bible-attestation purposes. Only one stem side is currently attested cleanly in the Bible corpus. Questionnaire evidence comes from the in-repo Zakaria/VSA materials; no separate Karius/Kariuss/Karias questionnaire file is present. *bawl-I/*bawl-II -> bawl/bawl. The questionnaire uses the same written form in both slots. Analyzer inventory also maps the same Form I base to bawl-bawlh.
zui-zui	zui	zui	follow	same_form_questionnaire_control	360	486 clean verbal exact Bible rows survive after filtering. Main contexts: finite_main_or_matrix:331; negative_clause:107; imperative_or_directive:35. Best examples: Zechariah 8:8 `zui` [finite_main_or_matrix; needs_analyzer_review]; Ruth 1:11 `zui` [finite_main_or_matrix; needs_analyzer_review]; Romans 7:25 `zui` [finite_main_or_matrix; needs_analyzer_review].	No current Bible attestation in the audit.	finite_main_or_matrix:331; negative_clause:107; imperative_or_directive:35		Zechariah 8:8 `zui` [finite_main_or_matrix; needs_analyzer_review]; Ruth 1:11 `zui` [finite_main_or_matrix; needs_analyzer_review]; Romans 7:25 `zui` [finite_main_or_matrix; needs_analyzer_review]	finite_main_or_matrix; negative_clause; imperative_or_directive	The questionnaire and Bible use the same written form in both slots, so this belongs in the control subsection rather than in the alternating-pair table.	same written form no overt alternation	Questionnaire uses a same-form mapping, so Bible tokens do not independently prove a distinct written Form II.	Keep in the same-form questionnaire control section rather than in the main pair table.	no	yes	Shared Form I base with zui-zuih. Questionnaire keeps the same written form in both slots, so this row is treated as Form I only for Bible-attestation purposes. Only one stem side is currently attested cleanly in the Bible corpus. Questionnaire evidence comes from the in-repo Zakaria/VSA materials; no separate Karius/Kariuss/Karias questionnaire file is present. *zui-I/*zui-II -> zui/zui. The questionnaire uses the same written form in both slots. Analyzer inventory also maps the same Form I base to zui-zuih.
pai-pai	pai	pai	go	same_form_questionnaire_control	370	2371 clean verbal exact Bible rows survive after filtering. Main contexts: finite_main_or_matrix:1824; imperative_or_directive:190; negative_clause:162. Best examples: Zephaniah 1:6 `pai` [finite_main_or_matrix; needs_analyzer_review]; Zechariah 9:9 `pai` [finite_main_or_matrix; needs_analyzer_review]; Zechariah 9:9 `pai` [finite_main_or_matrix; needs_analyzer_review].	No current Bible attestation in the audit.	finite_main_or_matrix:1824; imperative_or_directive:190; negative_clause:162		Zephaniah 1:6 `pai` [finite_main_or_matrix; needs_analyzer_review]; Zechariah 9:9 `pai` [finite_main_or_matrix; needs_analyzer_review]; Zechariah 9:9 `pai` [finite_main_or_matrix; needs_analyzer_review]	finite_main_or_matrix; imperative_or_directive; negative_clause	The questionnaire and Bible use the same written form in both slots, so this belongs in the control subsection rather than in the alternating-pair table.	same written form no overt alternation	Questionnaire uses a same-form mapping, so Bible tokens do not independently prove a distinct written Form II.	Keep in the same-form questionnaire control section rather than in the main pair table.	no	yes	Shared Form I base with pai-paih. Questionnaire keeps the same written form in both slots, so this row is treated as Form I only for Bible-attestation purposes. Only one stem side is currently attested cleanly in the Bible corpus. Questionnaire evidence comes from the in-repo Zakaria/VSA materials; no separate Karius/Kariuss/Karias questionnaire file is present. *pai-I/*pai-II -> pai/pai. The questionnaire uses the same written form in both slots. Analyzer inventory also maps the same Form I base to pai-paih. `source_zam_ngaih_cing=yes` means the in-repo literature review aligns this pair directly to Zam Ngaih Cing; it does not claim an exhaustive extracted Stem 1/2 list.
keu-keuh	keu	keuh	dig	rejected_nonverbal_or_noise	500	No clean verbal exact rows survive yet. Current Bible hits cluster in unknown_or_needs_review:89; finite_main_or_matrix:44; causative_or_derivational_sak:15. Current best rows: Psalms 90:6 `keu` [finite_main_or_matrix; needs_analyzer_review]; Matthew 13:6 `keu` [finite_main_or_matrix; needs_analyzer_review]; Jonah 4:7 `keu` [finite_main_or_matrix; needs_analyzer_review].	No clean verbal exact rows survive yet. Current Bible hits cluster in finite_main_or_matrix:5; causative_or_derivational_sak:1; negative_clause:1. Current best rows: Isaiah 34:15 `keuh` [finite_main_or_matrix; needs_analyzer_review]; Song of Solomon 5:13 `kiuhkeuh` [finite_main_or_matrix; needs_analyzer_review]; Song of Solomon 5:12 `kiuhkeuh` [finite_main_or_matrix; needs_analyzer_review].	unknown_or_needs_review:89; finite_main_or_matrix:44; causative_or_derivational_sak:15	finite_main_or_matrix:5; causative_or_derivational_sak:1; negative_clause:1	Exodus 14:16 form_i `keu` [reject_for_print; reject]	unknown_or_needs_review; finite_main_or_matrix; causative_or_derivational_sak; negative_clause	This is the kind of analyzer pair the manual review is meant to keep out of the verb-stem alternation grammar.	current Bible hits are nominal rather than verbal on both sides This is not a clean verbal citation.	Blocked noisy material includes keusak, keutumsak, keuhsak, keusakin.	Use only in the rejected or noise section to explain why the pair stays blocked.	no	yes	
khai-khaih	khai	khaih	hold	rejected_nonverbal_or_noise	510	No clean verbal exact rows survive yet. Current Bible hits cluster in unknown_or_needs_review:94; finite_main_or_matrix:85; nominalized_na:35. Current best rows: Psalms 74:4 `khai` [finite_main_or_matrix; needs_analyzer_review]; Psalms 137:2 `khai` [finite_main_or_matrix; needs_analyzer_review]; Numbers 21:9 `khai` [finite_main_or_matrix; needs_analyzer_review].	No clean verbal exact rows survive yet. Current Bible hits cluster in unknown_or_needs_review:2. Current best rows: Proverbs 9:2 `khaih` [unknown_or_needs_review; needs_analyzer_review]; Matthew 23:24 `khaih` [unknown_or_needs_review; needs_analyzer_review].	unknown_or_needs_review:94; finite_main_or_matrix:85; nominalized_na:35	unknown_or_needs_review:2	Proverbs 9:2 form_ii `khaih` [reject_for_print; reject]	unknown_or_needs_review; finite_main_or_matrix; nominalized_na	Current evidence is too noisy or too weakly verbal for promotion.	no clean form i verb example No clean Form I verbal evidence has been isolated.	Blocked noisy material includes khaisak, kikhailupsak.	Use only in the rejected or noise section to explain why the pair stays blocked.	no	yes	
sia-siah	sia	siah	decay	rejected_nonverbal_or_noise	520	No clean verbal exact rows survive yet. Current Bible hits cluster in unknown_or_needs_review:483; finite_main_or_matrix:422; negative_clause:72. Current best rows: Psalms 53:1 `sia` [finite_main_or_matrix; needs_analyzer_review]; Psalms 49:14 `sia` [finite_main_or_matrix; needs_analyzer_review]; Psalms 14:1 `sia` [finite_main_or_matrix; needs_analyzer_review].	No clean verbal exact rows survive yet. Current Bible hits cluster in unknown_or_needs_review:110; finite_main_or_matrix:28; nominalized_na:14. Current best rows: Psalms 57:6 `siah` [finite_main_or_matrix; needs_analyzer_review]; Psalms 119:110 `siah` [finite_main_or_matrix; needs_analyzer_review]; Proverbs 1:18 `siah` [finite_main_or_matrix; needs_analyzer_review].	unknown_or_needs_review:483; finite_main_or_matrix:422; negative_clause:72	unknown_or_needs_review:110; finite_main_or_matrix:28; nominalized_na:14	1 Chronicles 18:2 form_ii `siah` [reject_for_print; reject]	unknown_or_needs_review; finite_main_or_matrix; negative_clause; nominalized_na	Current evidence is too noisy or too weakly verbal for promotion.	no clean form i verb example The pair still lacks a clean verbal Form I side.	Blocked noisy material includes siasak, minsiasak, siasakin, siasakte.	Use only in the rejected or noise section to explain why the pair stays blocked.	no	yes	
tan-tanh	tan	tanh	spread	rejected_nonverbal_or_noise	530	No clean verbal exact rows survive yet. Current Bible hits cluster in finite_main_or_matrix:83; unknown_or_needs_review:29; causative_or_derivational_sak:13. Current best rows: Matthew 6:17 `tan` [finite_main_or_matrix; needs_analyzer_review]; Matthew 6:16 `tan` [finite_main_or_matrix; needs_analyzer_review]; Joel 1:14 `tan` [finite_main_or_matrix; needs_analyzer_review].	No clean verbal exact rows survive yet. Current Bible hits cluster in unknown_or_needs_review:45; finite_main_or_matrix:24; negative_clause:8. Current best rows: Song of Solomon 8:12 `tanh` [finite_main_or_matrix; needs_analyzer_review]; Ruth 4:4 `tanh` [finite_main_or_matrix; needs_analyzer_review]; Numbers 18:8 `tanh` [finite_main_or_matrix; needs_analyzer_review].	finite_main_or_matrix:83; unknown_or_needs_review:29; causative_or_derivational_sak:13	unknown_or_needs_review:45; finite_main_or_matrix:24; negative_clause:8	Matthew 6:17 form_i `tan` [reject_for_print; reject]	finite_main_or_matrix; unknown_or_needs_review; causative_or_derivational_sak; negative_clause	Current evidence is too noisy or too weakly verbal for promotion.	no clean form i verb example Current rows are not lexically secure verbal evidence.	Blocked noisy material includes suktansak, ngaptansak, kitansak, tansak.	Use only in the rejected or noise section to explain why the pair stays blocked.	no	yes	
mual-mualh	mual	mualh	mountain	rejected_nonverbal_or_noise	540	No clean verbal exact rows survive yet. Current Bible hits cluster in unknown_or_needs_review:736; finite_main_or_matrix:103; negative_clause:12. Current best rows: Ezekiel 43:9 `mual` [finite_main_or_matrix; needs_analyzer_review]; Psalms 89:12 `mual` [imperative_or_directive; needs_analyzer_review]; Song of Solomon 4:8 `Mual` [negative_clause; needs_analyzer_review].	No clean verbal exact rows survive yet. Current Bible hits cluster in quotative_or_say_complement:1. Current best rows: Leviticus 13:56 `mualh` [quotative_or_say_complement; needs_analyzer_review].	unknown_or_needs_review:736; finite_main_or_matrix:103; negative_clause:12	quotative_or_say_complement:1	Ezekiel 43:9 `mual` [finite_main_or_matrix; needs_analyzer_review]; Psalms 89:12 `mual` [imperative_or_directive; needs_analyzer_review]; Song of Solomon 4:8 `Mual` [negative_clause; needs_analyzer_review] Leviticus 13:56 `mualh` [quotative_or_say_complement; needs_analyzer_review]	unknown_or_needs_review; finite_main_or_matrix; negative_clause; quotative_or_say_complement	Current Bible hits do not support this as a genuine lexical stem-alternation verb.	nominal or compound examples only		Use only in the rejected or noise section to explain why the pair stays blocked.	no	yes	
sum-sumh	sum	sumh	money	rejected_nonverbal_or_noise	550	No clean verbal exact rows survive yet. Current Bible hits cluster in unknown_or_needs_review:395; finite_main_or_matrix:180; nominalized_na:24. Current best rows: Matthew 6:19 `sum` [finite_main_or_matrix; needs_analyzer_review]; Luke 16:9 `sum` [finite_main_or_matrix; needs_analyzer_review]; Luke 12:34 `sum` [finite_main_or_matrix; needs_analyzer_review].	No clean verbal exact rows survive yet. Current Bible hits cluster in unknown_or_needs_review:1. Current best rows: Exodus 21:21 `sumh` [unknown_or_needs_review; needs_analyzer_review].	unknown_or_needs_review:395; finite_main_or_matrix:180; nominalized_na:24	unknown_or_needs_review:1	Matthew 6:19 `sum` [finite_main_or_matrix; needs_analyzer_review]; Luke 16:9 `sum` [finite_main_or_matrix; needs_analyzer_review]; Luke 12:34 `sum` [finite_main_or_matrix; needs_analyzer_review] Exodus 21:21 `sumh` [unknown_or_needs_review; needs_analyzer_review]	unknown_or_needs_review; finite_main_or_matrix; nominalized_na	Current Bible hits do not support this as a genuine lexical stem-alternation verb.	nominal or compound examples only		Use only in the rejected or noise section to explain why the pair stays blocked.	no	yes	
thu-thuh	thu	thuh	word	rejected_nonverbal_or_noise	560	No clean verbal exact rows survive yet. Current Bible hits cluster in unknown_or_needs_review:8128; finite_main_or_matrix:900; negative_clause:634. Current best rows: Titus 3:9 `thu` [finite_main_or_matrix; needs_analyzer_review]; Romans 1:8 `thu` [finite_main_or_matrix; needs_analyzer_review]; Psalms 74:9 `thu` [finite_main_or_matrix; needs_analyzer_review].	No clean verbal exact rows survive yet. Current Bible hits cluster in nominalized_na:8; finite_main_or_matrix:4; unknown_or_needs_review:3. Current best rows: Esther 8:8 `thuh` [imperative_or_directive; needs_analyzer_review]; Galatians 3:15 `thuhkhit` [finite_main_or_matrix; needs_analyzer_review]; Esther 8:8 `kithuh` [finite_main_or_matrix; needs_analyzer_review].	unknown_or_needs_review:8128; finite_main_or_matrix:900; negative_clause:634	nominalized_na:8; finite_main_or_matrix:4; unknown_or_needs_review:3	Titus 3:9 `thu` [finite_main_or_matrix; needs_analyzer_review]; Romans 1:8 `thu` [finite_main_or_matrix; needs_analyzer_review]; Psalms 74:9 `thu` [finite_main_or_matrix; needs_analyzer_review] Esther 8:8 `thuh` [imperative_or_directive; needs_analyzer_review]; Galatians 3:15 `thuhkhit` [finite_main_or_matrix; needs_analyzer_review]; Esther 8:8 `kithuh` [finite_main_or_matrix; needs_analyzer_review]	unknown_or_needs_review; finite_main_or_matrix; negative_clause; nominalized_na	Current Bible hits do not support this as a genuine lexical stem-alternation verb.	nominal or compound examples only	Blocked noisy material includes thuksak, thumangsak.	Use only in the rejected or noise section to explain why the pair stays blocked.	no	yes	
lampi-lampih	lampi	lampih	way	rejected_nonverbal_or_noise	570	No clean verbal exact rows survive yet. Current Bible hits cluster in unknown_or_needs_review:254; finite_main_or_matrix:77; negative_clause:25. Current best rows: Psalms 35:6 `lampi` [finite_main_or_matrix; needs_analyzer_review]; Proverbs 6:23 `lampi` [finite_main_or_matrix; needs_analyzer_review]; Proverbs 21:5 `lampi` [finite_main_or_matrix; needs_analyzer_review].	No clean verbal exact rows survive yet. Current Bible hits cluster in negative_clause:1. Current best rows: Psalms 127:1 `lampih` [negative_clause; needs_analyzer_review].	unknown_or_needs_review:254; finite_main_or_matrix:77; negative_clause:25	negative_clause:1	Psalms 35:6 `lampi` [finite_main_or_matrix; needs_analyzer_review]; Proverbs 6:23 `lampi` [finite_main_or_matrix; needs_analyzer_review]; Proverbs 21:5 `lampi` [finite_main_or_matrix; needs_analyzer_review] Psalms 127:1 `lampih` [negative_clause; needs_analyzer_review]	unknown_or_needs_review; finite_main_or_matrix; negative_clause	Current Bible hits do not support this as a genuine lexical stem-alternation verb.	nominal or compound examples only		Use only in the rejected or noise section to explain why the pair stays blocked.	no	yes	
khua-khuat	khua	khuat	town	rejected_nonverbal_or_noise	580	No clean verbal exact rows survive yet. Current Bible hits cluster in unknown_or_needs_review:2810; finite_main_or_matrix:653; negative_clause:60. Current best rows: Jeremiah 51:49 `khua` [imperative_or_directive; needs_analyzer_review]; Jeremiah 51:35 `khua` [imperative_or_directive; needs_analyzer_review]; Isaiah 15:9 `khua` [imperative_or_directive; needs_analyzer_review].	No clean verbal exact rows survive yet. Current Bible hits cluster in finite_main_or_matrix:2; unknown_or_needs_review:1. Current best rows: Job 39:21 `khuat` [finite_main_or_matrix; needs_analyzer_review]; Jeremiah 13:7 `khuat` [unknown_or_needs_review; needs_analyzer_review]; Genesis 50:5 `khuatsa` [finite_main_or_matrix; needs_analyzer_review].	unknown_or_needs_review:2810; finite_main_or_matrix:653; negative_clause:60	finite_main_or_matrix:2; unknown_or_needs_review:1	Jeremiah 51:49 `khua` [imperative_or_directive; needs_analyzer_review]; Jeremiah 51:35 `khua` [imperative_or_directive; needs_analyzer_review]; Isaiah 15:9 `khua` [imperative_or_directive; needs_analyzer_review] Job 39:21 `khuat` [finite_main_or_matrix; needs_analyzer_review]; Jeremiah 13:7 `khuat` [unknown_or_needs_review; needs_analyzer_review]; Genesis 50:5 `khuatsa` [finite_main_or_matrix; needs_analyzer_review]	unknown_or_needs_review; finite_main_or_matrix; negative_clause	Current Bible hits do not support this as a genuine lexical stem-alternation verb.	nominal or compound examples only		Use only in the rejected or noise section to explain why the pair stays blocked.	no	yes	
gamla-gamlat	gamla	gamlat	wilderness	rejected_nonverbal_or_noise	590	No clean verbal exact rows survive yet. Current Bible hits cluster in unknown_or_needs_review:57; negative_clause:14; finite_main_or_matrix:9. Current best rows: Judges 18:28 `gamla` [finite_main_or_matrix; needs_analyzer_review]; Psalms 71:12 `gamla` [negative_clause; needs_analyzer_review]; Psalms 22:19 `gamla` [negative_clause; needs_analyzer_review].	No clean verbal exact rows survive yet. Current Bible hits cluster in unknown_or_needs_review:1. Current best rows: Psalms 103:12 `gamlat` [unknown_or_needs_review; needs_analyzer_review].	unknown_or_needs_review:57; negative_clause:14; finite_main_or_matrix:9	unknown_or_needs_review:1	Judges 18:28 `gamla` [finite_main_or_matrix; needs_analyzer_review]; Psalms 71:12 `gamla` [negative_clause; needs_analyzer_review]; Psalms 22:19 `gamla` [negative_clause; needs_analyzer_review] Psalms 103:12 `gamlat` [unknown_or_needs_review; needs_analyzer_review]	unknown_or_needs_review; negative_clause; finite_main_or_matrix	Current Bible hits do not support this as a genuine lexical stem-alternation verb.	nominal or compound examples only	Blocked noisy material includes kigamlasak.	Use only in the rejected or noise section to explain why the pair stays blocked.	no	yes	
honkhia-honkhiat	honkhia	honkhiat	bring.out	difficult_but_real_pair	600	No clean verbal exact rows survive yet. Current Bible hits cluster in compound_or_lexicalized:363. Current best rows: Zephaniah 1:18 `honkhia` [compound_or_lexicalized; exclude_for_now]; Zechariah 9:16 `honkhia` [compound_or_lexicalized; exclude_for_now]; Zechariah 8:7 `honkhia` [compound_or_lexicalized; exclude_for_now].	No clean verbal exact rows survive yet. Current Bible hits cluster in compound_or_lexicalized:1. Current best rows: Revelation 6:1 `honkhiat` [compound_or_lexicalized; exclude_for_now].	compound_or_lexicalized:363	compound_or_lexicalized:1	Zephaniah 1:18 `honkhia` [compound_or_lexicalized; exclude_for_now]; Zechariah 9:16 `honkhia` [compound_or_lexicalized; exclude_for_now]; Zechariah 8:7 `honkhia` [compound_or_lexicalized; exclude_for_now] Revelation 6:1 `honkhiat` [compound_or_lexicalized; exclude_for_now]	compound_or_lexicalized	honkhia ~ honkhiat remains grammatically important, but the surviving evidence still needs caveated handling.	category mismatch	Current evidence behaves as lexicalized or category-mixed rather than as a clean pedagogical stem pair. Blocked noisy material includes honkhia, kihonkhia, kihonkhiazo, kihonkhia-in.	Discuss in the difficult-but-real section, emphasizing why the pair matters without treating it as routine evidence.	no	yes	Current Bible evidence is limited to noisy, lexicalized, or heavily derived material. This pair is discussed in current project review materials.
hu-huh	hu	huh	help	difficult_but_real_pair	610	No clean verbal exact rows survive yet. Current Bible hits cluster in compound_or_lexicalized:164. Current best rows: Zechariah 9:8 `hu` [compound_or_lexicalized; exclude_for_now]; Zechariah 9:15 `hu` [compound_or_lexicalized; exclude_for_now]; Zechariah 2:5 `hu` [compound_or_lexicalized; exclude_for_now].	No clean verbal exact rows survive yet. Current Bible hits cluster in compound_or_lexicalized:464. Current best rows: Zephaniah 3:12 `huhna` [compound_or_lexicalized; exclude_for_now]; Zechariah 8:2 `huh` [compound_or_lexicalized; exclude_for_now]; Zechariah 6:15 `huh` [compound_or_lexicalized; exclude_for_now].	compound_or_lexicalized:164	compound_or_lexicalized:464	Zechariah 9:8 `hu` [compound_or_lexicalized; exclude_for_now]; Zechariah 9:15 `hu` [compound_or_lexicalized; exclude_for_now]; Zechariah 2:5 `hu` [compound_or_lexicalized; exclude_for_now] Zephaniah 3:12 `huhna` [compound_or_lexicalized; exclude_for_now]; Zechariah 8:2 `huh` [compound_or_lexicalized; exclude_for_now]; Zechariah 6:15 `huh` [compound_or_lexicalized; exclude_for_now]	compound_or_lexicalized	hu ~ huh remains grammatically important, but the surviving evidence still needs caveated handling.	category mismatch	Current evidence behaves as lexicalized or category-mixed rather than as a clean pedagogical stem pair. Blocked noisy material includes huh, hu, huhna, huhin.	Discuss in the difficult-but-real section, emphasizing why the pair matters without treating it as routine evidence.	no	yes	Current Bible evidence is limited to noisy, lexicalized, or heavily derived material. Questionnaire evidence comes from the in-repo Zakaria/VSA materials; no separate Karius/Kariuss/Karias questionnaire file is present. *huh-I/*huh-II -> hu/huh. Present in the publication-review packet, but absent from VERB_STEM_PAIRS. This pair is discussed in current project review materials.
mu-muk	mu	muk	see	difficult_but_real_pair	620	No clean verbal exact rows survive yet. Current Bible hits cluster in finite_main_or_matrix:2.	No clean verbal exact rows survive yet. Current Bible hits cluster in unknown_or_needs_review:26; finite_main_or_matrix:7; imperative_or_directive:1. Current best rows: Psalms 59:7 `muk` [finite_main_or_matrix; needs_analyzer_review]; Psalms 59:12 `muk` [finite_main_or_matrix; needs_analyzer_review]; Psalms 50:16 `muk` [finite_main_or_matrix; needs_analyzer_review].	finite_main_or_matrix:2	unknown_or_needs_review:26; finite_main_or_matrix:7; imperative_or_directive:1	Psalms 59:7 `muk` [finite_main_or_matrix; needs_analyzer_review]; Psalms 59:12 `muk` [finite_main_or_matrix; needs_analyzer_review]; Psalms 50:16 `muk` [finite_main_or_matrix; needs_analyzer_review]	finite_main_or_matrix; unknown_or_needs_review; imperative_or_directive	mu ~ muk remains grammatically important, but the surviving evidence still needs caveated handling.	analyzer pair only		Discuss in the difficult-but-real section, emphasizing why the pair matters without treating it as routine evidence.	no	yes	Shared Form I base with mu-muh. Both forms are attested, but at least one side is clearest in dependent, nominalized, or otherwise non-bare environments.
pua-puah	pua	puah	bet	difficult_but_real_pair	630	No current Bible attestation in the audit.	63 clean verbal exact Bible rows survive after filtering. Main contexts: finite_main_or_matrix:84; purpose_nadingin:13; unknown_or_needs_review:6. Best examples: Nehemiah 3:9 `puah` [finite_main_or_matrix; needs_analyzer_review]; Nehemiah 3:8 `puah` [finite_main_or_matrix; needs_analyzer_review]; Nehemiah 3:8 `puah` [finite_main_or_matrix; needs_analyzer_review].		finite_main_or_matrix:84; purpose_nadingin:13; unknown_or_needs_review:6	Nehemiah 3:9 `puah` [finite_main_or_matrix; V]	finite_main_or_matrix; purpose_nadingin; unknown_or_needs_review	The current evidence is too one-sided to treat `pua ~ puah` as an independent promoted pair.	only the Form II side is cleanly verbal, and it shares its Form I base with `pua ~ puak`	Blocked noisy material includes puahsak, puahsakkik, kipuahphasak.	Discuss in the difficult-but-real section, emphasizing why the pair matters without treating it as routine evidence.	no	yes	Shared Form I base with pua-puak. Only one stem side is currently attested cleanly in the Bible corpus.
ci-cih	ci	cih	say	one_sided_bible_attestation	640	5843 clean verbal exact Bible rows survive after filtering. Main contexts: finite_main_or_matrix:7540; negative_clause:305; imperative_or_directive:110. Best examples: Zephaniah 3:7 `ci` [finite_main_or_matrix; needs_analyzer_review]; Zephaniah 3:20 `ci` [finite_main_or_matrix; needs_analyzer_review]; Zephaniah 3:20 `ci` [finite_main_or_matrix; needs_analyzer_review].	2797 clean verbal exact Bible rows survive after filtering. Main contexts: quotative_or_say_complement:2048; finite_main_or_matrix:813; nominalized_na:314. Best examples: Zechariah 1:9 `cih` [finite_main_or_matrix; needs_analyzer_review]; Zechariah 14:8 `cih` [finite_main_or_matrix; needs_analyzer_review]; Zechariah 14:7 `cih` [finite_main_or_matrix; needs_analyzer_review].	finite_main_or_matrix:7540; negative_clause:305; imperative_or_directive:110	quotative_or_say_complement:2048; finite_main_or_matrix:813; nominalized_na:314	Zephaniah 3:7 `ci` [finite_main_or_matrix; needs_analyzer_review]; Zephaniah 3:20 `ci` [finite_main_or_matrix; needs_analyzer_review]; Zephaniah 3:20 `ci` [finite_main_or_matrix; needs_analyzer_review] Zechariah 1:9 `cih` [finite_main_or_matrix; needs_analyzer_review]; Zechariah 14:8 `cih` [finite_main_or_matrix; needs_analyzer_review]; Zechariah 14:7 `cih` [finite_main_or_matrix; needs_analyzer_review]	finite_main_or_matrix; negative_clause; imperative_or_directive; quotative_or_say_complement; nominalized_na	The lexical item is probably real, but the Bible evidence is still one-sided or constructionally skewed.	category mismatch	Blocked noisy material includes cisak, cihsak, cimawhsak, citheisakkik.	Mention in the one-sided Bible attestation section, with an explicit note about the missing or weak side.	no	yes	`source_henderson=yes` means the in-repo literature review aligns this pair directly to Henderson; it does not claim an exhaustive extracted Henderson pair list.
hi-hih	hi	hih	be	one_sided_bible_attestation	650	46932 clean verbal exact Bible rows survive after filtering. Main contexts: finite_main_or_matrix:34200; quotative_or_say_complement:7851; negative_clause:5274. Best examples: Zephaniah 3:9 `hi` [finite_main_or_matrix; needs_analyzer_review]; Zephaniah 3:8 `hi` [finite_main_or_matrix; needs_analyzer_review]; Zephaniah 3:8 `hi` [finite_main_or_matrix; needs_analyzer_review].	No clean verbal exact rows survive yet. Current Bible hits cluster in unknown_or_needs_review:4660; nominalized_na:572; negative_clause:366. Current best rows: Zechariah 1:21 `hih` [finite_main_or_matrix; needs_analyzer_review]; Ruth 3:5 `hih` [finite_main_or_matrix; needs_analyzer_review]; Ruth 3:13 `hih` [finite_main_or_matrix; needs_analyzer_review].	finite_main_or_matrix:34200; quotative_or_say_complement:7851; negative_clause:5274	unknown_or_needs_review:4660; nominalized_na:572; negative_clause:366	Zephaniah 3:9 `hi` [finite_main_or_matrix; needs_analyzer_review]; Zephaniah 3:8 `hi` [finite_main_or_matrix; needs_analyzer_review]; Zephaniah 3:8 `hi` [finite_main_or_matrix; needs_analyzer_review] Zechariah 1:21 `hih` [finite_main_or_matrix; needs_analyzer_review]; Ruth 3:5 `hih` [finite_main_or_matrix; needs_analyzer_review]; Ruth 3:13 `hih` [finite_main_or_matrix; needs_analyzer_review]	finite_main_or_matrix; quotative_or_say_complement; negative_clause; unknown_or_needs_review; nominalized_na	The lexical item is probably real, but the Bible evidence is still one-sided or constructionally skewed.	category mismatch	Blocked noisy material includes hihsak, kihihsakna, kihisakin, kihihsakpih.	Mention in the one-sided Bible attestation section, with an explicit note about the missing or weak side.	no	yes	`source_henderson=yes` means the in-repo literature review aligns this pair directly to Henderson; it does not claim an exhaustive extracted Henderson pair list.
kho-khot	kho	khot	labor	one_sided_bible_attestation	660	No current Bible attestation in the audit.	No clean verbal exact rows survive yet. Current Bible hits cluster in unknown_or_needs_review:2. Current best rows: Matthew 19:21 `khotte` [unknown_or_needs_review; needs_analyzer_review]; Luke 18:22 `khotte` [unknown_or_needs_review; needs_analyzer_review].		unknown_or_needs_review:2	Matthew 19:21 `khotte` [unknown_or_needs_review; needs_analyzer_review]; Luke 18:22 `khotte` [unknown_or_needs_review; needs_analyzer_review]	unknown_or_needs_review	The lexical item is probably real, but the Bible evidence is still one-sided or constructionally skewed.	analyzer pair only		Mention in the one-sided Bible attestation section, with an explicit note about the missing or weak side.	no	yes	Shared Form I base with kho-khoh. Current Bible evidence is limited to noisy, lexicalized, or heavily derived material.
ne-neh	ne	neh	eat	one_sided_bible_attestation	670	No current Bible attestation in the audit.	No clean verbal exact rows survive yet. Current Bible hits cluster in finite_main_or_matrix:13; unknown_or_needs_review:13; negative_clause:6. Current best rows: Luke 23:10 `neh` [finite_main_or_matrix; needs_analyzer_review]; Genesis 19:9 `neh` [finite_main_or_matrix; needs_analyzer_review]; Genesis 19:9 `neh` [finite_main_or_matrix; needs_analyzer_review].		finite_main_or_matrix:13; unknown_or_needs_review:13; negative_clause:6	Luke 23:10 `neh` [finite_main_or_matrix; needs_analyzer_review]; Genesis 19:9 `neh` [finite_main_or_matrix; needs_analyzer_review]; Genesis 19:9 `neh` [finite_main_or_matrix; needs_analyzer_review]	finite_main_or_matrix; unknown_or_needs_review; negative_clause	The lexical item is probably real, but the Bible evidence is still one-sided or constructionally skewed.	analyzer pair only		Mention in the one-sided Bible attestation section, with an explicit note about the missing or weak side.	no	yes	Shared Form I base with ne-nek. Only one stem side is currently attested cleanly in the Bible corpus.
no-noh	no	noh	young	one_sided_bible_attestation	680	No clean verbal exact rows survive yet. Current Bible hits cluster in unknown_or_needs_review:555; nominalized_na:129; finite_main_or_matrix:20. Current best rows: Matthew 24:32 `no` [dependent_temporal_ciangin; needs_analyzer_review]; Mark 13:28 `no` [dependent_temporal_ciangin; needs_analyzer_review]; Genesis 39:17 `no` [purpose_nadingin; needs_analyzer_review].	No clean verbal exact rows survive yet. Current Bible hits cluster in unknown_or_needs_review:1; finite_main_or_matrix:1. Current best rows: Genesis 26:8 `noh` [unknown_or_needs_review; needs_analyzer_review]; Judges 20:43 `Nohah` [finite_main_or_matrix; needs_analyzer_review].	unknown_or_needs_review:555; nominalized_na:129; finite_main_or_matrix:20	unknown_or_needs_review:1; finite_main_or_matrix:1	Matthew 24:32 `no` [dependent_temporal_ciangin; needs_analyzer_review]; Mark 13:28 `no` [dependent_temporal_ciangin; needs_analyzer_review]; Genesis 39:17 `no` [purpose_nadingin; needs_analyzer_review] Genesis 26:8 `noh` [unknown_or_needs_review; needs_analyzer_review]; Judges 20:43 `Nohah` [finite_main_or_matrix; needs_analyzer_review]	unknown_or_needs_review; nominalized_na; finite_main_or_matrix	The lexical item is probably real, but the Bible evidence is still one-sided or constructionally skewed.	category mismatch	Blocked noisy material includes nosuaksakkik, nosakkik, nosak.	Mention in the one-sided Bible attestation section, with an explicit note about the missing or weak side.	no	yes	
si-sit	si	sit	die	one_sided_bible_attestation	690	836 clean verbal exact Bible rows survive after filtering. Main contexts: finite_main_or_matrix:734; negative_clause:64; purpose_nadingin:24. Best examples: Zephaniah 1:11 `si` [finite_main_or_matrix; needs_analyzer_review]; Zechariah 9:7 `si` [finite_main_or_matrix; needs_analyzer_review]; Zechariah 14:8 `Si` [finite_main_or_matrix; needs_analyzer_review].	20 clean verbal exact Bible rows survive after filtering. Main contexts: finite_main_or_matrix:15; negative_clause:2; purpose_nadingin:2. Best examples: Matthew 10:18 `sit` [finite_main_or_matrix; needs_analyzer_review]; Luke 23:14 `sit` [finite_main_or_matrix; needs_analyzer_review]; Luke 19:22 `sit` [finite_main_or_matrix; needs_analyzer_review].	finite_main_or_matrix:734; negative_clause:64; purpose_nadingin:24	finite_main_or_matrix:15; negative_clause:2; purpose_nadingin:2	Zephaniah 1:11 `si` [finite_main_or_matrix; needs_analyzer_review]; Zechariah 9:7 `si` [finite_main_or_matrix; needs_analyzer_review]; Zechariah 14:8 `Si` [finite_main_or_matrix; needs_analyzer_review] Matthew 10:18 `sit` [finite_main_or_matrix; needs_analyzer_review]; Luke 23:14 `sit` [finite_main_or_matrix; needs_analyzer_review]; Luke 19:22 `sit` [finite_main_or_matrix; needs_analyzer_review]	finite_main_or_matrix; negative_clause; purpose_nadingin	The lexical item is probably real, but the Bible evidence is still one-sided or constructionally skewed.	needs manual philological review		Mention in the one-sided Bible attestation section, with an explicit note about the missing or weak side.	no	yes	Questionnaire evidence comes from the in-repo Zakaria/VSA materials; no separate Karius/Kariuss/Karias questionnaire file is present. *sih-I/*sit-II -> si/sit. Henderson is only indirectly aligned to this pair in current project materials, not through a direct in-repo Tedim pair list.
hoih-hoih	hoih	hoih	good	same_form_questionnaire_control	700	No clean verbal exact rows survive yet. Current Bible hits cluster in unknown_or_needs_review:490; negative_clause:90; finite_main_or_matrix:43. Current best rows: Titus 3:8 `hoih` [finite_main_or_matrix; needs_analyzer_review]; Romans 14:4 `hoih` [finite_main_or_matrix; needs_analyzer_review]; Psalms 147:1 `hoih` [finite_main_or_matrix; needs_analyzer_review].	No current Bible attestation in the audit.	unknown_or_needs_review:490; negative_clause:90; finite_main_or_matrix:43		Titus 3:8 `hoih` [finite_main_or_matrix; needs_analyzer_review]; Romans 14:4 `hoih` [finite_main_or_matrix; needs_analyzer_review]; Psalms 147:1 `hoih` [finite_main_or_matrix; needs_analyzer_review]	unknown_or_needs_review; negative_clause; finite_main_or_matrix	The questionnaire and Bible use the same written form in both slots, so this belongs in the control subsection rather than in the alternating-pair table.	same written form no overt alternation	Questionnaire uses a same-form mapping, so Bible tokens do not independently prove a distinct written Form II.	Keep in the same-form questionnaire control section rather than in the main pair table.	no	yes	Questionnaire keeps the same written form in both slots, so this row is treated as Form I only for Bible-attestation purposes. Only one stem side is currently attested cleanly in the Bible corpus. Questionnaire evidence comes from the in-repo Zakaria/VSA materials; no separate Karius/Kariuss/Karias questionnaire file is present. *hoih-I/*hoih-II -> hoih/hoih. The questionnaire uses the same written form in both slots. `source_zam_ngaih_cing=yes` means the in-repo literature review aligns this pair directly to Zam Ngaih Cing; it does not claim an exhaustive extracted Stem 1/2 list.
khawl-khawl	khawl	khawl	rest	same_form_questionnaire_control	710	104 clean verbal exact Bible rows survive after filtering. Main contexts: finite_main_or_matrix:66; negative_clause:16; imperative_or_directive:15. Best examples: Zechariah 1:8 `khawl` [finite_main_or_matrix; needs_analyzer_review]; Zechariah 1:11 `khawl` [finite_main_or_matrix; needs_analyzer_review]; Song of Solomon 1:7 `khawl` [finite_main_or_matrix; needs_analyzer_review].	No current Bible attestation in the audit.	finite_main_or_matrix:66; negative_clause:16; imperative_or_directive:15		Zechariah 1:8 `khawl` [finite_main_or_matrix; needs_analyzer_review]; Zechariah 1:11 `khawl` [finite_main_or_matrix; needs_analyzer_review]; Song of Solomon 1:7 `khawl` [finite_main_or_matrix; needs_analyzer_review]	finite_main_or_matrix; negative_clause; imperative_or_directive	The questionnaire and Bible use the same written form in both slots, so this belongs in the control subsection rather than in the alternating-pair table.	same written form no overt alternation	Questionnaire uses a same-form mapping, so Bible tokens do not independently prove a distinct written Form II.	Keep in the same-form questionnaire control section rather than in the main pair table.	no	yes	Questionnaire keeps the same written form in both slots, so this row is treated as Form I only for Bible-attestation purposes. Only one stem side is currently attested cleanly in the Bible corpus. Questionnaire evidence comes from the in-repo Zakaria/VSA materials; no separate Karius/Kariuss/Karias questionnaire file is present. *khawl-I/*khawl-II -> khawl/khawl. The questionnaire uses the same written form in both slots.
khen-khen	khen	khen	divide	same_form_questionnaire_control	720	257 clean verbal exact Bible rows survive after filtering. Main contexts: finite_main_or_matrix:200; negative_clause:22; purpose_nadingin:19. Best examples: Romans 9:28 `khen` [finite_main_or_matrix; needs_analyzer_review]; Romans 2:27 `khen` [finite_main_or_matrix; needs_analyzer_review]; Romans 2:11 `khen` [finite_main_or_matrix; needs_analyzer_review].	No current Bible attestation in the audit.	finite_main_or_matrix:200; negative_clause:22; purpose_nadingin:19		Romans 9:28 `khen` [finite_main_or_matrix; needs_analyzer_review]; Romans 2:27 `khen` [finite_main_or_matrix; needs_analyzer_review]; Romans 2:11 `khen` [finite_main_or_matrix; needs_analyzer_review]	finite_main_or_matrix; negative_clause; purpose_nadingin	The questionnaire and Bible use the same written form in both slots, so this belongs in the control subsection rather than in the alternating-pair table.	same written form no overt alternation	Questionnaire uses a same-form mapping, so Bible tokens do not independently prove a distinct written Form II.	Keep in the same-form questionnaire control section rather than in the main pair table.	no	yes	Questionnaire keeps the same written form in both slots, so this row is treated as Form I only for Bible-attestation purposes. Only one stem side is currently attested cleanly in the Bible corpus. Questionnaire evidence comes from the in-repo Zakaria/VSA materials; no separate Karius/Kariuss/Karias questionnaire file is present. *khen-I/*khen-II -> khen/khen. The questionnaire uses the same written form in both slots.
khum-khum	khum	khum	cover/lock	same_form_questionnaire_control	730	60 clean verbal exact Bible rows survive after filtering. Main contexts: finite_main_or_matrix:56; imperative_or_directive:2; purpose_nadingin:1. Best examples: Song of Solomon 7:9 `khum` [finite_main_or_matrix; needs_analyzer_review]; Song of Solomon 7:9 `khum` [finite_main_or_matrix; needs_analyzer_review]; Song of Solomon 5:16 `khum` [finite_main_or_matrix; needs_analyzer_review].	No current Bible attestation in the audit.	finite_main_or_matrix:56; imperative_or_directive:2; purpose_nadingin:1		Song of Solomon 7:9 `khum` [finite_main_or_matrix; needs_analyzer_review]; Song of Solomon 7:9 `khum` [finite_main_or_matrix; needs_analyzer_review]; Song of Solomon 5:16 `khum` [finite_main_or_matrix; needs_analyzer_review]	finite_main_or_matrix; imperative_or_directive; purpose_nadingin	The questionnaire and Bible use the same written form in both slots, so this belongs in the control subsection rather than in the alternating-pair table.	same written form no overt alternation	Questionnaire uses a same-form mapping, so Bible tokens do not independently prove a distinct written Form II.	Keep in the same-form questionnaire control section rather than in the main pair table.	no	yes	Questionnaire keeps the same written form in both slots, so this row is treated as Form I only for Bible-attestation purposes. Only one stem side is currently attested cleanly in the Bible corpus. Questionnaire evidence comes from the in-repo Zakaria/VSA materials; no separate Karius/Kariuss/Karias questionnaire file is present. *khum-I/*khum-II -> khum/khum. The questionnaire uses the same written form in both slots.
lei-lei	lei	lei	buy	same_form_questionnaire_control	740	No clean verbal exact rows survive yet. Current Bible hits cluster in unknown_or_needs_review:215; finite_main_or_matrix:24; purpose_nadingin:24. Current best rows: Proverbs 31:16 `lei` [finite_main_or_matrix; needs_analyzer_review]; Matthew 13:46 `lei` [finite_main_or_matrix; needs_analyzer_review]; Luke 9:13 `lei` [finite_main_or_matrix; needs_analyzer_review].	No current Bible attestation in the audit.	unknown_or_needs_review:215; finite_main_or_matrix:24; purpose_nadingin:24		Proverbs 31:16 `lei` [finite_main_or_matrix; needs_analyzer_review]; Matthew 13:46 `lei` [finite_main_or_matrix; needs_analyzer_review]; Luke 9:13 `lei` [finite_main_or_matrix; needs_analyzer_review]	unknown_or_needs_review; finite_main_or_matrix; purpose_nadingin	The questionnaire and Bible use the same written form in both slots, so this belongs in the control subsection rather than in the alternating-pair table.	same written form no overt alternation	Questionnaire uses a same-form mapping, so Bible tokens do not independently prove a distinct written Form II.	Keep in the same-form questionnaire control section rather than in the main pair table.	no	yes	Questionnaire keeps the same written form in both slots, so this row is treated as Form I only for Bible-attestation purposes. Only one stem side is currently attested cleanly in the Bible corpus. Questionnaire evidence comes from the in-repo Zakaria/VSA materials; no separate Karius/Kariuss/Karias questionnaire file is present. *lei-I/*lei-II -> lei/lei. The questionnaire uses the same written form in both slots.
lian-lian	lian	lian	big	same_form_questionnaire_control	750	No clean verbal exact rows survive yet. Current Bible hits cluster in unknown_or_needs_review:327; finite_main_or_matrix:19; quotative_or_say_complement:5. Current best rows: Psalms 76:1 `lian` [finite_main_or_matrix; needs_analyzer_review]; Psalms 70:4 `lian` [finite_main_or_matrix; needs_analyzer_review]; Psalms 35:27 `lian` [finite_main_or_matrix; needs_analyzer_review].	No current Bible attestation in the audit.	unknown_or_needs_review:327; finite_main_or_matrix:19; quotative_or_say_complement:5		Psalms 76:1 `lian` [finite_main_or_matrix; needs_analyzer_review]; Psalms 70:4 `lian` [finite_main_or_matrix; needs_analyzer_review]; Psalms 35:27 `lian` [finite_main_or_matrix; needs_analyzer_review]	unknown_or_needs_review; finite_main_or_matrix; quotative_or_say_complement	The questionnaire and Bible use the same written form in both slots, so this belongs in the control subsection rather than in the alternating-pair table.	same written form no overt alternation	Questionnaire uses a same-form mapping, so Bible tokens do not independently prove a distinct written Form II.	Keep in the same-form questionnaire control section rather than in the main pair table.	no	yes	Questionnaire keeps the same written form in both slots, so this row is treated as Form I only for Bible-attestation purposes. Only one stem side is currently attested cleanly in the Bible corpus. Questionnaire evidence comes from the in-repo Zakaria/VSA materials; no separate Karius/Kariuss/Karias questionnaire file is present. *lian-I/*lian-II -> lian/lian. The questionnaire uses the same written form in both slots.
nuam-nuam	nuam	nuam	comfortable/want	same_form_questionnaire_control	760	2 clean verbal exact Bible rows survive after filtering. Main contexts: unknown_or_needs_review:229; negative_clause:161; finite_main_or_matrix:70. Best examples: Genesis 43:23 `“Nuam` [finite_main_or_matrix; needs_analyzer_review]; 1 Samuel 1:17 `“Nuam` [finite_main_or_matrix; needs_analyzer_review].	No current Bible attestation in the audit.	unknown_or_needs_review:229; negative_clause:161; finite_main_or_matrix:70		Genesis 43:23 `“Nuam` [finite_main_or_matrix; needs_analyzer_review]; 1 Samuel 1:17 `“Nuam` [finite_main_or_matrix; needs_analyzer_review]	unknown_or_needs_review; negative_clause; finite_main_or_matrix	The questionnaire and Bible use the same written form in both slots, so this belongs in the control subsection rather than in the alternating-pair table.	same written form no overt alternation	Questionnaire uses a same-form mapping, so Bible tokens do not independently prove a distinct written Form II.	Keep in the same-form questionnaire control section rather than in the main pair table.	no	yes	Questionnaire keeps the same written form in both slots, so this row is treated as Form I only for Bible-attestation purposes. Only one stem side is currently attested cleanly in the Bible corpus. Questionnaire evidence comes from the in-repo Zakaria/VSA materials; no separate Karius/Kariuss/Karias questionnaire file is present. *nuam-I/*nuam-II -> nuam/nuam. The questionnaire uses the same written form in both slots.
rin-rin	rin	rin	believe/trust	same_form_questionnaire_control	770	No current Bible attestation in the audit.	No current Bible attestation in the audit.					The questionnaire and Bible use the same written form in both slots, so this belongs in the control subsection rather than in the alternating-pair table.	same written form no overt alternation	Questionnaire uses a same-form mapping, so Bible tokens do not independently prove a distinct written Form II.	Keep in the same-form questionnaire control section rather than in the main pair table.	no	yes	Questionnaire keeps the same written form in both slots, so this row is treated as Form I only for Bible-attestation purposes. Questionnaire evidence comes from the in-repo Zakaria/VSA materials; no separate Karius/Kariuss/Karias questionnaire file is present. *rin-I/*rin-II -> rin/rin. The questionnaire uses the same written form in both slots.
sak-sak	sak	sak	build/cause	same_form_questionnaire_control	780	No clean verbal exact rows survive yet. Current Bible hits cluster in causative_or_derivational_sak:219. Current best rows: Zechariah 11:13 `sak` [causative_or_derivational_sak; exclude_for_now]; Zechariah 11:12 `sak` [causative_or_derivational_sak; exclude_for_now]; Zechariah 11:12 `sak` [causative_or_derivational_sak; exclude_for_now].	No current Bible attestation in the audit.	causative_or_derivational_sak:219		Zechariah 11:13 `sak` [causative_or_derivational_sak; exclude_for_now]; Zechariah 11:12 `sak` [causative_or_derivational_sak; exclude_for_now]; Zechariah 11:12 `sak` [causative_or_derivational_sak; exclude_for_now]	causative_or_derivational_sak	The questionnaire and Bible use the same written form in both slots, so this belongs in the control subsection rather than in the alternating-pair table.	same written form no overt alternation	Questionnaire uses a same-form mapping, so Bible tokens do not independently prove a distinct written Form II. Blocked noisy material includes sak.	Keep in the same-form questionnaire control section rather than in the main pair table.	no	yes	Questionnaire keeps the same written form in both slots, so this row is treated as Form I only for Bible-attestation purposes. Current Bible evidence is limited to noisy, lexicalized, or heavily derived material. Questionnaire evidence comes from the in-repo Zakaria/VSA materials; no separate Karius/Kariuss/Karias questionnaire file is present. *sak-I/*sak-II -> sak/sak. The questionnaire uses the same written form in both slots.
tom-tom	tom	tom	meet	same_form_questionnaire_control	790	No clean verbal exact rows survive yet. Current Bible hits cluster in unknown_or_needs_review:14; finite_main_or_matrix:3; relative_or_attributive_mi:1. Current best rows: Psalms 104:17 `tom` [finite_main_or_matrix; needs_analyzer_review]; Ezekiel 31:6 `tom` [finite_main_or_matrix; needs_analyzer_review]; 1 Kings 17:10 `tom` [finite_main_or_matrix; needs_analyzer_review].	No current Bible attestation in the audit.	unknown_or_needs_review:14; finite_main_or_matrix:3; relative_or_attributive_mi:1		Psalms 104:17 `tom` [finite_main_or_matrix; needs_analyzer_review]; Ezekiel 31:6 `tom` [finite_main_or_matrix; needs_analyzer_review]; 1 Kings 17:10 `tom` [finite_main_or_matrix; needs_analyzer_review]	unknown_or_needs_review; finite_main_or_matrix; relative_or_attributive_mi	The questionnaire and Bible use the same written form in both slots, so this belongs in the control subsection rather than in the alternating-pair table.	same written form no overt alternation	Questionnaire uses a same-form mapping, so Bible tokens do not independently prove a distinct written Form II.	Keep in the same-form questionnaire control section rather than in the main pair table.	no	yes	Questionnaire keeps the same written form in both slots, so this row is treated as Form I only for Bible-attestation purposes. Only one stem side is currently attested cleanly in the Bible corpus. Questionnaire evidence comes from the in-repo Zakaria/VSA materials; no separate Karius/Kariuss/Karias questionnaire file is present. *tom-I/*tom-II -> tom/tom. The questionnaire uses the same written form in both slots.
uk-uk	uk	uk	rule	same_form_questionnaire_control	800	691 clean verbal exact Bible rows survive after filtering. Main contexts: finite_main_or_matrix:603; purpose_nadingin:64; negative_clause:12. Best examples: Zechariah 9:10 `uk` [finite_main_or_matrix; needs_analyzer_review]; Zechariah 7:1 `uk` [finite_main_or_matrix; needs_analyzer_review]; Zechariah 6:13 `uk` [finite_main_or_matrix; needs_analyzer_review].	No current Bible attestation in the audit.	finite_main_or_matrix:603; purpose_nadingin:64; negative_clause:12		Zechariah 9:10 `uk` [finite_main_or_matrix; needs_analyzer_review]; Zechariah 7:1 `uk` [finite_main_or_matrix; needs_analyzer_review]; Zechariah 6:13 `uk` [finite_main_or_matrix; needs_analyzer_review]	finite_main_or_matrix; purpose_nadingin; negative_clause	The questionnaire and Bible use the same written form in both slots, so this belongs in the control subsection rather than in the alternating-pair table.	same written form no overt alternation	Questionnaire uses a same-form mapping, so Bible tokens do not independently prove a distinct written Form II.	Keep in the same-form questionnaire control section rather than in the main pair table.	no	yes	Questionnaire keeps the same written form in both slots, so this row is treated as Form I only for Bible-attestation purposes. Only one stem side is currently attested cleanly in the Bible corpus. Questionnaire evidence comes from the in-repo Zakaria/VSA materials; no separate Karius/Kariuss/Karias questionnaire file is present. *uk-I/*uk-II -> uk/uk. The questionnaire uses the same written form in both slots.
zawh-zawh	zawh	zawh	finish	same_form_questionnaire_control	810	175 clean verbal exact Bible rows survive after filtering. Main contexts: finite_main_or_matrix:111; negative_clause:49; purpose_nadingin:9. Best examples: Zechariah 5:11 `zawh` [finite_main_or_matrix; needs_analyzer_review]; Romans 9:31 `zawh` [finite_main_or_matrix; needs_analyzer_review]; Romans 4:10 `zawh` [finite_main_or_matrix; needs_analyzer_review].	No current Bible attestation in the audit.	finite_main_or_matrix:111; negative_clause:49; purpose_nadingin:9		Zechariah 5:11 `zawh` [finite_main_or_matrix; needs_analyzer_review]; Romans 9:31 `zawh` [finite_main_or_matrix; needs_analyzer_review]; Romans 4:10 `zawh` [finite_main_or_matrix; needs_analyzer_review]	finite_main_or_matrix; negative_clause; purpose_nadingin	The questionnaire and Bible use the same written form in both slots, so this belongs in the control subsection rather than in the alternating-pair table.	same written form no overt alternation	Questionnaire uses a same-form mapping, so Bible tokens do not independently prove a distinct written Form II.	Keep in the same-form questionnaire control section rather than in the main pair table.	no	yes	Questionnaire keeps the same written form in both slots, so this row is treated as Form I only for Bible-attestation purposes. Only one stem side is currently attested cleanly in the Bible corpus. Questionnaire evidence comes from the in-repo Zakaria/VSA materials; no separate Karius/Kariuss/Karias questionnaire file is present. *zawh-I/*zawh-II -> zawh/zawh. The questionnaire uses the same written form in both slots.
om-omh	om	omh	exist	functional_or_stative_predicate	820	2263 clean verbal exact Bible rows survive after filtering. Main contexts: unknown_or_needs_review:3019; finite_main_or_matrix:1613; negative_clause:1021. Best examples: Zephaniah 3:13 `om` [finite_main_or_matrix; needs_analyzer_review]; Zephaniah 3:13 `om` [finite_main_or_matrix; needs_analyzer_review]; Zechariah 6:14 `om` [finite_main_or_matrix; needs_analyzer_review].	No current Bible attestation in the audit.	unknown_or_needs_review:3019; finite_main_or_matrix:1613; negative_clause:1021		Zephaniah 3:13 `om` [finite_main_or_matrix; needs_analyzer_review]; Zephaniah 3:13 `om` [finite_main_or_matrix; needs_analyzer_review]; Zechariah 6:14 `om` [finite_main_or_matrix; needs_analyzer_review]	unknown_or_needs_review; finite_main_or_matrix; negative_clause	This item matters grammatically, but it should be discussed outside the core lexical-verb alternation table.	no clean form ii verb example	Blocked noisy material includes omsak, omsakkik, omsakin, ki-omsak.	Discuss separately from lexical stem alternation, under functional or stative predicates.	no	yes	Only one stem side is currently attested cleanly in the Bible corpus.
