pair_id	form_i	form_ii	gloss	alternation_type	stem_side	attested_form	environment	environment_count_for_side	verse_id	reference	token_index	surface_form	normalized_form	segmentation	gloss_span	lemma	pos	local_context	kjv	print_status	selection_reason	notes
bawl-bawlh	bawl	bawlh	make	+h	form_i	bawl	causative_or_derivational_sak	102	01037003	Genesis 37:3	35	bawlsak	bawlsak	bawl-sak	make-CAUS	bawl	V	bansau khat a [bawlsak] hi	Now Israel loved Joseph more than all his children, because he was the son of his old age: and he made him a coat of many colours.	exclude_for_now	kept as the clearest analyzed example for this pair, stem side, and environment; analyzer segmentation and POS are explicit enough for write-up use	Causative or derivational `sak` blocks promotion as simple stem-alternation evidence. Derived or lexicalized environments stay excluded at the row level even when the pair is retained for review.
bawl-bawlh	bawl	bawlh	make	+h	form_i	bawl	clause_linking_kipan	2	01039005	Genesis 39:5	12	bawl	bawl	bawl	make	bawl	V	a ukin a [bawl] a kipan Topa	And it came to pass from the time that he had made him overseer in his house, and over all that he had, that the LORD blessed the Egyptian's house for Joseph's sake; and the blessing of the LORD was upon all that he had in the house, and in the field.	needs_analyzer_review	kept as the clearest analyzed example for this pair, stem side, and environment; analyzer segmentation and POS are explicit enough for write-up use	Local `a kipan` sequence marks a clause-linking or source/beginning environment. Row status is capped by the pair-level publication status. Needs review before print use.
bawl-bawlh	bawl	bawlh	make	+h	form_i	bawl	dependent_temporal_ciangin	12	04006002	Numbers 6:2	29	bawl	bawl	bawl	make	bawl	V	mahmah kiciamna a [bawl] ciangin	Speak unto the children of Israel, and say unto them, When either man or woman shall separate themselves to vow a vow of a Nazarite, to separate themselves unto the LORD :	needs_analyzer_review	kept as the clearest analyzed example for this pair, stem side, and environment; analyzer segmentation and POS are explicit enough for write-up use	Immediate following `ciangin` provides a conservative dependent-temporal cue. Row status is capped by the pair-level publication status. Needs review before print use.
bawl-bawlh	bawl	bawlh	make	+h	form_i	bawl	dependent_temporal_ni_in	2	02012014	Exodus 12:14	15	bawlna	bawlna	bawl-na	make-NMLZ	bawl	V	Topa tungah pawi [bawlna] ni-in na nei	And this day shall be unto you for a memorial; and ye shall keep it a feast to the LORD throughout your generations; ye shall keep it a feast by an ordinance for ever.	needs_analyzer_review	kept as the clearest analyzed example for this pair, stem side, and environment; analyzer segmentation and POS are explicit enough for write-up use	Immediate following `ni-in` provides a conservative dependent-temporal cue. Row status is capped by the pair-level publication status. Needs review before print use.
bawl-bawlh	bawl	bawlh	make	+h	form_i	bawl	finite_main_or_matrix	2036	01003001	Genesis 3:1	5	bawlsa	bawlsa	bawl-sa	make-PAST	bawl	V	pen Topa Pasian [bawlsa] gamlak ganhing dangte	Now the serpent was more subtil than any beast of the field which the LORD God had made. And he said unto the woman, Yea, hath God said, Ye shall not eat of every tree of the garden?	needs_analyzer_review	preferred because this verse is already cited in the dossier or packet; kept as the clearest analyzed example for this pair, stem side, and environment; analyzer segmentation and POS are explicit enough for write-up use	No stronger local cue was found, so the token is kept in a conservative finite or matrix bucket. Row status is capped by the pair-level publication status. Needs review before print use.
bawl-bawlh	bawl	bawlh	make	+h	form_i	bawl	imperative_or_directive	81	01006016	Genesis 6:16	33	bawl	bawl	bawl	make	bawl	V	a dawl thumnate [bawl] in	A window shalt thou make to the ark, and in a cubit shalt thou finish it above; and the door of the ark shalt thou set in the side thereof; with lower, second, and third stories shalt thou make it.	needs_analyzer_review	kept as the clearest analyzed example for this pair, stem side, and environment; analyzer segmentation and POS are explicit enough for write-up use	A following imperative-like particle may indicate directive force. Row status is capped by the pair-level publication status. Needs review before print use.
bawl-bawlh	bawl	bawlh	make	+h	form_i	bawl	negative_clause	184	52005020	1 Thessalonians 5:20	1	simmawhbawl	simmawhbawl	simmawh-bawl	blaspheme-do	simmawh	N	thuhilhnate [simmawhbawl] kei un	Despise not prophesyings.	needs_analyzer_review	kept as the clearest analyzed example for this pair, stem side, and environment; analyzer segmentation and POS are explicit enough for write-up use	Nearby negative material marks a negative or irrealis-heavy clause. Row status is capped by the pair-level publication status. Needs review before print use.
bawl-bawlh	bawl	bawlh	make	+h	form_i	bawl	nominalized_na	187	05025017	Deuteronomy 25:17	11	bawlna	bawlna	bawl-na	make-NMLZ	bawl	V	in note hong [bawlna]	Remember what Amalek did unto thee by the way, when ye were come forth out of Egypt;	needs_analyzer_review	kept as the clearest analyzed example for this pair, stem side, and environment; analyzer segmentation and POS are explicit enough for write-up use	Suffixal `-na` in the analyzer segmentation supports a nominalized environment. Row status is capped by the pair-level publication status. Needs review before print use.
bawl-bawlh	bawl	bawlh	make	+h	form_i	bawl	possessed_or_genitive_attributive	4	19022016	Psalms 22:16	6	bawl	bawl	bawl	make	bawl	V	om a siatna [bawl] mi honkhat in	For dogs have compassed me: The assembly of the wicked have inclosed me: They pierced my hands and my feet.	needs_analyzer_review	kept as the clearest analyzed example for this pair, stem side, and environment; analyzer segmentation and POS are explicit enough for write-up use	A following `mi` plus a preceding possessor-like token suggests an attributive or possessed nominal environment. Row status is capped by the pair-level publication status. Needs review before print use.
bawl-bawlh	bawl	bawlh	make	+h	form_i	bawl	purpose_nadingin	66	03008015	Leviticus 8:15	1	bawl	bawl	bawl	make	bawl	V	Kilemna [bawl] nadingin Moses in	And he slew it ; and Moses took the blood, and put it upon the horns of the altar round about with his finger, and purified the altar, and poured the blood at the bottom of the altar, and sanctified it, to make reconciliation upon it.	needs_analyzer_review	kept as the clearest analyzed example for this pair, stem side, and environment; analyzer segmentation and POS are explicit enough for write-up use	Local `ding` or `nadingin` material suggests a purpose or irrealis-heavy environment. Row status is capped by the pair-level publication status. Needs review before print use.
bawl-bawlh	bawl	bawlh	make	+h	form_i	bawl	quotative_or_say_complement	28	18011014	Job 11:14	2	bawl	bawl	bawl	make	bawl	V	Khialhna na [bawl] khak leh paaikhia	If iniquity be in thine hand, put it far away, And let not wickedness dwell in thy tabernacles.	needs_analyzer_review	kept as the clearest analyzed example for this pair, stem side, and environment; analyzer segmentation and POS are explicit enough for write-up use	Nearby quotative material suggests embedded or reported-speech structure. Row status is capped by the pair-level publication status. Needs review before print use.
bawl-bawlh	bawl	bawlh	make	+h	form_i	bawl	relative_or_attributive_mi	9	20006033	Proverbs 6:33	2	bawl	bawl	bawl	make	bawl	V	Mawhna a [bawl] mi in satgawpna	A wound and dishonour shall he get; And his reproach shall not be wiped away.	needs_analyzer_review	kept as the clearest analyzed example for this pair, stem side, and environment; analyzer segmentation and POS are explicit enough for write-up use	A following `mi` suggests a relative-like or attributive nominal environment. Row status is capped by the pair-level publication status. Needs review before print use.
bawl-bawlh	bawl	bawlh	make	+h	form_i	bawl	unknown_or_needs_review	93	45008020	Romans 8:20	1	bawlsate	bawlsate	bawl-sa-te	make-flesh-PL	bawl	N	Pasian [bawlsate] amau utthu tawh	For the creature was made subject to vanity, not willingly, but by reason of him who hath subjected the same in hope,	needs_analyzer_review	retained as the clearest available review-bucket example for this pair and stem side; analyzer segmentation and POS are explicit enough for write-up use	No conservative local environment rule fired for this token. Review-bucket rows never count as print-ready evidence. Review bucket only; not a clean syntactic construction. Needs review before print use.
bia-biak	bia	biak	worship	+k	form_i	bia	causative_or_derivational_sak	1	66013012	Revelation 13:12	30	biasak	biasak	bia-sak	worship-CAUS	bia	V	aana tawh a [biasak] hi	And he exerciseth all the power of the first beast before him, and causeth the earth and them which dwell therein to worship the first beast, whose deadly wound was healed.	exclude_for_now	kept as the clearest analyzed example for this pair, stem side, and environment; analyzer segmentation and POS are explicit enough for write-up use	Causative or derivational `sak` blocks promotion as simple stem-alternation evidence. Derived or lexicalized environments stay excluded at the row level even when the pair is retained for review.
bia-biak	bia	biak	worship	+k	form_i	bia	finite_main_or_matrix	194	42001074	Luke 1:74	13	bia-in	bia-in	bia-in	worship-ERG	bia	FUNC	om loin amah [bia-in]	That he would grant unto us, that we being delivered out of the hand of our enemies Might serve him without fear,	needs_analyzer_review	kept as the clearest analyzed example for this pair, stem side, and environment; analyzer segmentation and POS are explicit enough for write-up use	No stronger local cue was found, so the token is kept in a conservative finite or matrix bucket. Row status is capped by the pair-level publication status. Needs review before print use.
bia-biak	bia	biak	worship	+k	form_i	bia	imperative_or_directive	19	02012031	Exodus 12:31	25	bia	bia	bia	worship	bia	V	bangun Topa va [bia] un	And he called for Moses and Aaron by night, and said, Rise up, and get you forth from among my people, both ye and the children of Israel; and go, serve the LORD , as ye have said.	needs_analyzer_review	kept as the clearest analyzed example for this pair, stem side, and environment; analyzer segmentation and POS are explicit enough for write-up use	A following imperative-like particle may indicate directive force. Row status is capped by the pair-level publication status. Needs review before print use.
bia-biak	bia	biak	worship	+k	form_i	bia	negative_clause	26	14017003	2 Chronicles 17:3	17	bia	bia	bia	worship	bia	V	Amah in Baal-te [bia] lo hi	And the LORD was with Jehoshaphat, because he walked in the first ways of his father David, and sought not unto Baalim;	needs_analyzer_review	kept as the clearest analyzed example for this pair, stem side, and environment; analyzer segmentation and POS are explicit enough for write-up use	Nearby negative material marks a negative or irrealis-heavy clause. Row status is capped by the pair-level publication status. Needs review before print use.
bia-biak	bia	biak	worship	+k	form_i	bia	possessed_or_genitive_attributive	1	46006009	1 Corinthians 6:9	22	biate	biate	bia-te	worship-PL	bia	N	a paktatte milim [biate] mi zi ahih	Know ye not that the unrighteous shall not inherit the kingdom of God? Be not deceived: neither fornicators, nor idolaters, nor adulterers, nor effeminate, nor abusers of themselves with mankind,	needs_analyzer_review	kept as the clearest analyzed example for this pair, stem side, and environment; analyzer segmentation and POS are explicit enough for write-up use	A following `mi` plus a preceding possessor-like token suggests an attributive or possessed nominal environment. Row status is capped by the pair-level publication status. Needs review before print use.
bia-biak	bia	biak	worship	+k	form_i	bia	purpose_nadingin	27	30005005	Amos 5:5	1	bia	bia	bia	worship	bia	V	A [bia] dingin Beersheba-ah pai	but seek not Beth-el, nor enter into Gilgal, and pass not to Beer-sheba: for Gilgal shall surely go into captivity, and Beth-el shall come to nought.	needs_analyzer_review	kept as the clearest analyzed example for this pair, stem side, and environment; analyzer segmentation and POS are explicit enough for write-up use	Local `ding` or `nadingin` material suggests a purpose or irrealis-heavy environment. Row status is capped by the pair-level publication status. Needs review before print use.
bia-biak	bia	biak	worship	+k	form_i	bia	quotative_or_say_complement	2	02010026	Exodus 10:26	44	bia	bia	bia	worship	bia	V	pen tawh Topa [bia] ding cih ka	Our cattle also shall go with us; there shall not an hoof be left behind; for thereof must we take to serve the LORD our God; and we know not with what we must serve the LORD , until we come thither.	needs_analyzer_review	kept as the clearest analyzed example for this pair, stem side, and environment; analyzer segmentation and POS are explicit enough for write-up use	Nearby quotative material suggests embedded or reported-speech structure. Row status is capped by the pair-level publication status. Needs review before print use.
bia-biak	bia	biak	worship	+k	form_i	bia	relative_or_attributive_mi	6	19097007	Psalms 97:7	9	bia	bia	bia	worship	bia	V	kisaktheihpih milim a [bia] mi khempeuhte maizumin	Confounded be all they that serve graven images, That boast themselves of idols: Worship him, all ye gods.	needs_analyzer_review	kept as the clearest analyzed example for this pair, stem side, and environment; analyzer segmentation and POS are explicit enough for write-up use	A following `mi` suggests a relative-like or attributive nominal environment. Row status is capped by the pair-level publication status. Needs review before print use.
bia-biak	bia	biak	worship	+k	form_i	bia	unknown_or_needs_review	11	12010019	2 Kings 10:19	43	biate	biate	bia-te	worship-PL	bia	N	hangin Baal a [biate] a suksiat theih	Now therefore call unto me all the prophets of Baal, all his servants, and all his priests; let none be wanting: for I have a great sacrifice to do to Baal; whosoever shall be wanting, he shall not live. But Jehu did it in subtilty, to the intent that he might destroy the worshippers of Baal.	needs_analyzer_review	retained as the clearest available review-bucket example for this pair and stem side; analyzer segmentation and POS are explicit enough for write-up use	No conservative local environment rule fired for this token. Review-bucket rows never count as print-ready evidence. Review bucket only; not a clean syntactic construction. Needs review before print use.
bia-biak	bia	biak	worship	+k	form_ii	biak	clause_linking_kipan	1	12025009	2 Kings 25:9	3	biakinn	biakinn	biak-inn	worship-house	bia	N	Amah in Topa [biakinn] a kipan kumpipa	and he burnt the house of the LORD , and the king's house, and all the houses of Jerusalem, and every great man's house burnt he with fire.	needs_analyzer_review	kept as the clearest analyzed example for this pair, stem side, and environment; analyzer segmentation and POS are explicit enough for write-up use	Local `a kipan` sequence marks a clause-linking or source/beginning environment. Row status is capped by the pair-level publication status. Needs review before print use.
bia-biak	bia	biak	worship	+k	form_ii	biak	finite_main_or_matrix	130	02039026	Exodus 39:26	0	Biak	biak	Biak	worship	bia	V	[Biak] nasep nadinga puantualpi	a bell and a pomegranate, a bell and a pomegranate, round about the hem of the robe to minister in ; as the LORD commanded Moses.	needs_analyzer_review	kept as the clearest analyzed example for this pair, stem side, and environment; analyzer segmentation and POS are explicit enough for write-up use	No stronger local cue was found, so the token is kept in a conservative finite or matrix bucket. Row status is capped by the pair-level publication status. Needs review before print use.
bia-biak	bia	biak	worship	+k	form_ii	biak	imperative_or_directive	2	11008027	1 Kings 8:27	27	biakinn	biakinn	biak-inn	worship-house	bia	N	keima lamsa hih [biakinn] in bangzahin nang	But will God indeed dwell on the earth? behold, the heaven and heaven of heavens cannot contain thee; how much less this house that I have builded?	needs_analyzer_review	kept as the clearest analyzed example for this pair, stem side, and environment; analyzer segmentation and POS are explicit enough for write-up use	A following imperative-like particle may indicate directive force. Row status is capped by the pair-level publication status. Needs review before print use.
bia-biak	bia	biak	worship	+k	form_ii	biak	negative_clause	28	04018005	Numbers 18:5	9	biakbuk	biakbuk	biak-buk	worship-tent	bia	N	nawn loh nadingin [biakbuk] nasep leh biakna	And ye shall keep the charge of the sanctuary, and the charge of the altar: that there be no wrath any more upon the children of Israel.	needs_analyzer_review	kept as the clearest analyzed example for this pair, stem side, and environment; analyzer segmentation and POS are explicit enough for write-up use	Nearby negative material marks a negative or irrealis-heavy clause. Row status is capped by the pair-level publication status. Needs review before print use.
bia-biak	bia	biak	worship	+k	form_ii	biak	nominalized_na	1551	03026002	Leviticus 26:2	7	kibiakna	kibiakna	ki-biak-na	worship	bia	N	tangin keimah hong [kibiakna] mun na zahtak	Ye shall keep my sabbaths, and reverence my sanctuary: I am the LORD .	needs_analyzer_review	preferred because this verse is already cited in the dossier or packet; kept as the clearest analyzed example for this pair, stem side, and environment; analyzer segmentation and POS are explicit enough for write-up use	Suffixal `-na` in the analyzer segmentation supports a nominalized environment. Row status is capped by the pair-level publication status. Needs review before print use.
bia-biak	bia	biak	worship	+k	form_ii	biak	purpose_nadingin	163	13028010	1 Chronicles 28:10	0	Biakinn	biakinn	biak-inn	worship-house	bia	N	[Biakinn] dingin inn khat	Take heed now; for the LORD hath chosen thee to build an house for the sanctuary: be strong, and do it .	needs_analyzer_review	kept as the clearest analyzed example for this pair, stem side, and environment; analyzer segmentation and POS are explicit enough for write-up use	Local `ding` or `nadingin` material suggests a purpose or irrealis-heavy environment. Row status is capped by the pair-level publication status. Needs review before print use.
bia-biak	bia	biak	worship	+k	form_ii	biak	quotative_or_say_complement	4	04018003	Numbers 18:3	23	biakbuk	biakbuk	biak-buk	worship-tent	bia	N	na hih ciangun [biakbuk] nazatte leh biakna	And they shall keep thy charge, and the charge of all the tabernacle: only they shall not come nigh the vessels of the sanctuary and the altar, that neither they, nor ye also, die.	needs_analyzer_review	kept as the clearest analyzed example for this pair, stem side, and environment; analyzer segmentation and POS are explicit enough for write-up use	Nearby quotative material suggests embedded or reported-speech structure. Row status is capped by the pair-level publication status. Needs review before print use.
bia-biak	bia	biak	worship	+k	form_ii	biak	unknown_or_needs_review	914	02036008	Exodus 36:8	14	biakbuk	biakbuk	biak-buk	worship-tent	bia	N	dal sawm tawh [biakbuk] bawl uh hi	And every wise hearted man among them that wrought the work of the tabernacle made ten curtains of fine twined linen, and blue, and purple, and scarlet: with cherubims of cunning work made he them.	needs_analyzer_review	preferred because this verse is already cited in the dossier or packet; retained as the clearest available review-bucket example for this pair and stem side; analyzer segmentation and POS are explicit enough for write-up use	No conservative local environment rule fired for this token. Review-bucket rows never count as print-ready evidence. Review bucket only; not a clean syntactic construction. Needs review before print use.
ci-cih	ci	cih	say	+h	form_i	ci	causative_or_derivational_sak	45	04022006	Numbers 22:6	49	cisak	cisak	ci-sak	say-CAUS	ci	V	ka thei hi,” [cisak] hi	come now therefore, I pray thee, curse me this people; for they are too mighty for me: peradventure I shall prevail, that we may smite them, and that I may drive them out of the land: for I wot that he whom thou blessest is blessed, and he whom thou cursest is cursed.	exclude_for_now	kept as the clearest analyzed example for this pair, stem side, and environment; analyzer segmentation and POS are explicit enough for write-up use	Causative or derivational `sak` blocks promotion as simple stem-alternation evidence. Derived or lexicalized environments stay excluded at the row level even when the pair is retained for review.
ci-cih	ci	cih	say	+h	form_i	ci	dependent_temporal_ciangin	1	40027034	Matthew 27:34	18	ciapkhit	ciapkhit	ci-ap-khit	say-press-COMPL	ci	V	Jesuh in a [ciapkhit] ciangin a dawn	they gave him vinegar to drink mingled with gall: and when he had tasted thereof , he would not drink.	needs_analyzer_review	kept as the clearest analyzed example for this pair, stem side, and environment; analyzer segmentation and POS are explicit enough for write-up use	Immediate following `ciangin` provides a conservative dependent-temporal cue. Row status is capped by the pair-level publication status. Needs review before print use.
ci-cih	ci	cih	say	+h	form_i	ci	finite_main_or_matrix	7540	01001020	Genesis 1:20	18	ci	ci	ci	say	ci	V	leeng ta hen,” [ci] hi	And God said, Let the waters bring forth abundantly the moving creature that hath life, and fowl that may fly above the earth in the open firmament of heaven.	needs_analyzer_review	preferred because this verse is already cited in the dossier or packet; kept as the clearest analyzed example for this pair, stem side, and environment; analyzer segmentation and POS are explicit enough for write-up use	No stronger local cue was found, so the token is kept in a conservative finite or matrix bucket. Row status is capped by the pair-level publication status. Needs review before print use.
ci-cih	ci	cih	say	+h	form_i	ci	imperative_or_directive	110	01045011	Genesis 45:11	38	ci	ci	ci	say	ci	V	ci hi va [ci] un	and there will I nourish thee; for yet there are five years of famine; lest thou, and thy household, and all that thou hast, come to poverty.	needs_analyzer_review	kept as the clearest analyzed example for this pair, stem side, and environment; analyzer segmentation and POS are explicit enough for write-up use	A following imperative-like particle may indicate directive force. Row status is capped by the pair-level publication status. Needs review before print use.
ci-cih	ci	cih	say	+h	form_i	ci	negative_clause	305	13016022	1 Chronicles 16:22	13	ci	ci	ci	say	ci	V	hih kei un!” [ci] hi	Saying , Touch not mine anointed, And do my prophets no harm.	needs_analyzer_review	kept as the clearest analyzed example for this pair, stem side, and environment; analyzer segmentation and POS are explicit enough for write-up use	Nearby negative material marks a negative or irrealis-heavy clause. Row status is capped by the pair-level publication status. Needs review before print use.
ci-cih	ci	cih	say	+h	form_i	ci	nominalized_na	55	48005022	Galatians 5:22	14	cihtakna	cihtakna	ci-tak-na	say-true-NMLZ	ci	V	lungduaina migitna hoihna [cihtakna]	But the fruit of the Spirit is love, joy, peace, longsuffering, gentleness, goodness, faith,	needs_analyzer_review	kept as the clearest analyzed example for this pair, stem side, and environment; analyzer segmentation and POS are explicit enough for write-up use	Suffixal `-na` in the analyzer segmentation supports a nominalized environment. Row status is capped by the pair-level publication status. Needs review before print use.
ci-cih	ci	cih	say	+h	form_i	ci	possessed_or_genitive_attributive	4	26006007	Ezekiel 6:7	1	citengah	citengah	ci-teng-ah	say-all-LOC	ci	FUNC	Mun [citengah] mi kithatlum ding	And the slain shall fall in the midst of you, and ye shall know that I am the LORD .	needs_analyzer_review	kept as the clearest analyzed example for this pair, stem side, and environment; analyzer segmentation and POS are explicit enough for write-up use	A following `mi` plus a preceding possessor-like token suggests an attributive or possessed nominal environment. Row status is capped by the pair-level publication status. Needs review before print use.
ci-cih	ci	cih	say	+h	form_i	ci	purpose_nadingin	9	04011018	Numbers 11:18	3	cianga	cianga	ci-ang-a	say-FUT-NOM	ci	CONJ	Mite tungah Zing [cianga] dingin note ki-ap	And say thou unto the people, Sanctify yourselves against to morrow, and ye shall eat flesh: for ye have wept in the ears of the LORD , saying, Who shall give us flesh to eat? for it was well with us in Egypt: therefore the LORD will give you flesh, and ye shall eat.	needs_analyzer_review	kept as the clearest analyzed example for this pair, stem side, and environment; analyzer segmentation and POS are explicit enough for write-up use	Local `ding` or `nadingin` material suggests a purpose or irrealis-heavy environment. Row status is capped by the pair-level publication status. Needs review before print use.
ci-cih	ci	cih	say	+h	form_i	ci	quotative_or_say_complement	103	44028008	Acts 28:8	2	cisa	cisa	ci-sa	say-CAUS	ci	V	Publias pa [cisa] nat leh gilsan	And it came to pass, that the father of Publius lay sick of a fever and of a bloody flux: to whom Paul entered in, and prayed, and laid his hands on him, and healed him.	needs_analyzer_review	kept as the clearest analyzed example for this pair, stem side, and environment; analyzer segmentation and POS are explicit enough for write-up use	Nearby quotative material suggests embedded or reported-speech structure. Row status is capped by the pair-level publication status. Needs review before print use.
ci-cih	ci	cih	say	+h	form_i	ci	relative_or_attributive_mi	9	20020014	Proverbs 20:14	21	ci-in	ci-in	ci-in	say-QUOT	ci	V	siam mahmah ing [ci-in] mi kiangah kisial	It is naught, it is naught, saith the buyer: But when he is gone his way, then he boasteth.	needs_analyzer_review	kept as the clearest analyzed example for this pair, stem side, and environment; analyzer segmentation and POS are explicit enough for write-up use	A following `mi` suggests a relative-like or attributive nominal environment. Row status is capped by the pair-level publication status. Needs review before print use.
ci-cih	ci	cih	say	+h	form_i	ci	unknown_or_needs_review	63	46015037	1 Corinthians 15:37	0	Mangbuhci	mangbuhci	mangbuh-ci	barley-say	mangbuh	N	[Mangbuhci] ahi a khaici	and that which thou sowest, thou sowest not that body that shall be, but bare grain, it may chance of wheat, or of some other grain :	needs_analyzer_review	retained as the clearest available review-bucket example for this pair and stem side; analyzer segmentation and POS are explicit enough for write-up use	No conservative local environment rule fired for this token. Review-bucket rows never count as print-ready evidence. Review bucket only; not a clean syntactic construction. Needs review before print use.
ci-cih	ci	cih	say	+h	form_ii	cih	causative_or_derivational_sak	3	01050005	Genesis 50:5	59	cihsak	cihsak	cih-sak	say.II-BENF	ci	V	ci hi va [cihsak] un,” a ci	My father made me swear, saying, Lo, I die: in my grave which I have digged for me in the land of Canaan, there shalt thou bury me. Now therefore let me go up, I pray thee, and bury my father, and I will come again.	exclude_for_now	kept as the clearest analyzed example for this pair, stem side, and environment; analyzer segmentation and POS are explicit enough for write-up use	Causative or derivational `sak` blocks promotion as simple stem-alternation evidence. Derived or lexicalized environments stay excluded at the row level even when the pair is retained for review.
ci-cih	ci	cih	say	+h	form_ii	cih	clause_linking_kipan	1	46003022	1 Corinthians 3:22	14	cihte	cihte	cih-te	say.II-PL	ci	N	le mailam hun [cihte] a kipan na	whether Paul, or Apollos, or Cephas, or the world, or life, or death, or things present, or things to come; all are your's;	needs_analyzer_review	kept as the clearest analyzed example for this pair, stem side, and environment; analyzer segmentation and POS are explicit enough for write-up use	Local `a kipan` sequence marks a clause-linking or source/beginning environment. Row status is capped by the pair-level publication status. Needs review before print use.
ci-cih	ci	cih	say	+h	form_ii	cih	dependent_temporal_ciangin	101	01024043	Genesis 24:43	25	cih	cih	cih	say.NOM	ci	V	pia in,” ka [cih] ciangin	behold, I stand by the well of water; and it shall come to pass, that when the virgin cometh forth to draw water , and I say to her, Give me, I pray thee, a little water of thy pitcher to drink;	needs_analyzer_review	kept as the clearest analyzed example for this pair, stem side, and environment; analyzer segmentation and POS are explicit enough for write-up use	Immediate following `ciangin` provides a conservative dependent-temporal cue. Row status is capped by the pair-level publication status. Needs review before print use.
ci-cih	ci	cih	say	+h	form_ii	cih	dependent_temporal_ni_in	2	31001012	Obadiah 1:12	27	cihmawh	cihmawh	cih-mawh	say.NOM-sin	ci	V	kei un A [cihmawh] ni-in nuihsan kei	But thou shouldest not have looked on the day of thy brother in the day that he became a stranger; neither shouldest thou have rejoiced over the children of Judah in the day of their destruction; neither shouldest thou have spoken proudly in the day of distress.	needs_analyzer_review	kept as the clearest analyzed example for this pair, stem side, and environment; analyzer segmentation and POS are explicit enough for write-up use	Immediate following `ni-in` provides a conservative dependent-temporal cue. Row status is capped by the pair-level publication status. Needs review before print use.
ci-cih	ci	cih	say	+h	form_ii	cih	finite_main_or_matrix	813	24007013	Jeremiah 7:13	28	cihin-ah	cihin-ah	cih-in-ah	say.II-ERG-LOC	ci	FUNC	Topa in kong [cihin-ah]	And now, because ye have done all these works, saith the LORD , and I spake unto you, rising up early and speaking, but ye heard not; and I called you, but ye answered not;	needs_analyzer_review	kept as the clearest analyzed example for this pair, stem side, and environment; analyzer segmentation and POS are explicit enough for write-up use	No stronger local cue was found, so the token is kept in a conservative finite or matrix bucket. Row status is capped by the pair-level publication status. Needs review before print use.
ci-cih	ci	cih	say	+h	form_ii	cih	imperative_or_directive	2	21012002	Ecclesiastes 12:2	3	cih	cih	cih	say.NOM	ci	V	Lungkham hun i [cih] in Nang a	while the sun, or the light, or the moon, or the stars, be not darkened, nor the clouds return after the rain:	needs_analyzer_review	kept as the clearest analyzed example for this pair, stem side, and environment; analyzer segmentation and POS are explicit enough for write-up use	A following imperative-like particle may indicate directive force. Row status is capped by the pair-level publication status. Needs review before print use.
ci-cih	ci	cih	say	+h	form_ii	cih	negative_clause	145	19102002	Psalms 102:2	1	cihmawh	cihmawh	cih-mawh	say.NOM-sin	ci	V	Ka [cihmawh] hunin kei kiang	Hide not thy face from me in the day when I am in trouble; Incline thine ear unto me: In the day when I call answer me speedily.	needs_analyzer_review	kept as the clearest analyzed example for this pair, stem side, and environment; analyzer segmentation and POS are explicit enough for write-up use	Nearby negative material marks a negative or irrealis-heavy clause. Row status is capped by the pair-level publication status. Needs review before print use.
ci-cih	ci	cih	say	+h	form_ii	cih	nominalized_na	314	06015025	Joshua 15:25	4	cihna)	cihna)	cih-na	say.NOM-NMLZ	ci	V	Keriothhezron (Hazor a [cihna)]	and Hazor, Hadattah, and Kerioth, and Hezron, which is Hazor,	needs_analyzer_review	kept as the clearest analyzed example for this pair, stem side, and environment; analyzer segmentation and POS are explicit enough for write-up use	Suffixal `-na` in the analyzer segmentation supports a nominalized environment. Row status is capped by the pair-level publication status. Needs review before print use.
ci-cih	ci	cih	say	+h	form_ii	cih	possessed_or_genitive_attributive	4	24016005	Jeremiah 16:5	8	cihin-ah	cihin-ah	cih-in-ah	say.II-ERG-LOC	ci	FUNC	Topa in kong [cihin-ah] mi kahna inn	For thus saith the LORD , Enter not into the house of mourning, neither go to lament nor bemoan them: for I have taken away my peace from this people, saith the LORD , even lovingkindness and mercies.	needs_analyzer_review	kept as the clearest analyzed example for this pair, stem side, and environment; analyzer segmentation and POS are explicit enough for write-up use	A following `mi` plus a preceding possessor-like token suggests an attributive or possessed nominal environment. Row status is capped by the pair-level publication status. Needs review before print use.
ci-cih	ci	cih	say	+h	form_ii	cih	purpose_nadingin	10	42015019	Luke 15:19	2	cih	cih	cih	say.NOM	ci	V	Na tapa [cih] dingin zong kilawm	and am no more worthy to be called thy son: make me as one of thy hired servants.	needs_analyzer_review	kept as the clearest analyzed example for this pair, stem side, and environment; analyzer segmentation and POS are explicit enough for write-up use	Local `ding` or `nadingin` material suggests a purpose or irrealis-heavy environment. Row status is capped by the pair-level publication status. Needs review before print use.
ci-cih	ci	cih	say	+h	form_ii	cih	quotative_or_say_complement	2048	01002017	Genesis 2:17	19	cih	cih	cih	say.NOM	ci	V	Bang hang hiam [cih] leh tua na	but of the tree of the knowledge of good and evil, thou shalt not eat of it: for in the day that thou eatest thereof thou shalt surely die.	needs_analyzer_review	preferred because this verse is already cited in the dossier or packet; kept as the clearest analyzed example for this pair, stem side, and environment; analyzer segmentation and POS are explicit enough for write-up use	Nearby quotative material suggests embedded or reported-speech structure. Row status is capped by the pair-level publication status. Needs review before print use.
ci-cih	ci	cih	say	+h	form_ii	cih	unknown_or_needs_review	33	05028020	Deuteronomy 28:20	22	cihmawhnate	cihmawhnate	cih-mawhna-te	say.II-sin-PL	ci	N	tungah samsiatna buaina [cihmawhnate] hong tungsak ding	The LORD shall send upon thee cursing, vexation, and rebuke, in all that thou settest thine hand unto for to do, until thou be destroyed, and until thou perish quickly; because of the wickedness of thy doings, whereby thou hast forsaken me.	needs_analyzer_review	preferred because this verse is already cited in the dossier or packet; retained as the clearest available review-bucket example for this pair and stem side; analyzer segmentation and POS are explicit enough for write-up use	No conservative local environment rule fired for this token. Review-bucket rows never count as print-ready evidence. Review bucket only; not a clean syntactic construction. Needs review before print use.
dipkua-dipkuat	dipkua	dipkuat	haste	+t	form_i	dipkua	finite_main_or_matrix	4	19066005	Psalms 66:5	13	dipkuathuai	dipkuathuai	dipkua-thuai	terrifying-INTENS	dipkua	N	a bawlnate-ah amah [dipkuathuai] hi	Come and see the works of God: He is terrible in his doing toward the children of men.	needs_analyzer_review	kept as the clearest analyzed example for this pair, stem side, and environment; analyzer segmentation and POS are explicit enough for write-up use	No stronger local cue was found, so the token is kept in a conservative finite or matrix bucket. Row status is capped by the pair-level publication status. Needs review before print use.
dipkua-dipkuat	dipkua	dipkuat	haste	+t	form_i	dipkua	unknown_or_needs_review	7	24005030	Jeremiah 5:30	1	dipkuathuai	dipkuathuai	dipkua-thuai	terrifying-INTENS	dipkua	N	A [dipkuathuai] a patauhhuai thu	A wonderful and horrible thing is committed in the land;	needs_analyzer_review	retained as the clearest available review-bucket example for this pair and stem side; analyzer segmentation and POS are explicit enough for write-up use	No conservative local environment rule fired for this token. Review-bucket rows never count as print-ready evidence. Review bucket only; not a clean syntactic construction. Needs review before print use.
dipkua-dipkuat	dipkua	dipkuat	haste	+t	form_ii	dipkuat	nominalized_na	1	03026016	Leviticus 26:16	19	dipkuatna	dipkuatna	dipkuat-na	haste.II-NMLZ	dipkua	V	in thakhatthu a [dipkuatna] zawngkhalna le mite	I also will do this unto you; I will even appoint over you terror, consumption, and the burning ague, that shall consume the eyes, and cause sorrow of heart: and ye shall sow your seed in vain, for your enemies shall eat it.	needs_analyzer_review	kept as the clearest analyzed example for this pair, stem side, and environment; analyzer segmentation and POS are explicit enough for write-up use	Suffixal `-na` in the analyzer segmentation supports a nominalized environment. Row status is capped by the pair-level publication status. Needs review before print use.
gamla-gamlat	gamla	gamlat	wilderness	+t	form_i	gamla	causative_or_derivational_sak	1	55002016	2 Timothy 2:16	4	kigamlasak	kigamlasak	ki-gamla-sak	territory-CAUS	gamla	V	tawh mite a [kigamlasak] semsem thei thu	But shun profane and vain babblings: for they will increase unto more ungodliness.	exclude_for_now	kept as the clearest analyzed example for this pair, stem side, and environment; analyzer segmentation and POS are explicit enough for write-up use	Causative or derivational `sak` blocks promotion as simple stem-alternation evidence. Derived or lexicalized environments stay excluded at the row level even when the pair is retained for review.
gamla-gamlat	gamla	gamlat	wilderness	+t	form_i	gamla	finite_main_or_matrix	9	16004019	Nehemiah 4:19	24	kigamla	kigamla	ki-gamla	territory	gamla	N	kikhenin khatlekhat i [kigamla] hi	And I said unto the nobles, and to the rulers, and to the rest of the people, The work is great and large, and we are separated upon the wall, one far from another.	needs_analyzer_review	kept as the clearest analyzed example for this pair, stem side, and environment; analyzer segmentation and POS are explicit enough for write-up use	No stronger local cue was found, so the token is kept in a conservative finite or matrix bucket. Row status is capped by the pair-level publication status. Needs review before print use.
gamla-gamlat	gamla	gamlat	wilderness	+t	form_i	gamla	negative_clause	14	18021016	Job 21:16	15	kigamla	kigamla	ki-gamla	territory	gamla	N	le kei ngaihsutna [kigamla] hi	Lo, their good is not in their hand: The counsel of the wicked is far from me.	needs_analyzer_review	kept as the clearest analyzed example for this pair, stem side, and environment; analyzer segmentation and POS are explicit enough for write-up use	Nearby negative material marks a negative or irrealis-heavy clause. Row status is capped by the pair-level publication status. Needs review before print use.
gamla-gamlat	gamla	gamlat	wilderness	+t	form_i	gamla	unknown_or_needs_review	57	01019019	Genesis 19:19	27	gamla	gamla	gam-la	wilderness	gam	N	Ahih hangin mualtung [gamla] ahih manin ka	behold now, thy servant hath found grace in thy sight, and thou hast magnified thy mercy, which thou hast shewed unto me in saving my life; and I cannot escape to the mountain, lest some evil take me, and I die:	needs_analyzer_review	preferred because this verse is already cited in the dossier or packet; retained as the clearest available review-bucket example for this pair and stem side; analyzer segmentation and POS are explicit enough for write-up use	No conservative local environment rule fired for this token. Review-bucket rows never count as print-ready evidence. Review bucket only; not a clean syntactic construction. Needs review before print use.
gamla-gamlat	gamla	gamlat	wilderness	+t	form_ii	gamlat	unknown_or_needs_review	1	19103012	Psalms 103:12	5	gamlat	gamlat	gamlat	wilderness	gamla	N	nitumna panin a [gamlat] mah bangin i	As far as the east is from the west, So far hath he removed our transgressions from us.	needs_analyzer_review	retained as the clearest available review-bucket example for this pair and stem side; analyzer segmentation and POS are explicit enough for write-up use	No conservative local environment rule fired for this token. Review-bucket rows never count as print-ready evidence. Review bucket only; not a clean syntactic construction. Needs review before print use.
gen-genh	gen	genh	speak	+h	form_i	gen	causative_or_derivational_sak	44	10011005	2 Samuel 11:5	17	gensak	gensak	gen-sak	speak-CAUS	gen	V	paii hi,” ci-in [gensak] hi	And the woman conceived, and sent and told David, and said, I am with child.	exclude_for_now	kept as the clearest analyzed example for this pair, stem side, and environment; analyzer segmentation and POS are explicit enough for write-up use	Causative or derivational `sak` blocks promotion as simple stem-alternation evidence. Derived or lexicalized environments stay excluded at the row level even when the pair is retained for review.
gen-genh	gen	genh	speak	+h	form_i	gen	clause_linking_kipan	3	02004010	Exodus 4:10	17	gen	gen	gen	speak	gen	V	tungah thu na [gen] a kipan hitaleh	And Moses said unto the LORD , O my Lord, I am not eloquent, neither heretofore, nor since thou hast spoken unto thy servant: but I am slow of speech, and of a slow tongue.	needs_analyzer_review	kept as the clearest analyzed example for this pair, stem side, and environment; analyzer segmentation and POS are explicit enough for write-up use	Local `a kipan` sequence marks a clause-linking or source/beginning environment. Row status is capped by the pair-level publication status. Needs review before print use.
gen-genh	gen	genh	speak	+h	form_i	gen	dependent_temporal_ciangin	96	01021025	Genesis 21:25	17	gen	gen	gen	speak	gen	V	Abimelek kiangah a [gen] ciangin	And Abraham reproved Abimelech because of a well of water, which Abimelech's servants had violently taken away.	needs_analyzer_review	kept as the clearest analyzed example for this pair, stem side, and environment; analyzer segmentation and POS are explicit enough for write-up use	Immediate following `ciangin` provides a conservative dependent-temporal cue. Row status is capped by the pair-level publication status. Needs review before print use.
gen-genh	gen	genh	speak	+h	form_i	gen	dependent_temporal_ni_in	2	02006028	Exodus 6:28	8	gen	gen	gen	speak	gen	V	in thu a [gen] ni-in	And it came to pass on the day when the LORD spake unto Moses in the land of Egypt,	needs_analyzer_review	kept as the clearest analyzed example for this pair, stem side, and environment; analyzer segmentation and POS are explicit enough for write-up use	Immediate following `ni-in` provides a conservative dependent-temporal cue. Row status is capped by the pair-level publication status. Needs review before print use.
gen-genh	gen	genh	speak	+h	form_i	gen	finite_main_or_matrix	2036	05002001	Deuteronomy 2:1	7	gen	gen	gen	speak	gen	V	kei tungah hong [gen] bangin eite kihei-in	Then we turned, and took our journey into the wilderness by the way of the Red sea, as the LORD spake unto me: and we compassed mount Seir many days.	needs_analyzer_review	preferred because this verse is already cited in the dossier or packet; kept as the clearest analyzed example for this pair, stem side, and environment; analyzer segmentation and POS are explicit enough for write-up use	No stronger local cue was found, so the token is kept in a conservative finite or matrix bucket. Row status is capped by the pair-level publication status. Needs review before print use.
gen-genh	gen	genh	speak	+h	form_i	gen	imperative_or_directive	266	02014015	Exodus 14:15	22	gen	gen	gen	speak	gen	V	pai ding uh [gen] in	And the LORD said unto Moses, Wherefore criest thou unto me? speak unto the children of Israel, that they go forward:	needs_analyzer_review	kept as the clearest analyzed example for this pair, stem side, and environment; analyzer segmentation and POS are explicit enough for write-up use	A following imperative-like particle may indicate directive force. Row status is capped by the pair-level publication status. Needs review before print use.
gen-genh	gen	genh	speak	+h	form_i	gen	negative_clause	215	20019005	Proverbs 19:5	1	gen	gen	gen	speak	gen	V	Thuman [gen] lo teci in	A false witness shall not be unpunished, And he that speaketh lies shall not escape.	needs_analyzer_review	kept as the clearest analyzed example for this pair, stem side, and environment; analyzer segmentation and POS are explicit enough for write-up use	Nearby negative material marks a negative or irrealis-heavy clause. Row status is capped by the pair-level publication status. Needs review before print use.
gen-genh	gen	genh	speak	+h	form_i	gen	nominalized_na	187	18005021	Job 5:21	0	Gensiatna	gensiatna	gen-siat-na	speak-destruction	gen	N	[Gensiatna] panin nang hong	Thou shalt be hid from the scourge of the tongue: Neither shalt thou be afraid of destruction when it cometh.	needs_analyzer_review	kept as the clearest analyzed example for this pair, stem side, and environment; analyzer segmentation and POS are explicit enough for write-up use	Suffixal `-na` in the analyzer segmentation supports a nominalized environment. Row status is capped by the pair-level publication status. Needs review before print use.
gen-genh	gen	genh	speak	+h	form_i	gen	possessed_or_genitive_attributive	5	40005032	Matthew 5:32	6	genin-ah	genin-ah	gen-in-ah	speak-ERG-LOC	gen	FUNC	note kiangah kong [genin-ah] Mi khat peuhmah	but I say unto you, That whosoever shall put away his wife, saving for the cause of fornication, causeth her to commit adultery: and whosoever shall marry her that is divorced committeth adultery.	needs_analyzer_review	kept as the clearest analyzed example for this pair, stem side, and environment; analyzer segmentation and POS are explicit enough for write-up use	A following `mi` plus a preceding possessor-like token suggests an attributive or possessed nominal environment. Row status is capped by the pair-level publication status. Needs review before print use.
gen-genh	gen	genh	speak	+h	form_i	gen	purpose_nadingin	81	43012050	John 12:50	0	Gen	gen	Gen	speak	gen	V	[Gen] dingin a hong	And I know that his commandment is life everlasting: whatsoever I speak therefore, even as the Father said unto me, so I speak.	needs_analyzer_review	kept as the clearest analyzed example for this pair, stem side, and environment; analyzer segmentation and POS are explicit enough for write-up use	Local `ding` or `nadingin` material suggests a purpose or irrealis-heavy environment. Row status is capped by the pair-level publication status. Needs review before print use.
gen-genh	gen	genh	speak	+h	form_i	gen	quotative_or_say_complement	160	04018029	Numbers 18:29	24	gen	gen	gen	speak	gen	V	uh hi ci-in [gen] in	Out of all your gifts ye shall offer every heave offering of the LORD , of all the best thereof, even the hallowed part thereof out of it.	needs_analyzer_review	kept as the clearest analyzed example for this pair, stem side, and environment; analyzer segmentation and POS are explicit enough for write-up use	Nearby quotative material suggests embedded or reported-speech structure. Row status is capped by the pair-level publication status. Needs review before print use.
gen-genh	gen	genh	speak	+h	form_i	gen	relative_or_attributive_mi	8	19015002	Psalms 15:2	11	gen	gen	gen	speak	gen	V	lungsim tak a [gen] mi	He that walketh uprightly, and worketh righteousness, and speaketh the truth in his heart.	needs_analyzer_review	kept as the clearest analyzed example for this pair, stem side, and environment; analyzer segmentation and POS are explicit enough for write-up use	A following `mi` suggests a relative-like or attributive nominal environment. Row status is capped by the pair-level publication status. Needs review before print use.
gen-genh	gen	genh	speak	+h	form_i	gen	unknown_or_needs_review	476	05020002	Deuteronomy 20:2	14	genin	genin	gen-in	speak-CVB	gen	N	mite kiangah thu [genin]	And it shall be, when ye are come nigh unto the battle, that the priest shall approach and speak unto the people,	needs_analyzer_review	retained as the clearest available review-bucket example for this pair and stem side; analyzer segmentation and POS are explicit enough for write-up use	No conservative local environment rule fired for this token. Review-bucket rows never count as print-ready evidence. Review bucket only; not a clean syntactic construction. Needs review before print use.
hawlkhia-hawlkhiat	hawlkhia	hawlkhiat	drive.out	+t	form_i	hawlkhia	causative_or_derivational_sak	1	19036011	Psalms 36:11	10	hawlkhiasak	hawlkhiasak	hawlkhia-sak	drive.out-CAUS	hawlkhia	V	inla migilote hong [hawlkhiasak] kei in	Let not the foot of pride come against me, And let not the hand of the wicked remove me.	exclude_for_now	kept as the clearest analyzed example for this pair, stem side, and environment; analyzer segmentation and POS are explicit enough for write-up use	Causative or derivational `sak` blocks promotion as simple stem-alternation evidence. Derived or lexicalized environments stay excluded at the row level even when the pair is retained for review.
hawlkhia-hawlkhiat	hawlkhia	hawlkhiat	drive.out	+t	form_i	hawlkhia	finite_main_or_matrix	130	01015011	Genesis 15:11	13	hawlkhia	hawlkhia	hawlkhia	drive.out	hawlkhia	V	in tuate a [hawlkhia] hi	And when the fowls came down upon the carcases, Abram drove them away.	needs_analyzer_review	kept as the clearest analyzed example for this pair, stem side, and environment; analyzer segmentation and POS are explicit enough for write-up use	No stronger local cue was found, so the token is kept in a conservative finite or matrix bucket. Row status is capped by the pair-level publication status. Needs review before print use.
hawlkhia-hawlkhiat	hawlkhia	hawlkhiat	drive.out	+t	form_i	hawlkhia	imperative_or_directive	4	25003065	Lamentations 3:65	6	hawlkhia	hawlkhia	hawlkhia	drive.out	hawlkhia	V	a cimawh dingin [hawlkhia] in	Give them sorrow of heart, Thy curse unto them.	needs_analyzer_review	kept as the clearest analyzed example for this pair, stem side, and environment; analyzer segmentation and POS are explicit enough for write-up use	A following imperative-like particle may indicate directive force. Row status is capped by the pair-level publication status. Needs review before print use.
hawlkhia-hawlkhiat	hawlkhia	hawlkhiat	drive.out	+t	form_i	hawlkhia	negative_clause	23	09026019	1 Samuel 26:19	66	hawlkhia	hawlkhia	hawlkhia	drive.out	hawlkhia	V	tuni-in kei hong [hawlkhia] uh hi	Now therefore, I pray thee, let my lord the king hear the words of his servant. If the LORD have stirred thee up against me, let him accept an offering: but if they be the children of men, cursed be they before the LORD ; for they have driven me out this day from abiding in the inheritance of the LORD , saying, Go, serve other gods.	needs_analyzer_review	kept as the clearest analyzed example for this pair, stem side, and environment; analyzer segmentation and POS are explicit enough for write-up use	Nearby negative material marks a negative or irrealis-heavy clause. Row status is capped by the pair-level publication status. Needs review before print use.
hawlkhia-hawlkhiat	hawlkhia	hawlkhiat	drive.out	+t	form_i	hawlkhia	purpose_nadingin	2	02023028	Exodus 23:28	11	hawlkhia	hawlkhia	hawlkhia	drive.out	hawlkhia	V	Hit mite a [hawlkhia] dingin note mai-ah	And I will send hornets before thee, which shall drive out the Hivite, the Canaanite, and the Hittite, from before thee.	needs_analyzer_review	kept as the clearest analyzed example for this pair, stem side, and environment; analyzer segmentation and POS are explicit enough for write-up use	Local `ding` or `nadingin` material suggests a purpose or irrealis-heavy environment. Row status is capped by the pair-level publication status. Needs review before print use.
hawlkhia-hawlkhiat	hawlkhia	hawlkhiat	drive.out	+t	form_i	hawlkhia	quotative_or_say_complement	2	05029028	Deuteronomy 29:28	20	hawlkhia	hawlkhia	hawlkhia	drive.out	hawlkhia	V	amaute gam dangah [hawlkhia] hi ci ding	and the LORD rooted them out of their land in anger, and in wrath, and in great indignation, and cast them into another land, as it is this day.	needs_analyzer_review	kept as the clearest analyzed example for this pair, stem side, and environment; analyzer segmentation and POS are explicit enough for write-up use	Nearby quotative material suggests embedded or reported-speech structure. Row status is capped by the pair-level publication status. Needs review before print use.
hawlkhia-hawlkhiat	hawlkhia	hawlkhiat	drive.out	+t	form_i	hawlkhia	relative_or_attributive_mi	2	41009038	Mark 9:38	9	hawlkhia	hawlkhia	hawlkhia	drive.out	hawlkhia	V	zangin dawi a [hawlkhia] mi khat ka	And John answered him, saying, Master, we saw one casting out devils in thy name, and he followeth not us: and we forbad him, because he followeth not us.	needs_analyzer_review	kept as the clearest analyzed example for this pair, stem side, and environment; analyzer segmentation and POS are explicit enough for write-up use	A following `mi` suggests a relative-like or attributive nominal environment. Row status is capped by the pair-level publication status. Needs review before print use.
hawlkhia-hawlkhiat	hawlkhia	hawlkhiat	drive.out	+t	form_ii	hawlkhiat	causative_or_derivational_sak	1	42008002	Luke 8:2	5	hawlkhiatsakte	hawlkhiatsakte	hawlkhiat-sak-te	drive.out.II-CAUS-PL	hawlkhia	N	sungpan dawi a [hawlkhiatsakte] le natna tuamtuam	and certain women, which had been healed of evil spirits and infirmities, Mary called Magdalene, out of whom went seven devils,	exclude_for_now	kept as the clearest analyzed example for this pair, stem side, and environment; analyzer segmentation and POS are explicit enough for write-up use	Causative or derivational `sak` blocks promotion as simple stem-alternation evidence. Derived or lexicalized environments stay excluded at the row level even when the pair is retained for review.
hawlkhia-hawlkhiat	hawlkhia	hawlkhiat	drive.out	+t	form_ii	hawlkhiat	finite_main_or_matrix	5	41011015	Mark 11:15	17	hawlkhiat	hawlkhiat	hawl-khiat	persecute	hawl	N	sumlei-a a omte [hawlkhiat] ding kipan a	And they come to Jerusalem: and Jesus went into the temple, and began to cast out them that sold and bought in the temple, and overthrew the tables of the moneychangers, and the seats of them that sold doves;	needs_analyzer_review	kept as the clearest analyzed example for this pair, stem side, and environment; analyzer segmentation and POS are explicit enough for write-up use	No stronger local cue was found, so the token is kept in a conservative finite or matrix bucket. Row status is capped by the pair-level publication status. Needs review before print use.
hawlkhia-hawlkhiat	hawlkhia	hawlkhiat	drive.out	+t	form_ii	hawlkhiat	negative_clause	1	04033055	Numbers 33:55	11	hawlkhiat	hawlkhiat	hawl-khiat	persecute	hawl	N	teng mite na [hawlkhiat] kei uhleh na	But if ye will not drive out the inhabitants of the land from before you; then it shall come to pass, that those which ye let remain of them shall be pricks in your eyes, and thorns in your sides, and shall vex you in the land wherein ye dwell.	needs_analyzer_review	kept as the clearest analyzed example for this pair, stem side, and environment; analyzer segmentation and POS are explicit enough for write-up use	Nearby negative material marks a negative or irrealis-heavy clause. Row status is capped by the pair-level publication status. Needs review before print use.
hawlkhia-hawlkhiat	hawlkhia	hawlkhiat	drive.out	+t	form_ii	hawlkhiat	unknown_or_needs_review	15	04032021	Numbers 32:21	8	hawlkhiat	hawlkhiat	hawl-khiat	persecute	hawl	N	a galte a [hawlkhiat] matengin hiam a	and will go all of you armed over Jordan before the LORD , until he hath driven out his enemies from before him,	needs_analyzer_review	retained as the clearest available review-bucket example for this pair and stem side; analyzer segmentation and POS are explicit enough for write-up use	No conservative local environment rule fired for this token. Review-bucket rows never count as print-ready evidence. Review bucket only; not a clean syntactic construction. Needs review before print use.
hi-hih	hi	hih	be	+h	form_i	hi	causative_or_derivational_sak	8	20021004	Proverbs 21:4	0	Kihisakin	kihisakin	ki-hi-sak-in	REFL-be-CAUS-CVB	hi	V	[Kihisakin] gamtatna le kiphatsakna	An high look, and a proud heart, And the plowing of the wicked, is sin.	exclude_for_now	kept as the clearest analyzed example for this pair, stem side, and environment; analyzer segmentation and POS are explicit enough for write-up use	Causative or derivational `sak` blocks promotion as simple stem-alternation evidence. Derived or lexicalized environments stay excluded at the row level even when the pair is retained for review.
hi-hih	hi	hih	be	+h	form_i	hi	finite_main_or_matrix	34200	01001001	Genesis 1:1	10	hi	hi	hi	DECL	hi	FUNC	leitung a piangsak [hi]	In the beginning God created the heaven and the earth.	needs_analyzer_review	preferred because this verse is already cited in the dossier or packet; kept as the clearest analyzed example for this pair, stem side, and environment; analyzer segmentation and POS are explicit enough for write-up use	No stronger local cue was found, so the token is kept in a conservative finite or matrix bucket. Row status is capped by the pair-level publication status. Needs review before print use.
hi-hih	hi	hih	be	+h	form_i	hi	imperative_or_directive	15	19042001	Psalms 42:1	0	Sakhi	sakhi	sak-hi	CAUS-DECL	Sakhi	PROP	[Sakhi] in tuiluang sialsial	As the hart panteth after the water brooks, So panteth my soul after thee, O God.	needs_analyzer_review	kept as the clearest analyzed example for this pair, stem side, and environment; analyzer segmentation and POS are explicit enough for write-up use	A following imperative-like particle may indicate directive force. Row status is capped by the pair-level publication status. Needs review before print use.
hi-hih	hi	hih	be	+h	form_i	hi	negative_clause	5274	01011030	Genesis 11:30	7	hi	hi	hi	DECL	hi	FUNC	ta nei lo [hi]	But Sarai was barren; she had no child.	needs_analyzer_review	preferred because this verse is already cited in the dossier or packet; kept as the clearest analyzed example for this pair, stem side, and environment; analyzer segmentation and POS are explicit enough for write-up use	Nearby negative material marks a negative or irrealis-heavy clause. Row status is capped by the pair-level publication status. Needs review before print use.
hi-hih	hi	hih	be	+h	form_i	hih	nominalized_na	38	57001006	Philemon 1:6	2	ihihna	ihihna	i-hih-na	1PL.INCL-do-NMLZ	hi	V	Thu umte [ihihna] hangin Khristian sungah	that the communication of thy faith may become effectual by the acknowledging of every good thing which is in you in Christ Jesus.	needs_analyzer_review	kept as the clearest analyzed example for this pair, stem side, and environment; analyzer segmentation and POS are explicit enough for write-up use	Suffixal `-na` in the analyzer segmentation supports a nominalized environment. Row status is capped by the pair-level publication status. Needs review before print use.
hi-hih	hi	hih	be	+h	form_i	hi	possessed_or_genitive_attributive	38	02016020	Exodus 16:20	9	hi	hi	hi	DECL	hi	FUNC	ngai lo uh [hi] Mi pawlkhat in	Notwithstanding they hearkened not unto Moses; but some of them left of it until the morning, and it bred worms, and stank: and Moses was wroth with them.	needs_analyzer_review	kept as the clearest analyzed example for this pair, stem side, and environment; analyzer segmentation and POS are explicit enough for write-up use	A following `mi` plus a preceding possessor-like token suggests an attributive or possessed nominal environment. Row status is capped by the pair-level publication status. Needs review before print use.
hi-hih	hi	hih	be	+h	form_i	hi	purpose_nadingin	7	02029036	Exodus 29:36	12	hi	hi	hi	DECL	hi	FUNC	na pia ding [hi] Siangthosak nadingin sathau	And thou shalt offer every day a bullock for a sin offering for atonement: and thou shalt cleanse the altar, when thou hast made an atonement for it, and thou shalt anoint it, to sanctify it.	needs_analyzer_review	kept as the clearest analyzed example for this pair, stem side, and environment; analyzer segmentation and POS are explicit enough for write-up use	Local `ding` or `nadingin` material suggests a purpose or irrealis-heavy environment. Row status is capped by the pair-level publication status. Needs review before print use.
hi-hih	hi	hih	be	+h	form_i	hi	quotative_or_say_complement	7851	01001020	Genesis 1:20	19	hi	hi	hi	DECL	hi	FUNC	ta hen,” ci [hi]	And God said, Let the waters bring forth abundantly the moving creature that hath life, and fowl that may fly above the earth in the open firmament of heaven.	needs_analyzer_review	preferred because this verse is already cited in the dossier or packet; kept as the clearest analyzed example for this pair, stem side, and environment; analyzer segmentation and POS are explicit enough for write-up use	Nearby quotative material suggests embedded or reported-speech structure. Row status is capped by the pair-level publication status. Needs review before print use.
hi-hih	hi	hih	be	+h	form_i	hi	relative_or_attributive_mi	60	05017013	Deuteronomy 17:13	1	hileh	hileh	hi-leh	be-if	hi	N	Tua [hileh] mi khempeuh in	And all the people shall hear, and fear, and do no more presumptuously.	needs_analyzer_review	kept as the clearest analyzed example for this pair, stem side, and environment; analyzer segmentation and POS are explicit enough for write-up use	A following `mi` suggests a relative-like or attributive nominal environment. Row status is capped by the pair-level publication status. Needs review before print use.
hi-hih	hi	hih	be	+h	form_i	hi	unknown_or_needs_review	362	18006008	Job 6:8	14	hileh	hileh	hi-leh	be-if	hi	N	hong pia ding [hileh]	Oh that I might have my request; And that God would grant me the thing that I long for!	needs_analyzer_review	retained as the clearest available review-bucket example for this pair and stem side; analyzer segmentation and POS are explicit enough for write-up use	No conservative local environment rule fired for this token. Review-bucket rows never count as print-ready evidence. Review bucket only; not a clean syntactic construction. Needs review before print use.
hi-hih	hi	hih	be	+h	form_ii	hih	causative_or_derivational_sak	38	20006017	Proverbs 6:17	0	kihihsakna	kihihsakna	ki-hih-sak-na	REFL-do-CAUS-NMLZ	hi	V	[kihihsakna] zuauthu genna mawhnei	A proud look, a lying tongue, And hands that shed innocent blood,	exclude_for_now	kept as the clearest analyzed example for this pair, stem side, and environment; analyzer segmentation and POS are explicit enough for write-up use	Causative or derivational `sak` blocks promotion as simple stem-alternation evidence. Derived or lexicalized environments stay excluded at the row level even when the pair is retained for review.
hi-hih	hi	hih	be	+h	form_ii	hih	dependent_temporal_ciangin	19	23037021	Isaiah 37:21	35	hih	hih	hih	this	hi	DET	ngen khin na [hih] ciangin	Then Isaiah the son of Amoz sent unto Hezekiah, saying, Thus saith the LORD God of Israel, Whereas thou hast prayed to me against Sennacherib king of Assyria:	needs_analyzer_review	kept as the clearest analyzed example for this pair, stem side, and environment; analyzer segmentation and POS are explicit enough for write-up use	Immediate following `ciangin` provides a conservative dependent-temporal cue. Row status is capped by the pair-level publication status. Needs review before print use.
hi-hih	hi	hih	be	+h	form_ii	hih	dependent_temporal_ni_in	1	03016030	Leviticus 16:30	5	hih	hih	hih	this	hi	DET	hiam cih leh [hih] ni-in note siansak	for on that day shall the priest make an atonement for you, to cleanse you, that ye may be clean from all your sins before the LORD .	needs_analyzer_review	kept as the clearest analyzed example for this pair, stem side, and environment; analyzer segmentation and POS are explicit enough for write-up use	Immediate following `ni-in` provides a conservative dependent-temporal cue. Row status is capped by the pair-level publication status. Needs review before print use.
hi-hih	hi	hih	be	+h	form_ii	hih	finite_main_or_matrix	316	01006022	Genesis 6:22	10	hih	hih	hih	this	hi	DET	thupiak khempeuh a [hih] hi	Thus did Noah; according to all that God commanded him, so did he.	needs_analyzer_review	kept as the clearest analyzed example for this pair, stem side, and environment; analyzer segmentation and POS are explicit enough for write-up use	No stronger local cue was found, so the token is kept in a conservative finite or matrix bucket. Row status is capped by the pair-level publication status. Needs review before print use.
hi-hih	hi	hih	be	+h	form_ii	hih	imperative_or_directive	48	13024019	1 Chronicles 24:19	0	Hihte	hihte	hih-te	this-PL	hi	DET	[Hihte] in Israel Topa	These were the orderings of them in their service to come into the house of the LORD , according to their manner, under Aaron their father, as the LORD God of Israel had commanded him.	needs_analyzer_review	kept as the clearest analyzed example for this pair, stem side, and environment; analyzer segmentation and POS are explicit enough for write-up use	A following imperative-like particle may indicate directive force. Row status is capped by the pair-level publication status. Needs review before print use.
hi-hih	hi	hih	be	+h	form_ii	hih	negative_clause	366	01024005	Genesis 24:5	7	hih	hih	hih	this	hi	DET	“A numei in [hih] gamah kei hong	And the servant said unto him, Peradventure the woman will not be willing to follow me unto this land: must I needs bring thy son again unto the land from whence thou camest?	needs_analyzer_review	preferred because this verse is already cited in the dossier or packet; kept as the clearest analyzed example for this pair, stem side, and environment; analyzer segmentation and POS are explicit enough for write-up use	Nearby negative material marks a negative or irrealis-heavy clause. Row status is capped by the pair-level publication status. Needs review before print use.
hi-hih	hi	hih	be	+h	form_ii	hih	nominalized_na	572	19056011	Psalms 56:11	0	lunghihmawhna	lunghihmawhna	lung-hih-mawh-na	heart-be-sin-NMLZ	lung	N	[lunghihmawhna] khat zong nei	In God have I put my trust: I will not be afraid what man can do unto me.	needs_analyzer_review	kept as the clearest analyzed example for this pair, stem side, and environment; analyzer segmentation and POS are explicit enough for write-up use	Suffixal `-na` in the analyzer segmentation supports a nominalized environment. Row status is capped by the pair-level publication status. Needs review before print use.
hi-hih	hi	hih	be	+h	form_ii	hih	possessed_or_genitive_attributive	2	40027063	Matthew 27:63	2	hih	hih	hih	this	hi	DET	“Topa aw [hih] mi khem pa	saying, Sir, we remember that that deceiver said, while he was yet alive, After three days I will rise again.	needs_analyzer_review	kept as the clearest analyzed example for this pair, stem side, and environment; analyzer segmentation and POS are explicit enough for write-up use	A following `mi` plus a preceding possessor-like token suggests an attributive or possessed nominal environment. Row status is capped by the pair-level publication status. Needs review before print use.
hi-hih	hi	hih	be	+h	form_ii	hih	purpose_nadingin	49	04033056	Numbers 33:56	2	hih	hih	hih	this	hi	DET	Amaute tunga [hih] dinga ka ngaihsut	Moreover it shall come to pass, that I shall do unto you, as I thought to do unto them.	needs_analyzer_review	kept as the clearest analyzed example for this pair, stem side, and environment; analyzer segmentation and POS are explicit enough for write-up use	Local `ding` or `nadingin` material suggests a purpose or irrealis-heavy environment. Row status is capped by the pair-level publication status. Needs review before print use.
hi-hih	hi	hih	be	+h	form_ii	hih	quotative_or_say_complement	308	03004002	Leviticus 4:2	28	hihkhak	hihkhak	hih-khak	be-may	hi	N	tuate khatpeuh a [hihkhak] leh	Speak unto the children of Israel, saying, If a soul shall sin through ignorance against any of the commandments of the LORD concerning things which ought not to be done, and shall do against any of them:	needs_analyzer_review	kept as the clearest analyzed example for this pair, stem side, and environment; analyzer segmentation and POS are explicit enough for write-up use	Nearby quotative material suggests embedded or reported-speech structure. Row status is capped by the pair-level publication status. Needs review before print use.
hi-hih	hi	hih	be	+h	form_ii	hih	relative_or_attributive_mi	20	10021022	2 Samuel 21:22	0	Hih	hih	Hih	this	hi	DET	[Hih] mi lite pen	These four were born to the giant in Gath, and fell by the hand of David, and by the hand of his servants.	needs_analyzer_review	kept as the clearest analyzed example for this pair, stem side, and environment; analyzer segmentation and POS are explicit enough for write-up use	A following `mi` suggests a relative-like or attributive nominal environment. Row status is capped by the pair-level publication status. Needs review before print use.
hi-hih	hi	hih	be	+h	form_ii	hih	unknown_or_needs_review	4660	01002002	Genesis 2:2	11	hihsa	hihsa	hih-sa	be-PERF	hi	N	khinta a ama [hihsa] nasep khempeuh panin	And on the seventh day God ended his work which he had made; and he rested on the seventh day from all his work which he had made.	needs_analyzer_review	preferred because this verse is already cited in the dossier or packet; retained as the clearest available review-bucket example for this pair and stem side; analyzer segmentation and POS are explicit enough for write-up use	No conservative local environment rule fired for this token. Review-bucket rows never count as print-ready evidence. Review bucket only; not a clean syntactic construction. Needs review before print use.
honkhia-honkhiat	honkhia	honkhiat	bring.out	+t	form_i	honkhia	compound_or_lexicalized	363	01037021	Genesis 37:21	18	honkhia	honkhia	honkhia	deliver	honkhia	V	khutsung panin amah [honkhia] hi	And Reuben heard it , and he delivered him out of their hands; and said, Let us not kill him.	exclude_for_now	kept as the clearest analyzed example for this pair, stem side, and environment; analyzer segmentation and POS are explicit enough for write-up use	This pair is currently treated as lexicalized or category-mixed rather than as simple stem evidence. Derived or lexicalized environments stay excluded at the row level even when the pair is retained for review.
honkhia-honkhiat	honkhia	honkhiat	bring.out	+t	form_ii	honkhiat	compound_or_lexicalized	1	66006001	Revelation 6:1	11	honkhiat	honkhiat	honkhiat	bring.out	honkhia	V	panin khat a [honkhiat] ka mu hi	And I saw when the Lamb opened one of the seals, and I heard, as it were the noise of thunder, one of the four beasts saying, Come and see.	exclude_for_now	preferred because this verse already appears in the curated candidate TSV; kept as the clearest analyzed example for this pair, stem side, and environment; analyzer segmentation and POS are explicit enough for write-up use	This pair is currently treated as lexicalized or category-mixed rather than as simple stem evidence. Derived or lexicalized environments stay excluded at the row level even when the pair is retained for review.
hu-huh	hu	huh	help	+h	form_i	hu	compound_or_lexicalized	164	19150006	Psalms 150:6	0	Husang	husang	hu-sang	live-up	hu	V	[Husang] thei khempeuh in	Let every thing that hath breath Praise the LORD . Praise ye the LORD .	exclude_for_now	kept as the clearest analyzed example for this pair, stem side, and environment; analyzer segmentation and POS are explicit enough for write-up use	Present in the stem packet, but absent from VERB_STEM_PAIRS. This pair is currently treated as lexicalized or category-mixed rather than as simple stem evidence. Derived or lexicalized environments stay excluded at the row level even when the pair is retained for review.
hu-huh	hu	huh	help	+h	form_ii	huh	compound_or_lexicalized	464	18036019	Job 36:19	0	Huh	huh	huh	help	huh	V	[Huh] ding na nget	Will he esteem thy riches? no , not gold, Nor all the forces of strength.	exclude_for_now	kept as the clearest analyzed example for this pair, stem side, and environment; analyzer segmentation and POS are explicit enough for write-up use	Present in the stem packet, but absent from VERB_STEM_PAIRS. This pair is currently treated as lexicalized or category-mixed rather than as simple stem evidence. Derived or lexicalized environments stay excluded at the row level even when the pair is retained for review.
husia-husiat	husia	husiat	tempest	+t	form_i	husia	finite_main_or_matrix	6	18031012	Job 31:12	7	husia	husia	husia	destruction	husia	V	kangtum thei mei [husia] tawh a kibang	For it is a fire that consumeth to destruction, And would root out all mine increase.	needs_analyzer_review	kept as the clearest analyzed example for this pair, stem side, and environment; analyzer segmentation and POS are explicit enough for write-up use	No stronger local cue was found, so the token is kept in a conservative finite or matrix bucket. Row status is capped by the pair-level publication status. Needs review before print use.
husia-husiat	husia	husiat	tempest	+t	form_i	husia	imperative_or_directive	1	19124005	Psalms 124:5	1	husiate	husiate	husia-te	tempest-PL	husia	N	tuipi [husiate] in hong tuummang	Then the proud waters, Had gone over our soul.	needs_analyzer_review	kept as the clearest analyzed example for this pair, stem side, and environment; analyzer segmentation and POS are explicit enough for write-up use	A following imperative-like particle may indicate directive force. Row status is capped by the pair-level publication status. Needs review before print use.
husia-husiat	husia	husiat	tempest	+t	form_i	husia	unknown_or_needs_review	2	19055008	Psalms 55:8	4	husiate	husiate	husia-te	tempest-PL	husia	N	huihpi le huih [husiate] panin bukna ka	I would hasten my escape From the windy storm and tempest.	needs_analyzer_review	retained as the clearest available review-bucket example for this pair and stem side; analyzer segmentation and POS are explicit enough for write-up use	No conservative local environment rule fired for this token. Review-bucket rows never count as print-ready evidence. Review bucket only; not a clean syntactic construction. Needs review before print use.
keu-keuh	keu	keuh	dig	+h	form_i	keu	causative_or_derivational_sak	15	19058007	Psalms 58:7	11	keutumsak	keutumsak	keu-tum-sak	melt-finish-CAUS	keu	V	amaute kituancil gawpin [keutumsak] in	Let them melt away as waters which run continually: when he bendeth his bow to shoot his arrows, let them be as cut in pieces.	exclude_for_now	kept as the clearest analyzed example for this pair, stem side, and environment; analyzer segmentation and POS are explicit enough for write-up use	Causative or derivational `sak` blocks promotion as simple stem-alternation evidence. Derived or lexicalized environments stay excluded at the row level even when the pair is retained for review.
keu-keuh	keu	keuh	dig	+h	form_i	keu	dependent_temporal_ciangin	1	23027011	Isaiah 27:11	3	keu	keu	keu	dry	keu	N	A hiangte a [keu] ciangin kitan hi	When the boughs thereof are withered, they shall be broken off: the women come, and set them on fire: for it is a people of no understanding: therefore he that made them will not have mercy on them, and he that formed them will shew them no favour.	needs_analyzer_review	kept as the clearest analyzed example for this pair, stem side, and environment; analyzer segmentation and POS are explicit enough for write-up use	Immediate following `ciangin` provides a conservative dependent-temporal cue. Row status is capped by the pair-level publication status. Needs review before print use.
keu-keuh	keu	keuh	dig	+h	form_i	keu	finite_main_or_matrix	44	01008014	Genesis 8:14	11	keu	keu	keu	dry	keu	N	sagih ni-in leitung [keu] hi	And in the second month, on the seven and twentieth day of the month, was the earth dried.	needs_analyzer_review	kept as the clearest analyzed example for this pair, stem side, and environment; analyzer segmentation and POS are explicit enough for write-up use	No stronger local cue was found, so the token is kept in a conservative finite or matrix bucket. Row status is capped by the pair-level publication status. Needs review before print use.
keu-keuh	keu	keuh	dig	+h	form_i	keu	imperative_or_directive	3	19143006	Psalms 143:6	11	keu	keu	keu	dry	keu	N	zan a lei [keu] in tui a	I stretch forth my hands unto thee: My soul thirsteth after thee, as a thirsty land. Selah.	needs_analyzer_review	kept as the clearest analyzed example for this pair, stem side, and environment; analyzer segmentation and POS are explicit enough for write-up use	A following imperative-like particle may indicate directive force. Row status is capped by the pair-level publication status. Needs review before print use.
keu-keuh	keu	keuh	dig	+h	form_i	keu	negative_clause	2	07016007	Judges 16:7	8	keu	keu	keu	dry	keu	N	“Amaute in a [keu] nai lo thalkhau	And Samson said unto her, If they bind me with seven green withs that were never dried, then shall I be weak, and be as another man.	needs_analyzer_review	kept as the clearest analyzed example for this pair, stem side, and environment; analyzer segmentation and POS are explicit enough for write-up use	Nearby negative material marks a negative or irrealis-heavy clause. Row status is capped by the pair-level publication status. Needs review before print use.
keu-keuh	keu	keuh	dig	+h	form_i	keu	nominalized_na	11	23025005	Isaiah 25:5	1	keuna-ah	keuna-ah	keu-na-ah	cluster-NMLZ-LOC	keu	FUNC	mun [keuna-ah] nisa mahmah tawh	Thou shalt bring down the noise of strangers, as the heat in a dry place; even the heat with the shadow of a cloud: the branch of the terrible ones shall be brought low.	needs_analyzer_review	kept as the clearest analyzed example for this pair, stem side, and environment; analyzer segmentation and POS are explicit enough for write-up use	Suffixal `-na` in the analyzer segmentation supports a nominalized environment. Row status is capped by the pair-level publication status. Needs review before print use.
keu-keuh	keu	keuh	dig	+h	form_i	keu	quotative_or_say_complement	1	07006037	Judges 6:37	20	keu	keu	keu	dry	keu	N	dang khempeuh a [keu] leh na gensa	Behold, I will put a fleece of wool in the floor; and if the dew be on the fleece only, and it be dry upon all the earth beside , then shall I know that thou wilt save Israel by mine hand, as thou hast said.	needs_analyzer_review	kept as the clearest analyzed example for this pair, stem side, and environment; analyzer segmentation and POS are explicit enough for write-up use	Nearby quotative material suggests embedded or reported-speech structure. Row status is capped by the pair-level publication status. Needs review before print use.
keu-keuh	keu	keuh	dig	+h	form_i	keu	unknown_or_needs_review	89	13028017	1 Chronicles 28:17	1	sikkeute	sikkeute	sik-keu-te	turn-dig-PL	sik	N	le [sikkeute] kuangte le haite	also pure gold for the fleshhooks, and the bowls, and the cups: and for the golden basons he gave gold by weight for every bason; and likewise silver by weight for every bason of silver:	needs_analyzer_review	retained as the clearest available review-bucket example for this pair and stem side; analyzer segmentation and POS are explicit enough for write-up use	No conservative local environment rule fired for this token. Review-bucket rows never count as print-ready evidence. Review bucket only; not a clean syntactic construction. Needs review before print use.
keu-keuh	keu	keuh	dig	+h	form_ii	keuh	causative_or_derivational_sak	1	24017011	Jeremiah 17:11	11	keuhsak	keuhsak	keuh-sak	dig.II-BENF	keu	V	tui lopi a [keuhsak] dingin a opsim	As the partridge sitteth on eggs , and hatcheth them not; so he that getteth riches, and not by right, shall leave them in the midst of his days, and at his end shall be a fool.	exclude_for_now	kept as the clearest analyzed example for this pair, stem side, and environment; analyzer segmentation and POS are explicit enough for write-up use	Causative or derivational `sak` blocks promotion as simple stem-alternation evidence. Derived or lexicalized environments stay excluded at the row level even when the pair is retained for review.
keu-keuh	keu	keuh	dig	+h	form_ii	keuh	finite_main_or_matrix	5	19051002	Psalms 51:2	5	kiuhkeuh	kiuhkeuh	ki-uh-keuh	REFL-wash-INTENS	uh	V	panin hong silsiang [kiuhkeuh] inla ka mawhna	Wash me throughly from mine iniquity, And cleanse me from my sin.	needs_analyzer_review	kept as the clearest analyzed example for this pair, stem side, and environment; analyzer segmentation and POS are explicit enough for write-up use	No stronger local cue was found, so the token is kept in a conservative finite or matrix bucket. Row status is capped by the pair-level publication status. Needs review before print use.
keu-keuh	keu	keuh	dig	+h	form_ii	keuh	negative_clause	1	66014005	Revelation 14:5	3	kiuhkeuh	kiuhkeuh	ki-uh-keuh	REFL-wash-INTENS	uh	V	Amaute paubaanna om [kiuhkeuh] lo uh ahih	And in their mouth was found no guile: for they are without fault before the throne of God.	needs_analyzer_review	kept as the clearest analyzed example for this pair, stem side, and environment; analyzer segmentation and POS are explicit enough for write-up use	Nearby negative material marks a negative or irrealis-heavy clause. Row status is capped by the pair-level publication status. Needs review before print use.
khai-khaih	khai	khaih	hold	+h	form_i	khai	causative_or_derivational_sak	3	17009013	Esther 9:13	34	khaisak	khaisak	khai-sak	lift-CAUS	khai	V	luanghawmte khuam tungah [khaisak] in,” a ci	Then said Esther, If it please the king, let it be granted to the Jews which are in Shushan to do to morrow also according unto this day's decree, and let Haman's ten sons be hanged upon the gallows.	exclude_for_now	kept as the clearest analyzed example for this pair, stem side, and environment; analyzer segmentation and POS are explicit enough for write-up use	Causative or derivational `sak` blocks promotion as simple stem-alternation evidence. Derived or lexicalized environments stay excluded at the row level even when the pair is retained for review.
khai-khaih	khai	khaih	hold	+h	form_i	khai	dependent_temporal_ciangin	1	19062009	Psalms 62:9	16	kikhai	kikhai	ki-khai	REFL-hold	khai	V	hi Tawi a [kikhai] ciangin amaute in	Surely men of low degree are vanity, and men of high degree are a lie: To be laid in the balance, they are altogether lighter than vanity.	needs_analyzer_review	kept as the clearest analyzed example for this pair, stem side, and environment; analyzer segmentation and POS are explicit enough for write-up use	Immediate following `ciangin` provides a conservative dependent-temporal cue. Row status is capped by the pair-level publication status. Needs review before print use.
khai-khaih	khai	khaih	hold	+h	form_i	khai	finite_main_or_matrix	85	01040022	Genesis 40:22	9	khailum	khailum	khai-lum	hang-round	khai	N	an huanpipa a [khailum] hi	but he hanged the chief baker: as Joseph had interpreted to them.	needs_analyzer_review	kept as the clearest analyzed example for this pair, stem side, and environment; analyzer segmentation and POS are explicit enough for write-up use	No stronger local cue was found, so the token is kept in a conservative finite or matrix bucket. Row status is capped by the pair-level publication status. Needs review before print use.
khai-khaih	khai	khaih	hold	+h	form_i	khai	imperative_or_directive	5	23062010	Isaiah 62:10	32	khaito	khaito	khai-to	hang-up	khai	V	dingin lim khat [khaito] un	Go through, go through the gates; prepare ye the way of the people; cast up, cast up the highway; gather out the stones; lift up a standard for the people.	needs_analyzer_review	kept as the clearest analyzed example for this pair, stem side, and environment; analyzer segmentation and POS are explicit enough for write-up use	A following imperative-like particle may indicate directive force. Row status is capped by the pair-level publication status. Needs review before print use.
khai-khaih	khai	khaih	hold	+h	form_i	khai	negative_clause	6	05029023	Deuteronomy 29:23	10	khai	khai	khai	hang	khai	N	nin a kangtum [khai] kituh lo bangmah	and that the whole land thereof is brimstone, and salt, and burning, that it is not sown, nor beareth, nor any grass groweth therein, like the overthrow of Sodom, and Gomorrah, Admah, and Zeboim, which the LORD overthrew in his anger, and in his wrath:	needs_analyzer_review	kept as the clearest analyzed example for this pair, stem side, and environment; analyzer segmentation and POS are explicit enough for write-up use	Nearby negative material marks a negative or irrealis-heavy clause. Row status is capped by the pair-level publication status. Needs review before print use.
khai-khaih	khai	khaih	hold	+h	form_i	khai	nominalized_na	35	20011001	Proverbs 11:1	0	Tawikhaina	tawikhaina	tawi-khai-na	weigh-balance-NMLZ	tawi	N	[Tawikhaina] man lo a	A false balance is abomination to the LORD : But a just weight is his delight.	needs_analyzer_review	kept as the clearest analyzed example for this pair, stem side, and environment; analyzer segmentation and POS are explicit enough for write-up use	Suffixal `-na` in the analyzer segmentation supports a nominalized environment. Row status is capped by the pair-level publication status. Needs review before print use.
khai-khaih	khai	khaih	hold	+h	form_i	khai	purpose_nadingin	4	02038028	Exodus 38:28	11	vankhai	vankhai	van-khai	pillar-hook	van	N	pen khuampi tunga [vankhai] nadingin bawl a	And of the thousand seven hundred seventy and five shekels he made hooks for the pillars, and overlaid their chapiters, and filleted them.	needs_analyzer_review	kept as the clearest analyzed example for this pair, stem side, and environment; analyzer segmentation and POS are explicit enough for write-up use	Local `ding` or `nadingin` material suggests a purpose or irrealis-heavy environment. Row status is capped by the pair-level publication status. Needs review before print use.
khai-khaih	khai	khaih	hold	+h	form_i	khai	relative_or_attributive_mi	2	10021013	2 Samuel 21:13	17	kikhai	kikhai	ki-khai	REFL-hold	khai	V	Amaute in a [kikhai] mi sagihte guh	and he brought up from thence the bones of Saul and the bones of Jonathan his son; and they gathered the bones of them that were hanged.	needs_analyzer_review	kept as the clearest analyzed example for this pair, stem side, and environment; analyzer segmentation and POS are explicit enough for write-up use	A following `mi` suggests a relative-like or attributive nominal environment. Row status is capped by the pair-level publication status. Needs review before print use.
khai-khaih	khai	khaih	hold	+h	form_i	khai	unknown_or_needs_review	94	02026037	Exodus 26:37	0	Kongpuankhai	kongpuankhai	kong-puan-khai	door-cloth-hang	puan	N	[Kongpuankhai] a dingin singkha	And thou shalt make for the hanging five pillars of shittim wood , and overlay them with gold, and their hooks shall be of gold: and thou shalt cast five sockets of brass for them.	needs_analyzer_review	retained as the clearest available review-bucket example for this pair and stem side; analyzer segmentation and POS are explicit enough for write-up use	No conservative local environment rule fired for this token. Review-bucket rows never count as print-ready evidence. Review bucket only; not a clean syntactic construction. Needs review before print use.
khai-khaih	khai	khaih	hold	+h	form_ii	khaih	unknown_or_needs_review	2	20009002	Proverbs 9:2	8	khaih	khaih	khaih	hold	khai	N	sa go-in leenggahzu [khaih] a annekna ding	She hath killed her beasts; she hath mingled her wine; She hath also furnished her table.	needs_analyzer_review	retained as the clearest available review-bucket example for this pair and stem side; analyzer segmentation and POS are explicit enough for write-up use	No conservative local environment rule fired for this token. Review-bucket rows never count as print-ready evidence. Review bucket only; not a clean syntactic construction. Needs review before print use.
khial-khialh	khial	khialh	err	+h	form_i	khial	causative_or_derivational_sak	28	16013026	Nehemiah 13:26	46	khialsakzo	khialsakzo	khial-sakzo	err-CAUS.COMPL	khial	V	in amah nangawn [khialsakzo] hi	Did not Solomon king of Israel sin by these things? yet among many nations was there no king like him, who was beloved of his God, and God made him king over all Israel: nevertheless even him did outlandish women cause to sin.	exclude_for_now	kept as the clearest analyzed example for this pair, stem side, and environment; analyzer segmentation and POS are explicit enough for write-up use	Causative or derivational `sak` blocks promotion as simple stem-alternation evidence. Derived or lexicalized environments stay excluded at the row level even when the pair is retained for review.
khial-khialh	khial	khialh	err	+h	form_i	khial	finite_main_or_matrix	153	03004003	Leviticus 4:3	1	khial	khial	khial	err	khial	V	a [khial] pa pen sathau	If the priest that is anointed do sin according to the sin of the people; then let him bring for his sin, which he hath sinned, a young bullock without blemish unto the LORD for a sin offering.	needs_analyzer_review	kept as the clearest analyzed example for this pair, stem side, and environment; analyzer segmentation and POS are explicit enough for write-up use	No stronger local cue was found, so the token is kept in a conservative finite or matrix bucket. Row status is capped by the pair-level publication status. Needs review before print use.
khial-khialh	khial	khialh	err	+h	form_i	khial	negative_clause	37	19051005	Psalms 51:5	1	khialsa	khialsa	khial-sa	err-PAST	khial	N	A [khialsa] mahin kei ka	Behold, I was shapen in iniquity; And in sin did my mother conceive me.	needs_analyzer_review	kept as the clearest analyzed example for this pair, stem side, and environment; analyzer segmentation and POS are explicit enough for write-up use	Nearby negative material marks a negative or irrealis-heavy clause. Row status is capped by the pair-level publication status. Needs review before print use.
khial-khialh	khial	khialh	err	+h	form_i	khial	quotative_or_say_complement	5	21005006	Ecclesiastes 5:6	0	Khialkha	khialkha	khial-kha	err-go	khial	N	[Khialkha] ing ci-in Pasian	Suffer not thy mouth to cause thy flesh to sin; neither say thou before the angel, that it was an error: wherefore should God be angry at thy voice, and destroy the work of thine hands?	needs_analyzer_review	kept as the clearest analyzed example for this pair, stem side, and environment; analyzer segmentation and POS are explicit enough for write-up use	Nearby quotative material suggests embedded or reported-speech structure. Row status is capped by the pair-level publication status. Needs review before print use.
khial-khialh	khial	khialh	err	+h	form_i	khial	relative_or_attributive_mi	4	04005008	Numbers 5:8	19	khial	khial	khial	err	khial	V	kei leh a [khial] mi a dingin	But if the man have no kinsman to recompense the trespass unto, let the trespass be recompensed unto the LORD , even to the priest; beside the ram of the atonement, whereby an atonement shall be made for him.	needs_analyzer_review	kept as the clearest analyzed example for this pair, stem side, and environment; analyzer segmentation and POS are explicit enough for write-up use	A following `mi` suggests a relative-like or attributive nominal environment. Row status is capped by the pair-level publication status. Needs review before print use.
khial-khialh	khial	khialh	err	+h	form_i	khial	unknown_or_needs_review	41	03006004	Leviticus 6:4	0	khialin	khialin	khial-in	err-CVB	khial	N	[khialin] a mawh ciangin	then it shall be, because he hath sinned, and is guilty, that he shall restore that which he took violently away, or the thing which he hath deceitfully gotten, or that which was delivered him to keep, or the lost thing which he found,	needs_analyzer_review	retained as the clearest available review-bucket example for this pair and stem side; analyzer segmentation and POS are explicit enough for write-up use	No conservative local environment rule fired for this token. Review-bucket rows never count as print-ready evidence. Review bucket only; not a clean syntactic construction. Needs review before print use.
khial-khialh	khial	khialh	err	+h	form_ii	khialh	causative_or_derivational_sak	23	11014016	1 Kings 14:16	7	khialhsakna	khialhsakna	khialh-sak-na	trespass	khial	N	le Israel-te a [khialhsakna] ahi Jeroboam khialhna	And he shall give Israel up because of the sins of Jeroboam, who did sin, and who made Israel to sin.	exclude_for_now	kept as the clearest analyzed example for this pair, stem side, and environment; analyzer segmentation and POS are explicit enough for write-up use	Causative or derivational `sak` blocks promotion as simple stem-alternation evidence. Derived or lexicalized environments stay excluded at the row level even when the pair is retained for review.
khial-khialh	khial	khialh	err	+h	form_ii	khialh	dependent_temporal_ciangin	4	04015028	Numbers 15:28	6	khialh	khialh	khialh	sin	khial	V	lohna hangin a [khialh] ciangin amah a	And the priest shall make an atonement for the soul that sinneth ignorantly, when he sinneth by ignorance before the LORD , to make an atonement for him; and it shall be forgiven him.	needs_analyzer_review	kept as the clearest analyzed example for this pair, stem side, and environment; analyzer segmentation and POS are explicit enough for write-up use	Immediate following `ciangin` provides a conservative dependent-temporal cue. Row status is capped by the pair-level publication status. Needs review before print use.
khial-khialh	khial	khialh	err	+h	form_ii	khialh	finite_main_or_matrix	40	20017019	Proverbs 17:19	0	Khialh	khialh	Khialh	sin	khial	V	[Khialh] ding a utte	He loveth transgression that loveth strife: And he that exalteth his gate seeketh destruction.	needs_analyzer_review	kept as the clearest analyzed example for this pair, stem side, and environment; analyzer segmentation and POS are explicit enough for write-up use	No stronger local cue was found, so the token is kept in a conservative finite or matrix bucket. Row status is capped by the pair-level publication status. Needs review before print use.
khial-khialh	khial	khialh	err	+h	form_ii	khialh	negative_clause	6	05020015	Deuteronomy 20:15	51	khialh	khialh	khialh	sin	khial	V	uh tungah na [khialh] theih loh nadingun	Thus shalt thou do unto all the cities which are very far off from thee, which are not of the cities of these nations.	needs_analyzer_review	kept as the clearest analyzed example for this pair, stem side, and environment; analyzer segmentation and POS are explicit enough for write-up use	Nearby negative material marks a negative or irrealis-heavy clause. Row status is capped by the pair-level publication status. Needs review before print use.
khial-khialh	khial	khialh	err	+h	form_ii	khialh	nominalized_na	420	03026021	Leviticus 26:21	15	khialhna	khialhna	khialh-na	wrong-NMLZ	khial	N	keimah in note [khialhna] a zah sagih	And if ye walk contrary unto me, and will not hearken unto me; I will bring seven times more plagues upon you according to your sins.	needs_analyzer_review	preferred because this verse is already cited in the dossier or packet; kept as the clearest analyzed example for this pair, stem side, and environment; analyzer segmentation and POS are explicit enough for write-up use	Suffixal `-na` in the analyzer segmentation supports a nominalized environment. Row status is capped by the pair-level publication status. Needs review before print use.
khial-khialh	khial	khialh	err	+h	form_ii	khialh	purpose_nadingin	6	01020006	Genesis 20:6	26	khialh	khialh	khialh	sin	khial	V	kei tungah na [khialh] loh nadingin a	And God said unto him in a dream, Yea, I know that thou didst this in the integrity of thy heart; for I also withheld thee from sinning against me: therefore suffered I thee not to touch her.	needs_analyzer_review	kept as the clearest analyzed example for this pair, stem side, and environment; analyzer segmentation and POS are explicit enough for write-up use	Local `ding` or `nadingin` material suggests a purpose or irrealis-heavy environment. Row status is capped by the pair-level publication status. Needs review before print use.
khial-khialh	khial	khialh	err	+h	form_ii	khialh	quotative_or_say_complement	6	19007003	Psalms 7:3	12	khialh	khialh	khialh	sin	khial	V	ka khut a [khialh] leh	O LORD my God, if I have done this; If there be iniquity in my hands;	needs_analyzer_review	kept as the clearest analyzed example for this pair, stem side, and environment; analyzer segmentation and POS are explicit enough for write-up use	Nearby quotative material suggests embedded or reported-speech structure. Row status is capped by the pair-level publication status. Needs review before print use.
khial-khialh	khial	khialh	err	+h	form_ii	khialh	unknown_or_needs_review	2	23019013	Isaiah 19:13	24	khialhpih	khialhpih	khialh-pih	deceive-also	khial	N	mite uh lam [khialhpih] khin hi	The princes of Zoan are become fools, the princes of Noph are deceived; they have also seduced Egypt, even they that are the stay of the tribes thereof.	needs_analyzer_review	retained as the clearest available review-bucket example for this pair and stem side; analyzer segmentation and POS are explicit enough for write-up use	No conservative local environment rule fired for this token. Review-bucket rows never count as print-ready evidence. Review bucket only; not a clean syntactic construction. Needs review before print use.
kho-khoh	kho	khoh	labor	+h	form_i	kho	causative_or_derivational_sak	2	44019031	Acts 19:31	26	khosak	khosak	kho-sak	labor-CAUS	kho	V	ci-in nakpitakin a [khosak] uh hi	And certain of the chief of Asia, which were his friends, sent unto him, desiring him that he would not adventure himself into the theatre.	exclude_for_now	kept as the clearest analyzed example for this pair, stem side, and environment; analyzer segmentation and POS are explicit enough for write-up use	Form I stem `kho` participates in multiple analyzer pairs (kho-khoh, kho-khot); counted under canonical pair kho-khoh. Alternate Form II analyses remain visible in pair summary notes: kho-khot. Causative or derivational `sak` blocks promotion as simple stem-alternation evidence. Derived or lexicalized environments stay excluded at the row level even when the pair is retained for review.
kho-khoh	kho	khoh	labor	+h	form_i	kho	finite_main_or_matrix	38	02036006	Exodus 36:6	35	kikho	kikho	ki-kho	REFL-labor	kho	V	ding uh mite [kikho] hi	And Moses gave commandment, and they caused it to be proclaimed throughout the camp, saying, Let neither man nor woman make any more work for the offering of the sanctuary. So the people were restrained from bringing.	needs_analyzer_review	kept as the clearest analyzed example for this pair, stem side, and environment; analyzer segmentation and POS are explicit enough for write-up use	Form I stem `kho` participates in multiple analyzer pairs (kho-khoh, kho-khot); counted under canonical pair kho-khoh. Alternate Form II analyses remain visible in pair summary notes: kho-khot. No stronger local cue was found, so the token is kept in a conservative finite or matrix bucket. Row status is capped by the pair-level publication status. Needs review before print use.
kho-khoh	kho	khoh	labor	+h	form_i	kho	negative_clause	32	18029023	Job 29:23	1	khote	khote	kho-te	labor-PL	kho	N	Lo [khote] in khuapi guah	And they waited for me as for the rain; And they opened their mouth wide as for the latter rain.	needs_analyzer_review	kept as the clearest analyzed example for this pair, stem side, and environment; analyzer segmentation and POS are explicit enough for write-up use	Form I stem `kho` participates in multiple analyzer pairs (kho-khoh, kho-khot); counted under canonical pair kho-khoh. Alternate Form II analyses remain visible in pair summary notes: kho-khot. Nearby negative material marks a negative or irrealis-heavy clause. Row status is capped by the pair-level publication status. Needs review before print use.
kho-khoh	kho	khoh	labor	+h	form_i	kho	purpose_nadingin	4	01003023	Genesis 3:23	11	kho	kho	kho	labor	kho	V	kipiansakna leitang a [kho] dingin Eden Huan	therefore the LORD God sent him forth from the garden of Eden, to till the ground from whence he was taken.	needs_analyzer_review	kept as the clearest analyzed example for this pair, stem side, and environment; analyzer segmentation and POS are explicit enough for write-up use	Form I stem `kho` participates in multiple analyzer pairs (kho-khoh, kho-khot); counted under canonical pair kho-khoh. Alternate Form II analyses remain visible in pair summary notes: kho-khot. Local `ding` or `nadingin` material suggests a purpose or irrealis-heavy environment. Row status is capped by the pair-level publication status. Needs review before print use.
kho-khoh	kho	khoh	labor	+h	form_i	kho	unknown_or_needs_review	1	20023030	Proverbs 23:30	4	khote	khote	kho-te	labor-PL	kho	N	ne-a a tut [khote] zu a nenete	They that tarry long at the wine; They that go to seek mixed wine.	needs_analyzer_review	retained as the clearest available review-bucket example for this pair and stem side; analyzer segmentation and POS are explicit enough for write-up use	Form I stem `kho` participates in multiple analyzer pairs (kho-khoh, kho-khot); counted under canonical pair kho-khoh. Alternate Form II analyses remain visible in pair summary notes: kho-khot. No conservative local environment rule fired for this token. Review-bucket rows never count as print-ready evidence. Review bucket only; not a clean syntactic construction. Needs review before print use.
kho-khoh	kho	khoh	labor	+h	form_ii	khoh	causative_or_derivational_sak	1	40022004	Matthew 22:4	8	khohsaksa	khohsaksa	khoh-sak-sa	labor.II-CAUS-PAST	kho	V	leuleu a Ka [khohsaksa] mite kiangah hih	Again, he sent forth other servants, saying, Tell them which are bidden, Behold, I have prepared my dinner: my oxen and my fatlings are killed, and all things are ready: come unto the marriage.	exclude_for_now	kept as the clearest analyzed example for this pair, stem side, and environment; analyzer segmentation and POS are explicit enough for write-up use	Causative or derivational `sak` blocks promotion as simple stem-alternation evidence. Derived or lexicalized environments stay excluded at the row level even when the pair is retained for review.
kho-khoh	kho	khoh	labor	+h	form_ii	khoh	finite_main_or_matrix	1	24036025	Jeremiah 36:25	13	khoh	khoh	khoh	labor	kho	N	loh nading a [khoh] uh hangin amah	Nevertheless Elnathan and Delaiah and Gemariah had made intercession to the king that he would not burn the roll: but he would not hear them.	needs_analyzer_review	kept as the clearest analyzed example for this pair, stem side, and environment; analyzer segmentation and POS are explicit enough for write-up use	No stronger local cue was found, so the token is kept in a conservative finite or matrix bucket. Row status is capped by the pair-level publication status. Needs review before print use.
kho-khoh	kho	khoh	labor	+h	form_ii	khoh	unknown_or_needs_review	4	40022003	Matthew 22:3	4	khohsa	khohsa	khoh-sa	invite-NMLZ	kho	N	siim dingin a [khohsa] mite a sam	and sent forth his servants to call them that were bidden to the wedding: and they would not come.	needs_analyzer_review	retained as the clearest available review-bucket example for this pair and stem side; analyzer segmentation and POS are explicit enough for write-up use	No conservative local environment rule fired for this token. Review-bucket rows never count as print-ready evidence. Review bucket only; not a clean syntactic construction. Needs review before print use.
kho-khot	kho	khot	labor	+t	form_ii	khot	unknown_or_needs_review	2	40019021	Matthew 19:21	15	khotte	khotte	khot-te	labor.II-PL	kho	N	inla na sum [khotte] mizawngte tungah va	Jesus said unto him, If thou wilt be perfect, go and sell that thou hast, and give to the poor, and thou shalt have treasure in heaven: and come and follow me.	needs_analyzer_review	retained as the clearest available review-bucket example for this pair and stem side; analyzer segmentation and POS are explicit enough for write-up use	No conservative local environment rule fired for this token. Review-bucket rows never count as print-ready evidence. Review bucket only; not a clean syntactic construction. Needs review before print use.
khua-khuat	khua	khuat	town	+t	form_i	khua	clause_linking_kipan	3	42024047	Luke 24:47	1	khua	khua	khua	town	khua	N	Jerusalem [khua] a kipan minam	and that repentance and remission of sins should be preached in his name among all nations, beginning at Jerusalem.	needs_analyzer_review	kept as the clearest analyzed example for this pair, stem side, and environment; analyzer segmentation and POS are explicit enough for write-up use	Local `a kipan` sequence marks a clause-linking or source/beginning environment. Row status is capped by the pair-level publication status. Needs review before print use.
khua-khuat	khua	khuat	town	+t	form_i	khua	dependent_temporal_ciangin	7	11020026	1 Kings 20:26	0	Khuakhal	khuakhal	khua-khal	town-famine	khua	N	[Khuakhal] ciangin Benhadad in	And it came to pass at the return of the year, that Ben-hadad numbered the Syrians, and went up to Aphek, to fight against Israel.	needs_analyzer_review	kept as the clearest analyzed example for this pair, stem side, and environment; analyzer segmentation and POS are explicit enough for write-up use	Immediate following `ciangin` provides a conservative dependent-temporal cue. Row status is capped by the pair-level publication status. Needs review before print use.
khua-khuat	khua	khuat	town	+t	form_i	khua	finite_main_or_matrix	653	18029007	Job 29:7	0	Khuasung	khuasung	khua-sung	town-inside	khua	V	[Khuasung] upate a kikhop	When I went out to the gate through the city, When I prepared my seat in the street!	needs_analyzer_review	kept as the clearest analyzed example for this pair, stem side, and environment; analyzer segmentation and POS are explicit enough for write-up use	No stronger local cue was found, so the token is kept in a conservative finite or matrix bucket. Row status is capped by the pair-level publication status. Needs review before print use.
khua-khuat	khua	khuat	town	+t	form_i	khua	imperative_or_directive	55	06021042	Joshua 21:42	1	khuapite	khuapite	khua-pi-te	town-big-PL	khua	N	Hih [khuapite] in a kiim	These cities were every one with their suburbs round about them: thus were all these cities.	needs_analyzer_review	kept as the clearest analyzed example for this pair, stem side, and environment; analyzer segmentation and POS are explicit enough for write-up use	A following imperative-like particle may indicate directive force. Row status is capped by the pair-level publication status. Needs review before print use.
khua-khuat	khua	khuat	town	+t	form_i	khua	negative_clause	60	19038014	Psalms 38:14	1	khua	khua	khua	town	khua	N	Bil [khua] za lo tawnna	Thus I was as a man that heareth not, And in whose mouth are no reproofs.	needs_analyzer_review	kept as the clearest analyzed example for this pair, stem side, and environment; analyzer segmentation and POS are explicit enough for write-up use	Nearby negative material marks a negative or irrealis-heavy clause. Row status is capped by the pair-level publication status. Needs review before print use.
khua-khuat	khua	khuat	town	+t	form_i	khua	nominalized_na	34	19088012	Psalms 88:12	0	Khuamialna	khuamialna	khua-mial-na	town-dark-NMLZ	khua	N	[Khuamialna] sungah na na	Shall thy wonders be known in the dark? And thy righteousness in the land of forgetfulness?	needs_analyzer_review	kept as the clearest analyzed example for this pair, stem side, and environment; analyzer segmentation and POS are explicit enough for write-up use	Suffixal `-na` in the analyzer segmentation supports a nominalized environment. Row status is capped by the pair-level publication status. Needs review before print use.
khua-khuat	khua	khuat	town	+t	form_i	khua	possessed_or_genitive_attributive	27	51004009	Colossians 4:9	1	khuapih	khuapih	khua-pih	town-gate	khua	N	Note [khuapih] mi a citak	with Onesimus, a faithful and beloved brother, who is one of you. They shall make known unto you all things which are done here.	needs_analyzer_review	kept as the clearest analyzed example for this pair, stem side, and environment; analyzer segmentation and POS are explicit enough for write-up use	A following `mi` plus a preceding possessor-like token suggests an attributive or possessed nominal environment. Row status is capped by the pair-level publication status. Needs review before print use.
khua-khuat	khua	khuat	town	+t	form_i	khua	purpose_nadingin	8	04035014	Numbers 35:14	1	khuapi	khuapi	khua-pi	village-big	khua	N	Bukna [khuapi] dingin Jordan galkhatah	Ye shall give three cities on this side Jordan, and three cities shall ye give in the land of Canaan, which shall be cities of refuge.	needs_analyzer_review	kept as the clearest analyzed example for this pair, stem side, and environment; analyzer segmentation and POS are explicit enough for write-up use	Local `ding` or `nadingin` material suggests a purpose or irrealis-heavy environment. Row status is capped by the pair-level publication status. Needs review before print use.
khua-khuat	khua	khuat	town	+t	form_i	khua	quotative_or_say_complement	42	01018002	Genesis 18:2	1	khuadaktoh	khuadaktoh	khua-dak-toh	village-sudden-arrive	khua	N	a [khuadaktoh] leh ama mai-ah	and he lift up his eyes and looked, and, lo, three men stood by him: and when he saw them , he ran to meet them from the tent door, and bowed himself toward the ground,	needs_analyzer_review	kept as the clearest analyzed example for this pair, stem side, and environment; analyzer segmentation and POS are explicit enough for write-up use	Nearby quotative material suggests embedded or reported-speech structure. Row status is capped by the pair-level publication status. Needs review before print use.
khua-khuat	khua	khuat	town	+t	form_i	khua	relative_or_attributive_mi	9	40008034	Matthew 8:34	2	khuasung	khuasung	khua-sung	town-inside	khua	V	Tua ciangin [khuasung] mi khempeuh Jesuh	And, behold, the whole city came out to meet Jesus: and when they saw him, they besought him that he would depart out of their coasts.	needs_analyzer_review	kept as the clearest analyzed example for this pair, stem side, and environment; analyzer segmentation and POS are explicit enough for write-up use	A following `mi` suggests a relative-like or attributive nominal environment. Row status is capped by the pair-level publication status. Needs review before print use.
khua-khuat	khua	khuat	town	+t	form_i	khua	unknown_or_needs_review	2810	01001002	Genesis 1:2	12	khua	khua	khua	town	khua	N	Tuipi tung tengah [khua] mial bikbek a	And the earth was without form, and void; and darkness was upon the face of the deep. And the Spirit of God moved upon the face of the waters.	needs_analyzer_review	preferred because this verse is already cited in the dossier or packet; retained as the clearest available review-bucket example for this pair and stem side; analyzer segmentation and POS are explicit enough for write-up use	No conservative local environment rule fired for this token. Review-bucket rows never count as print-ready evidence. Review bucket only; not a clean syntactic construction. Needs review before print use.
khua-khuat	khua	khuat	town	+t	form_ii	khuat	finite_main_or_matrix	2	01050005	Genesis 50:5	21	khuatsa	khuatsa	khuat-sa	town.II-PAST	khua	V	a dingin ka [khuatsa] han sungah kei	My father made me swear, saying, Lo, I die: in my grave which I have digged for me in the land of Canaan, there shalt thou bury me. Now therefore let me go up, I pray thee, and bury my father, and I will come again.	needs_analyzer_review	kept as the clearest analyzed example for this pair, stem side, and environment; analyzer segmentation and POS are explicit enough for write-up use	No stronger local cue was found, so the token is kept in a conservative finite or matrix bucket. Row status is capped by the pair-level publication status. Needs review before print use.
khua-khuat	khua	khuat	town	+t	form_ii	khuat	unknown_or_needs_review	1	24013007	Jeremiah 13:7	11	khuat	khuat	khuat	town	khua	N	ka seelna mun [khuat] kikin ka la	Then I went to Euphrates, and digged, and took the girdle from the place where I had hid it: and, behold, the girdle was marred, it was profitable for nothing.	needs_analyzer_review	retained as the clearest available review-bucket example for this pair and stem side; analyzer segmentation and POS are explicit enough for write-up use	No conservative local environment rule fired for this token. Review-bucket rows never count as print-ready evidence. Review bucket only; not a clean syntactic construction. Needs review before print use.
kia-kiak	kia	kiak	fear	+k	form_i	kia	causative_or_derivational_sak	16	19078028	Psalms 78:28	9	kiasak	kiasak	kia-sak	fall-CAUS	kia	V	khempeuhah tuate a [kiasak] hi	And he let it fall in the midst of their camp, Round about their habitations.	exclude_for_now	kept as the clearest analyzed example for this pair, stem side, and environment; analyzer segmentation and POS are explicit enough for write-up use	Causative or derivational `sak` blocks promotion as simple stem-alternation evidence. Derived or lexicalized environments stay excluded at the row level even when the pair is retained for review.
kia-kiak	kia	kiak	fear	+k	form_i	kia	finite_main_or_matrix	126	01033011	Genesis 33:11	1	kianga	kianga	kia-nga	fall-fish	kia	V	Nang [kianga] hong kipaipih ka	Take, I pray thee, my blessing that is brought to thee; because God hath dealt graciously with me, and because I have enough. And he urged him, and he took it .	needs_analyzer_review	kept as the clearest analyzed example for this pair, stem side, and environment; analyzer segmentation and POS are explicit enough for write-up use	No stronger local cue was found, so the token is kept in a conservative finite or matrix bucket. Row status is capped by the pair-level publication status. Needs review before print use.
kia-kiak	kia	kiak	fear	+k	form_i	kia	negative_clause	24	02009026	Exodus 9:26	8	kia	kia	kia	fall	kia	V	gam bekah gialpi [kia] lo hi	Only in the land of Goshen, where the children of Israel were , was there no hail.	needs_analyzer_review	kept as the clearest analyzed example for this pair, stem side, and environment; analyzer segmentation and POS are explicit enough for write-up use	Nearby negative material marks a negative or irrealis-heavy clause. Row status is capped by the pair-level publication status. Needs review before print use.
kia-kiak	kia	kiak	fear	+k	form_i	kia	purpose_nadingin	2	18037006	Job 37:6	5	kia	kia	kia	fall	kia	V	leitungah vuk a [kia] dingin sawl a	For he saith to the snow, Be thou on the earth; Likewise to the small rain, And to the great rain of his strength.	needs_analyzer_review	kept as the clearest analyzed example for this pair, stem side, and environment; analyzer segmentation and POS are explicit enough for write-up use	Local `ding` or `nadingin` material suggests a purpose or irrealis-heavy environment. Row status is capped by the pair-level publication status. Needs review before print use.
kia-kiak	kia	kiak	fear	+k	form_i	kia	quotative_or_say_complement	5	46013007	1 Corinthians 13:7	2	lungkia	lungkia	lung-kia	discourage	lung	V	Itna neite [lungkia] cih om ngei	beareth all things, believeth all things, hopeth all things, endureth all things.	needs_analyzer_review	kept as the clearest analyzed example for this pair, stem side, and environment; analyzer segmentation and POS are explicit enough for write-up use	Nearby quotative material suggests embedded or reported-speech structure. Row status is capped by the pair-level publication status. Needs review before print use.
kia-kiak	kia	kiak	fear	+k	form_i	kia	relative_or_attributive_mi	3	05022008	Deuteronomy 22:8	6	kia-in	kia-in	kia-in	fall-ERG	kia	FUNC	panun mi khat [kia-in] mi sihna hanga	When thou buildest a new house, then thou shalt make a battlement for thy roof, that thou bring not blood upon thine house, if any man fall from thence.	needs_analyzer_review	kept as the clearest analyzed example for this pair, stem side, and environment; analyzer segmentation and POS are explicit enough for write-up use	A following `mi` suggests a relative-like or attributive nominal environment. Row status is capped by the pair-level publication status. Needs review before print use.
kia-kiak	kia	kiak	fear	+k	form_i	kia	unknown_or_needs_review	3	26027028	Ezekiel 27:28	2	tuikiate	tuikiate	tui-kia-te'	water-boil-PL.POSS	tui	PRON	Teembaw nasem [tuikiate] kikona in tuipi	The suburbs shall shake at the sound of the cry of thy pilots.	needs_analyzer_review	retained as the clearest available review-bucket example for this pair and stem side; analyzer segmentation and POS are explicit enough for write-up use	No conservative local environment rule fired for this token. Review-bucket rows never count as print-ready evidence. Review bucket only; not a clean syntactic construction. Needs review before print use.
kia-kiak	kia	kiak	fear	+k	form_ii	kiak	finite_main_or_matrix	13	28013015	Hosea 13:15	2	kiak	kiak	ki-ak	REFL-exalt	ak	V	Israel mite [kiak] bangin a pung	Though he be fruitful among his brethren, an east wind shall come, the wind of the LORD shall come up from the wilderness, and his spring shall become dry, and his fountain shall be dried up: he shall spoil the treasure of all pleasant vessels.	needs_analyzer_review	kept as the clearest analyzed example for this pair, stem side, and environment; analyzer segmentation and POS are explicit enough for write-up use	No stronger local cue was found, so the token is kept in a conservative finite or matrix bucket. Row status is capped by the pair-level publication status. Needs review before print use.
kia-kiak	kia	kiak	fear	+k	form_ii	kiak	unknown_or_needs_review	1	01003018	Genesis 3:18	2	kiakte	kiakte	kiak-te	fear.II-PL	kia	N	Ling le [kiakte] nang a dingin	thorns also and thistles shall it bring forth to thee; and thou shalt eat the herb of the field;	needs_analyzer_review	retained as the clearest available review-bucket example for this pair and stem side; analyzer segmentation and POS are explicit enough for write-up use	No conservative local environment rule fired for this token. Review-bucket rows never count as print-ready evidence. Review bucket only; not a clean syntactic construction. Needs review before print use.
kido-kidot	kido	kidot	fight	+t	form_i	kido	finite_main_or_matrix	47	34003003	Nahum 3:3	24	kido	kido	kido	fight	kido	V	mah tawnin gal [kido]	The horseman lifteth up both the bright sword and the glittering spear: and there is a multitude of slain, and a great number of carcases; and there is none end of their corpses; they stumble upon their corpses:	needs_analyzer_review	kept as the clearest analyzed example for this pair, stem side, and environment; analyzer segmentation and POS are explicit enough for write-up use	No stronger local cue was found, so the token is kept in a conservative finite or matrix bucket. Row status is capped by the pair-level publication status. Needs review before print use.
kido-kidot	kido	kidot	fight	+t	form_i	kido	imperative_or_directive	4	05002024	Deuteronomy 2:24	44	kido	kido	kido	fight	kido	V	sungah amah tawh [kido] un	Rise ye up, take your journey, and pass over the river Arnon: behold, I have given into thine hand Sihon the Amorite, king of Heshbon, and his land: begin to possess it , and contend with him in battle.	needs_analyzer_review	kept as the clearest analyzed example for this pair, stem side, and environment; analyzer segmentation and POS are explicit enough for write-up use	A following imperative-like particle may indicate directive force. Row status is capped by the pair-level publication status. Needs review before print use.
kido-kidot	kido	kidot	fight	+t	form_i	kido	negative_clause	5	05002009	Deuteronomy 2:9	26	kido	kido	kido	fight	kido	V	amaute tawh galin [kido] kei un bang	And the LORD said unto me, Distress not the Moabites, neither contend with them in battle: for I will not give thee of their land for a possession; because I have given Ar unto the children of Lot for a possession.	needs_analyzer_review	kept as the clearest analyzed example for this pair, stem side, and environment; analyzer segmentation and POS are explicit enough for write-up use	Nearby negative material marks a negative or irrealis-heavy clause. Row status is capped by the pair-level publication status. Needs review before print use.
kido-kidot	kido	kidot	fight	+t	form_i	kido	nominalized_na	34	38009010	Zechariah 9:10	0	Galkidona	galkidona	gal-kido-na	enemy-fight-NMLZ	gal	N	[Galkidona] leengte Israel gam	And I will cut off the chariot from Ephraim, and the horse from Jerusalem, and the battle bow shall be cut off: and he shall speak peace unto the heathen: and his dominion shall be from sea even to sea, and from the river even to the ends of the earth.	needs_analyzer_review	kept as the clearest analyzed example for this pair, stem side, and environment; analyzer segmentation and POS are explicit enough for write-up use	Suffixal `-na` in the analyzer segmentation supports a nominalized environment. Row status is capped by the pair-level publication status. Needs review before print use.
kido-kidot	kido	kidot	fight	+t	form_i	kido	possessed_or_genitive_attributive	1	23019002	Isaiah 19:2	20	kido-in	kido-in	kido-in	fight-ERG	kido	FUNC	a khua khatlekhat [kido-in] mi khatlekhat kumpi	And I will set the Egyptians against the Egyptians: and they shall fight every one against his brother, and every one against his neighbour; city against city, and kingdom against kingdom.	needs_analyzer_review	kept as the clearest analyzed example for this pair, stem side, and environment; analyzer segmentation and POS are explicit enough for write-up use	A following `mi` plus a preceding possessor-like token suggests an attributive or possessed nominal environment. Row status is capped by the pair-level publication status. Needs review before print use.
kido-kidot	kido	kidot	fight	+t	form_i	kido	purpose_nadingin	8	06011005	Joshua 11:5	11	kido	kido	kido	fight	kido	V	mite tawh a [kido] dingin hong pai-in	And when all these kings were met together, they came and pitched together at the waters of Merom, to fight against Israel.	needs_analyzer_review	kept as the clearest analyzed example for this pair, stem side, and environment; analyzer segmentation and POS are explicit enough for write-up use	Local `ding` or `nadingin` material suggests a purpose or irrealis-heavy environment. Row status is capped by the pair-level publication status. Needs review before print use.
kido-kidot	kido	kidot	fight	+t	form_ii	kidot	dependent_temporal_ciangin	1	37002012	Haggai 2:12	68	kidot	kidot	kidot	fight	kido	N	Tua bangin a [kidot] ciangin siampite in	If one bear holy flesh in the skirt of his garment, and with his skirt do touch bread, or pottage, or wine, or oil, or any meat, shall it be holy? And the priests answered and said, No.	needs_analyzer_review	kept as the clearest analyzed example for this pair, stem side, and environment; analyzer segmentation and POS are explicit enough for write-up use	Immediate following `ciangin` provides a conservative dependent-temporal cue. Row status is capped by the pair-level publication status. Needs review before print use.
kido-kidot	kido	kidot	fight	+t	form_ii	kidot	finite_main_or_matrix	1	43016019	John 16:19	13	kidot	kidot	kidot	fight	kido	N	“Note khatlekhat na [kidot] uh Tawlkhat khit	Now Jesus knew that they were desirous to ask him, and said unto them, Do ye enquire among yourselves of that I said, A little while, and ye shall not see me: and again, a little while, and ye shall see me?	needs_analyzer_review	kept as the clearest analyzed example for this pair, stem side, and environment; analyzer segmentation and POS are explicit enough for write-up use	No stronger local cue was found, so the token is kept in a conservative finite or matrix bucket. Row status is capped by the pair-level publication status. Needs review before print use.
kido-kidot	kido	kidot	fight	+t	form_ii	kidot	nominalized_na	1	43001028	John 1:28	3	kidotna	kidotna	kidot-na	fight.II-NMLZ	kido	V	Hih bang thu [kidotna] a pianna mun	These things were done in Bethabara beyond Jordan, where John was baptizing.	needs_analyzer_review	kept as the clearest analyzed example for this pair, stem side, and environment; analyzer segmentation and POS are explicit enough for write-up use	Suffixal `-na` in the analyzer segmentation supports a nominalized environment. Row status is capped by the pair-level publication status. Needs review before print use.
lampi-lampih	lampi	lampih	way	+h	form_i	lampi	finite_main_or_matrix	77	02004024	Exodus 4:24	0	Lampi-ah	lampi-ah	lampi-ah	way-LOC	lampi	FUNC	[Lampi-ah] a giahna khatah	And it came to pass by the way in the inn, that the LORD met him, and sought to kill him.	needs_analyzer_review	kept as the clearest analyzed example for this pair, stem side, and environment; analyzer segmentation and POS are explicit enough for write-up use	No stronger local cue was found, so the token is kept in a conservative finite or matrix bucket. Row status is capped by the pair-level publication status. Needs review before print use.
lampi-lampih	lampi	lampih	way	+h	form_i	lampi	negative_clause	25	19119035	Psalms 119:35	2	lampi-ah	lampi-ah	lampi-ah	way-LOC	lampi	FUNC	Nangma thupiakna [lampi-ah] kei hong paipih	Make me to go in the path of thy commandments; For therein do I delight.	needs_analyzer_review	kept as the clearest analyzed example for this pair, stem side, and environment; analyzer segmentation and POS are explicit enough for write-up use	Nearby negative material marks a negative or irrealis-heavy clause. Row status is capped by the pair-level publication status. Needs review before print use.
lampi-lampih	lampi	lampih	way	+h	form_i	lampi	purpose_nadingin	4	26040026	Ezekiel 40:26	2	lampi	lampi	lam-pi	road	lam	N	Tua kongpi [lampi] tun nadingin kahlei	And there were seven steps to go up to it, and the arches thereof were before them: and it had palm trees, one on this side, and another on that side, upon the posts thereof.	needs_analyzer_review	kept as the clearest analyzed example for this pair, stem side, and environment; analyzer segmentation and POS are explicit enough for write-up use	Local `ding` or `nadingin` material suggests a purpose or irrealis-heavy environment. Row status is capped by the pair-level publication status. Needs review before print use.
lampi-lampih	lampi	lampih	way	+h	form_i	lampi	quotative_or_say_complement	2	06005007	Joshua 5:7	25	lampi-ah	lampi-ah	lampi-ah	way-LOC	lampi	FUNC	hiam cih leh [lampi-ah] amaute a vun	And their children, whom he raised up in their stead, them Joshua circumcised: for they were uncircumcised, because they had not circumcised them by the way.	needs_analyzer_review	kept as the clearest analyzed example for this pair, stem side, and environment; analyzer segmentation and POS are explicit enough for write-up use	Nearby quotative material suggests embedded or reported-speech structure. Row status is capped by the pair-level publication status. Needs review before print use.
lampi-lampih	lampi	lampih	way	+h	form_i	lampi	unknown_or_needs_review	254	01038016	Genesis 38:16	0	Lampi	lampi	lam-pi	road	lam	N	[Lampi] gei-a tua nu	And he turned unto her by the way, and said, Go to, I pray thee, let me come in unto thee; (for he knew not that she was his daughter in law.) And she said, What wilt thou give me, that thou mayest come in unto me?	needs_analyzer_review	retained as the clearest available review-bucket example for this pair and stem side; analyzer segmentation and POS are explicit enough for write-up use	No conservative local environment rule fired for this token. Review-bucket rows never count as print-ready evidence. Review bucket only; not a clean syntactic construction. Needs review before print use.
lampi-lampih	lampi	lampih	way	+h	form_ii	lampih	negative_clause	1	19127001	Psalms 127:1	3	lampih	lampih	lampih	way	lampi	N	Topa in inn [lampih] kei leh innlamte	Except the LORD build the house, They labour in vain that build it: Except the LORD keep the city, The watchman waketh but in vain.	needs_analyzer_review	kept as the clearest analyzed example for this pair, stem side, and environment; analyzer segmentation and POS are explicit enough for write-up use	Nearby negative material marks a negative or irrealis-heavy clause. Row status is capped by the pair-level publication status. Needs review before print use.
lua-luah	lua	luah	exceed	+h	form_i	lua	finite_main_or_matrix	73	03018025	Leviticus 18:25	20	luakhia	luakhia	lua-khia	exceed-out	lua	V	teng mite a [luakhia] hi	and the land is defiled: therefore I do visit the iniquity thereof upon it, and the land itself vomiteth out her inhabitants.	needs_analyzer_review	kept as the clearest analyzed example for this pair, stem side, and environment; analyzer segmentation and POS are explicit enough for write-up use	No stronger local cue was found, so the token is kept in a conservative finite or matrix bucket. Row status is capped by the pair-level publication status. Needs review before print use.
lua-luah	lua	luah	exceed	+h	form_i	lua	imperative_or_directive	1	24025027	Jeremiah 25:27	23	lua	lua	lua	exceed	lua	N	un Kham unla [lua] un Note kiangah	Therefore thou shalt say unto them, Thus saith the LORD of hosts, the God of Israel; Drink ye, and be drunken, and spue, and fall, and rise no more, because of the sword which I will send among you.	needs_analyzer_review	kept as the clearest analyzed example for this pair, stem side, and environment; analyzer segmentation and POS are explicit enough for write-up use	A following imperative-like particle may indicate directive force. Row status is capped by the pair-level publication status. Needs review before print use.
lua-luah	lua	luah	exceed	+h	form_i	lua	negative_clause	36	10013012	2 Samuel 13:12	30	lua	lua	lua	exceed	lua	N	bangin hai gamtat [lua] kei in	And she answered him, Nay, my brother, do not force me; for no such thing ought to be done in Israel: do not thou this folly.	needs_analyzer_review	kept as the clearest analyzed example for this pair, stem side, and environment; analyzer segmentation and POS are explicit enough for write-up use	Nearby negative material marks a negative or irrealis-heavy clause. Row status is capped by the pair-level publication status. Needs review before print use.
lua-luah	lua	luah	exceed	+h	form_i	lua	nominalized_na	1	24003023	Jeremiah 3:23	5	lialuanate	lialuanate	lia-lua-na-te	hope-too.much-NMLZ-PL	lia	N	mualsangte tungah gamlum [lialuanate] zuaupi taktak hi	Truly in vain is salvation hoped for from the hills, and from the multitude of mountains: truly in the LORD our God is the salvation of Israel.	needs_analyzer_review	kept as the clearest analyzed example for this pair, stem side, and environment; analyzer segmentation and POS are explicit enough for write-up use	Suffixal `-na` in the analyzer segmentation supports a nominalized environment. Row status is capped by the pair-level publication status. Needs review before print use.
lua-luah	lua	luah	exceed	+h	form_i	lua	quotative_or_say_complement	5	01033013	Genesis 33:13	30	lua	lua	lua	exceed	lua	N	sung kinak hawl [lua] leh ganhonte khempeuh	And he said unto him, My lord knoweth that the children are tender, and the flocks and herds with young are with me: and if men should overdrive them one day, all the flock will die.	needs_analyzer_review	kept as the clearest analyzed example for this pair, stem side, and environment; analyzer segmentation and POS are explicit enough for write-up use	Nearby quotative material suggests embedded or reported-speech structure. Row status is capped by the pair-level publication status. Needs review before print use.
lua-luah	lua	luah	exceed	+h	form_i	lua	relative_or_attributive_mi	1	09030010	1 Samuel 30:10	18	gimlua	gimlua	gim-lua	suffer-excessive	gim	N	galkah dingin a [gimlua] mi zanih kinusia	But David pursued, he and four hundred men: for two hundred abode behind, which were so faint that they could not go over the brook Besor.	needs_analyzer_review	kept as the clearest analyzed example for this pair, stem side, and environment; analyzer segmentation and POS are explicit enough for write-up use	A following `mi` suggests a relative-like or attributive nominal environment. Row status is capped by the pair-level publication status. Needs review before print use.
lua-luah	lua	luah	exceed	+h	form_i	lua	unknown_or_needs_review	103	03021018	Leviticus 21:18	13	saulua	saulua	sau-lua	long-too	sau	N	maihem le khutlekhe [saulua]	For whatsoever man he be that hath a blemish, he shall not approach: a blind man, or a lame, or he that hath a flat nose, or any thing superfluous,	needs_analyzer_review	retained as the clearest available review-bucket example for this pair and stem side; analyzer segmentation and POS are explicit enough for write-up use	No conservative local environment rule fired for this token. Review-bucket rows never count as print-ready evidence. Review bucket only; not a clean syntactic construction. Needs review before print use.
lua-luah	lua	luah	exceed	+h	form_ii	luah	causative_or_derivational_sak	12	17001019	Esther 1:19	45	luahsak	luahsak	luah-sak	head-CAUS	lua	N	khat ama za [luahsak] in	If it please the king, let there go a royal commandment from him, and let it be written among the laws of the Persians and the Medes, that it be not altered, That Vashti come no more before king Ahasuerus; and let the king give her royal estate unto another that is better than she.	exclude_for_now	kept as the clearest analyzed example for this pair, stem side, and environment; analyzer segmentation and POS are explicit enough for write-up use	Causative or derivational `sak` blocks promotion as simple stem-alternation evidence. Derived or lexicalized environments stay excluded at the row level even when the pair is retained for review.
lua-luah	lua	luah	exceed	+h	form_ii	luah	dependent_temporal_ciangin	1	05003012	Deuteronomy 3:12	5	luah	luah	luah	carry	lua	V	hih leitang i [luah] ciangin Reuben mite	And this land, which we possessed at that time, from Aroer, which is by the river Arnon, and half mount Gilead, and the cities thereof, gave I unto the Reubenites and to the Gadites.	needs_analyzer_review	kept as the clearest analyzed example for this pair, stem side, and environment; analyzer segmentation and POS are explicit enough for write-up use	Immediate following `ciangin` provides a conservative dependent-temporal cue. Row status is capped by the pair-level publication status. Needs review before print use.
lua-luah	lua	luah	exceed	+h	form_ii	luah	finite_main_or_matrix	149	06019041	Joshua 19:41	1	luah	luah	luah	carry	lua	V	A [luah] gamte in Zorah	And the coast of their inheritance was Zorah, and Eshtaol, and Ir-shemesh,	needs_analyzer_review	kept as the clearest analyzed example for this pair, stem side, and environment; analyzer segmentation and POS are explicit enough for write-up use	No stronger local cue was found, so the token is kept in a conservative finite or matrix bucket. Row status is capped by the pair-level publication status. Needs review before print use.
lua-luah	lua	luah	exceed	+h	form_ii	luah	imperative_or_directive	5	40025034	Matthew 25:34	33	luah	luah	luah	carry	lua	V	kibawlkholsa gamnuam hong [luah] un	Then shall the King say unto them on his right hand, Come, ye blessed of my Father, inherit the kingdom prepared for you from the foundation of the world:	needs_analyzer_review	kept as the clearest analyzed example for this pair, stem side, and environment; analyzer segmentation and POS are explicit enough for write-up use	A following imperative-like particle may indicate directive force. Row status is capped by the pair-level publication status. Needs review before print use.
lua-luah	lua	luah	exceed	+h	form_ii	luah	negative_clause	13	01021010	Genesis 21:10	29	luahkhawm	luahkhawm	luah-khawm	cast-together	lua	N	Isaac tawh gamh [luahkhawm] thei lo ding	Wherefore she said unto Abraham, Cast out this bondwoman and her son: for the son of this bondwoman shall not be heir with my son, even with Isaac.	needs_analyzer_review	kept as the clearest analyzed example for this pair, stem side, and environment; analyzer segmentation and POS are explicit enough for write-up use	Nearby negative material marks a negative or irrealis-heavy clause. Row status is capped by the pair-level publication status. Needs review before print use.
lua-luah	lua	luah	exceed	+h	form_ii	luah	nominalized_na	11	12025015	2 Kings 25:15	0	vutluahna	vutluahna	vut-luah-na	ash-carry-NMLZ	vut	N	[vutluahna] le haite lakhia	And the firepans, and the bowls, and such things as were of gold, in gold, and of silver, in silver, the captain of the guard took away.	needs_analyzer_review	kept as the clearest analyzed example for this pair, stem side, and environment; analyzer segmentation and POS are explicit enough for write-up use	Suffixal `-na` in the analyzer segmentation supports a nominalized environment. Row status is capped by the pair-level publication status. Needs review before print use.
lua-luah	lua	luah	exceed	+h	form_ii	luah	purpose_nadingin	46	04034017	Numbers 34:17	0	“Luah	“luah	luah	carry	lua	V	[“Luah] dingin note tungah	These are the names of the men which shall divide the land unto you: Eleazar the priest, and Joshua the son of Nun.	needs_analyzer_review	kept as the clearest analyzed example for this pair, stem side, and environment; analyzer segmentation and POS are explicit enough for write-up use	Local `ding` or `nadingin` material suggests a purpose or irrealis-heavy environment. Row status is capped by the pair-level publication status. Needs review before print use.
lua-luah	lua	luah	exceed	+h	form_ii	luah	unknown_or_needs_review	17	01025031	Genesis 25:31	3	innluahza	innluahza	inn-luah-za	house-inherit-right	inn	N	Jakob in “Na [innluahza] hong pia lecin	And Jacob said, Sell me this day thy birthright.	needs_analyzer_review	retained as the clearest available review-bucket example for this pair and stem side; analyzer segmentation and POS are explicit enough for write-up use	No conservative local environment rule fired for this token. Review-bucket rows never count as print-ready evidence. Review bucket only; not a clean syntactic construction. Needs review before print use.
mu-muh	mu	muh	see	+h	form_i	mu	causative_or_derivational_sak	5	20016028	Proverbs 16:28	12	kimudahsak	kimudahsak	ki-mu-dah-sak	REFL-see-find-CAUS	mu	V	lawmta ki-it kimlai [kimudahsak] hi	A froward man soweth strife: And a whisperer separateth chief friends.	exclude_for_now	kept as the clearest analyzed example for this pair, stem side, and environment; analyzer segmentation and POS are explicit enough for write-up use	Form I stem `mu` participates in multiple analyzer pairs (mu-muh, mu-muk); counted under canonical pair mu-muh. Alternate Form II analyses remain visible in pair summary notes: mu-muk. Causative or derivational `sak` blocks promotion as simple stem-alternation evidence. Derived or lexicalized environments stay excluded at the row level even when the pair is retained for review.
mu-muh	mu	muh	see	+h	form_i	mu	dependent_temporal_ciangin	1	66013015	Revelation 13:15	15	muap	muap	mu-ap	see-press	mu	V	a hu a [muap] ciangin hong pauthei	And he had power to give life unto the image of the beast, that the image of the beast should both speak, and cause that as many as would not worship the image of the beast should be killed.	needs_analyzer_review	kept as the clearest analyzed example for this pair, stem side, and environment; analyzer segmentation and POS are explicit enough for write-up use	Form I stem `mu` participates in multiple analyzer pairs (mu-muh, mu-muk); counted under canonical pair mu-muh. Alternate Form II analyses remain visible in pair summary notes: mu-muk. Immediate following `ciangin` provides a conservative dependent-temporal cue. Row is useful for matrix review, but it is not strong enough to inherit the pair's print-facing status. Needs review before print use.
mu-muh	mu	muh	see	+h	form_i	mu	finite_main_or_matrix	1008	01001004	Genesis 1:4	8	mu	mu	mu	see.I	mu	V	hi ci-in a [mu] hi Pasian in	And God saw the light, that it was good: and God divided the light from the darkness.	print_ready	preferred because this verse already appears in the curated candidate TSV; kept as the clearest analyzed example for this pair, stem side, and environment; analyzer segmentation and POS are explicit enough for write-up use	Form I stem `mu` participates in multiple analyzer pairs (mu-muh, mu-muk); counted under canonical pair mu-muh. Alternate Form II analyses remain visible in pair summary notes: mu-muk. No stronger local cue was found, so the token is kept in a conservative finite or matrix bucket. Accepted candidate TSV evidence can inherit the pair's editorial status. Candidate for print.
mu-muh	mu	muh	see	+h	form_i	mu	imperative_or_directive	27	18039027	Job 39:27	0	Muvanlai	muvanlai	mu-van-lai	see.I-sky-middle	mu	V	[Muvanlai] in sang leenin	Doth the eagle mount up at thy command, And make her nest on high?	needs_analyzer_review	kept as the clearest analyzed example for this pair, stem side, and environment; analyzer segmentation and POS are explicit enough for write-up use	Form I stem `mu` participates in multiple analyzer pairs (mu-muh, mu-muk); counted under canonical pair mu-muh. Alternate Form II analyses remain visible in pair summary notes: mu-muk. A following imperative-like particle may indicate directive force. Row is useful for matrix review, but it is not strong enough to inherit the pair's print-facing status. Needs review before print use.
mu-muh	mu	muh	see	+h	form_i	mu	negative_clause	246	19077004	Psalms 77:4	1	ihmu	ihmu	ih-mu	1PL-see	ih	V	A [ihmu] lo dingin kei	Thou holdest mine eyes waking: I am so troubled that I cannot speak.	needs_analyzer_review	kept as the clearest analyzed example for this pair, stem side, and environment; analyzer segmentation and POS are explicit enough for write-up use	Form I stem `mu` participates in multiple analyzer pairs (mu-muh, mu-muk); counted under canonical pair mu-muh. Alternate Form II analyses remain visible in pair summary notes: mu-muk. Nearby negative material marks a negative or irrealis-heavy clause. Row is useful for matrix review, but it is not strong enough to inherit the pair's print-facing status. Needs review before print use.
mu-muh	mu	muh	see	+h	form_i	mu	nominalized_na	5	44013034	Acts 13:34	0	Muatna	muatna	mu-at-na	see-cut-NMLZ	mu	V	[Muatna] a thuakkik ngei	And as concerning that he raised him up from the dead, now no more to return to corruption, he said on this wise, I will give you the sure mercies of David.	needs_analyzer_review	kept as the clearest analyzed example for this pair, stem side, and environment; analyzer segmentation and POS are explicit enough for write-up use	Form I stem `mu` participates in multiple analyzer pairs (mu-muh, mu-muk); counted under canonical pair mu-muh. Alternate Form II analyses remain visible in pair summary notes: mu-muk. Suffixal `-na` in the analyzer segmentation supports a nominalized environment. Row is useful for matrix review, but it is not strong enough to inherit the pair's print-facing status. Needs review before print use.
mu-muh	mu	muh	see	+h	form_i	mu	purpose_nadingin	14	01028011	Genesis 28:11	28	ihmu	ihmu	ih-mu	1PL-see	ih	V	zang a a [ihmu] dingin tua munah	And he lighted upon a certain place, and tarried there all night, because the sun was set; and he took of the stones of that place, and put them for his pillows, and lay down in that place to sleep.	needs_analyzer_review	kept as the clearest analyzed example for this pair, stem side, and environment; analyzer segmentation and POS are explicit enough for write-up use	Form I stem `mu` participates in multiple analyzer pairs (mu-muh, mu-muk); counted under canonical pair mu-muh. Alternate Form II analyses remain visible in pair summary notes: mu-muk. Local `ding` or `nadingin` material suggests a purpose or irrealis-heavy environment. Row is useful for matrix review, but it is not strong enough to inherit the pair's print-facing status. Needs review before print use.
mu-muh	mu	muh	see	+h	form_i	mu	quotative_or_say_complement	21	18034004	Job 34:4	10	mukhia	mukhia	mu-khia	see.I-exit	mu	V	bang hiam cih [mukhia] ni	Let us choose to us judgment: Let us know among ourselves what is good.	needs_analyzer_review	kept as the clearest analyzed example for this pair, stem side, and environment; analyzer segmentation and POS are explicit enough for write-up use	Form I stem `mu` participates in multiple analyzer pairs (mu-muh, mu-muk); counted under canonical pair mu-muh. Alternate Form II analyses remain visible in pair summary notes: mu-muk. Nearby quotative material suggests embedded or reported-speech structure. Row is useful for matrix review, but it is not strong enough to inherit the pair's print-facing status. Needs review before print use.
mu-muh	mu	muh	see	+h	form_i	mu	relative_or_attributive_mi	15	19022007	Psalms 22:7	1	mu	mu	mu	see.I	mu	V	Hong [mu] mi khempeuh in	All they that see me laugh me to scorn: They shoot out the lip, they shake the head, saying ,	needs_analyzer_review	kept as the clearest analyzed example for this pair, stem side, and environment; analyzer segmentation and POS are explicit enough for write-up use	Form I stem `mu` participates in multiple analyzer pairs (mu-muh, mu-muk); counted under canonical pair mu-muh. Alternate Form II analyses remain visible in pair summary notes: mu-muk. A following `mi` suggests a relative-like or attributive nominal environment. Row is useful for matrix review, but it is not strong enough to inherit the pair's print-facing status. Needs review before print use.
mu-muh	mu	muh	see	+h	form_i	mu	unknown_or_needs_review	19	03011013	Leviticus 11:13	17	luimu	luimu	lui-mu	river-bird	lui	N	kihhuaite Muvanlai mupi [luimu]	And these are they which ye shall have in abomination among the fowls; they shall not be eaten, they are an abomination: the eagle, and the ossifrage, and the ospray,	needs_analyzer_review	retained as the clearest available review-bucket example for this pair and stem side; analyzer segmentation and POS are explicit enough for write-up use	Form I stem `mu` participates in multiple analyzer pairs (mu-muh, mu-muk); counted under canonical pair mu-muh. Alternate Form II analyses remain visible in pair summary notes: mu-muk. No conservative local environment rule fired for this token. Review-bucket rows never count as print-ready evidence. Review bucket only; not a clean syntactic construction. Needs review before print use.
mu-muh	mu	muh	see	+h	form_ii	muh	causative_or_derivational_sak	8	18017015	Job 17:15	16	muhsak	muhsak	muh-sak	see.II-BENF	mu	V	ding bang nong [muhsak] uh hiam	And where is now my hope? As for my hope, who shall see it?	exclude_for_now	kept as the clearest analyzed example for this pair, stem side, and environment; analyzer segmentation and POS are explicit enough for write-up use	Causative or derivational `sak` blocks promotion as simple stem-alternation evidence. Derived or lexicalized environments stay excluded at the row level even when the pair is retained for review.
mu-muh	mu	muh	see	+h	form_ii	muh	clause_linking_kipan	1	28009015	Hosea 9:15	22	muhdah	muhdah	muh-dah	abomination	mu	V	kipanin amaute ka [muhdah] a kipan ahi	All their wickedness is in Gilgal: for there I hated them: for the wickedness of their doings I will drive them out of mine house, I will love them no more: all their princes are revolters.	needs_analyzer_review	kept as the clearest analyzed example for this pair, stem side, and environment; analyzer segmentation and POS are explicit enough for write-up use	Local `a kipan` sequence marks a clause-linking or source/beginning environment. Surface form belongs to a noisy lexicalized or compound family rather than to a clean print-safe stem token. Needs review before print use.
mu-muh	mu	muh	see	+h	form_ii	muh	dependent_temporal_ciangin	173	01019001	Genesis 19:1	20	muh	muh	muh	see.II	mu	V	in amaute a [muh] ciangin amaute a	And there came two angels to Sodom at even; and Lot sat in the gate of Sodom: and Lot seeing them rose up to meet them; and he bowed himself with his face toward the ground;	print_usable_with_caveat	preferred because this verse is already cited in the dossier or packet; kept as the clearest analyzed example for this pair, stem side, and environment; analyzer segmentation and POS are explicit enough for write-up use	Immediate following `ciangin` provides a conservative dependent-temporal cue. Packet- or dossier-cited rows can support review use, but remain caveated unless they are accepted candidate rows. Candidate for print.
mu-muh	mu	muh	see	+h	form_ii	muh	dependent_temporal_ni_in	1	02010028	Exodus 10:28	30	muh	muh	muh	see.II	mu	V	ka maitang nong [muh] ni-in nang na	And Pharaoh said unto him, Get thee from me, take heed to thyself, see my face no more; for in that day thou seest my face thou shalt die.	needs_analyzer_review	kept as the clearest analyzed example for this pair, stem side, and environment; analyzer segmentation and POS are explicit enough for write-up use	Immediate following `ni-in` provides a conservative dependent-temporal cue. Row is useful for matrix review, but it is not strong enough to inherit the pair's print-facing status. Needs review before print use.
mu-muh	mu	muh	see	+h	form_ii	muh	finite_main_or_matrix	406	03006004	Leviticus 6:4	24	muh	muh	muh	see.II	mu	V	mang na a [muh] hitaleh	then it shall be, because he hath sinned, and is guilty, that he shall restore that which he took violently away, or the thing which he hath deceitfully gotten, or that which was delivered him to keep, or the lost thing which he found,	needs_analyzer_review	kept as the clearest analyzed example for this pair, stem side, and environment; analyzer segmentation and POS are explicit enough for write-up use	No stronger local cue was found, so the token is kept in a conservative finite or matrix bucket. Row is useful for matrix review, but it is not strong enough to inherit the pair's print-facing status. Needs review before print use.
mu-muh	mu	muh	see	+h	form_ii	muh	imperative_or_directive	1	26001005	Ezekiel 1:5	16	muhte	muhte	muh-te	see.II-PL	mu	N	hi Tua ka [muhte] in mihing lim	Also out of the midst thereof came the likeness of four living creatures. And this was their appearance; they had the likeness of a man.	needs_analyzer_review	kept as the clearest analyzed example for this pair, stem side, and environment; analyzer segmentation and POS are explicit enough for write-up use	A following imperative-like particle may indicate directive force. Row is useful for matrix review, but it is not strong enough to inherit the pair's print-facing status. Needs review before print use.
mu-muh	mu	muh	see	+h	form_ii	muh	negative_clause	50	01003008	Genesis 3:8	18	muh	muh	muh	see.II	mu	V	a Topa Pasian [muh] loh dingin mipa	And they heard the voice of the LORD God walking in the garden in the cool of the day: and Adam and his wife hid themselves from the presence of the LORD God amongst the trees of the garden.	needs_analyzer_review	preferred because this verse is already cited in the dossier or packet; kept as the clearest analyzed example for this pair, stem side, and environment; analyzer segmentation and POS are explicit enough for write-up use	Nearby negative material marks a negative or irrealis-heavy clause. Row is useful for matrix review, but it is not strong enough to inherit the pair's print-facing status. Needs review before print use.
mu-muh	mu	muh	see	+h	form_ii	muh	nominalized_na	295	01019019	Genesis 19:19	3	muhna-ah	muhna-ah	muh-na-ah	see.II-NMLZ-LOC	mu	FUNC	en un note [muhna-ah] na nasempa in	behold now, thy servant hath found grace in thy sight, and thou hast magnified thy mercy, which thou hast shewed unto me in saving my life; and I cannot escape to the mountain, lest some evil take me, and I die:	print_ready	preferred because this verse already appears in the curated candidate TSV; kept as the clearest analyzed example for this pair, stem side, and environment; analyzer segmentation and POS are explicit enough for write-up use	Suffixal `-na` in the analyzer segmentation supports a nominalized environment. Accepted candidate TSV evidence can inherit the pair's editorial status. Candidate for print.
mu-muh	mu	muh	see	+h	form_ii	muh	purpose_nadingin	24	44009012	Acts 9:12	2	muhkik	muhkik	muh-kik	see.II-ITER	mu	V	khua a [muhkik] theih nadingin Ananias	and hath seen in a vision a man named Ananias coming in, and putting his hand on him, that he might receive his sight.	needs_analyzer_review	kept as the clearest analyzed example for this pair, stem side, and environment; analyzer segmentation and POS are explicit enough for write-up use	Local `ding` or `nadingin` material suggests a purpose or irrealis-heavy environment. Row is useful for matrix review, but it is not strong enough to inherit the pair's print-facing status. Needs review before print use.
mu-muh	mu	muh	see	+h	form_ii	muh	quotative_or_say_complement	21	01009014	Genesis 9:14	9	kimuh	kimuh	ki-muh	REFL-see.II	mu	V	sungah sakhituihup a [kimuh] leh	And it shall come to pass, when I bring a cloud over the earth, that the bow shall be seen in the cloud:	needs_analyzer_review	kept as the clearest analyzed example for this pair, stem side, and environment; analyzer segmentation and POS are explicit enough for write-up use	Nearby quotative material suggests embedded or reported-speech structure. Row is useful for matrix review, but it is not strong enough to inherit the pair's print-facing status. Needs review before print use.
mu-muh	mu	muh	see	+h	form_ii	muh	unknown_or_needs_review	13	21010005	Ecclesiastes 10:5	9	muhte	muhte	muh-te	see.II-PL	mu	N	ukte piansak ka [muhte]	There is an evil which I have seen under the sun, as an error which proceedeth from the ruler:	needs_analyzer_review	retained as the clearest available review-bucket example for this pair and stem side; analyzer segmentation and POS are explicit enough for write-up use	No conservative local environment rule fired for this token. Review-bucket rows never count as print-ready evidence. Review bucket only; not a clean syntactic construction. Needs review before print use.
mu-muk	mu	muk	see	+k	form_i	muk	finite_main_or_matrix	2	10006006	2 Samuel 6:6	8	muktu	muktu	muk-tu	see.I-stumble	mu	V	uh ciangin bawngtalte [muktu] ahih manin Uzzah	And when they came to Nachon's threshingfloor, Uzzah put forth his hand to the ark of God, and took hold of it; for the oxen shook it .	needs_analyzer_review	kept as the clearest analyzed example for this pair, stem side, and environment; analyzer segmentation and POS are explicit enough for write-up use	No stronger local cue was found, so the token is kept in a conservative finite or matrix bucket. Row status is capped by the pair-level publication status. Needs review before print use.
mu-muk	mu	muk	see	+k	form_ii	muk	finite_main_or_matrix	7	19022007	Psalms 22:7	9	mukpiksan	mukpiksan	muk-piksan	see.II-stubborn	mu	V	hong zahko-in hong [mukpiksan] uh a a	All they that see me laugh me to scorn: They shoot out the lip, they shake the head, saying ,	needs_analyzer_review	kept as the clearest analyzed example for this pair, stem side, and environment; analyzer segmentation and POS are explicit enough for write-up use	No stronger local cue was found, so the token is kept in a conservative finite or matrix bucket. Row status is capped by the pair-level publication status. Needs review before print use.
mu-muk	mu	muk	see	+k	form_ii	muk	imperative_or_directive	1	23059003	Isaiah 59:3	23	mukte	mukte	muk-te	lip-PL	mu	N	nin hi Na [mukte] un zuauthu gen	For your hands are defiled with blood, and your fingers with iniquity; your lips have spoken lies, your tongue hath muttered perverseness.	needs_analyzer_review	kept as the clearest analyzed example for this pair, stem side, and environment; analyzer segmentation and POS are explicit enough for write-up use	A following imperative-like particle may indicate directive force. Surface form belongs to a noisy lexicalized or compound family rather than to a clean print-safe stem token. Needs review before print use.
mu-muk	mu	muk	see	+k	form_ii	muk	unknown_or_needs_review	26	18027004	Job 27:4	1	muk	muk	muk	kiss	mu	N	ka [muk] tawh thusia peuhmah	My lips shall not speak wickedness, Nor my tongue utter deceit.	needs_analyzer_review	retained as the clearest available review-bucket example for this pair and stem side; analyzer segmentation and POS are explicit enough for write-up use	No conservative local environment rule fired for this token. Review-bucket rows never count as print-ready evidence. Review bucket only; not a clean syntactic construction. Needs review before print use.
mual-mualh	mual	mualh	mountain	+h	form_i	mual	finite_main_or_matrix	103	02025040	Exodus 25:40	0	Mualtungah	mualtungah	mual-tung-ah	mountain-top-LOC	mual	FUNC	[Mualtungah] nang tunga hong	And look that thou make them after their pattern, which was shewed thee in the mount.	needs_analyzer_review	kept as the clearest analyzed example for this pair, stem side, and environment; analyzer segmentation and POS are explicit enough for write-up use	No stronger local cue was found, so the token is kept in a conservative finite or matrix bucket. Row status is capped by the pair-level publication status. Needs review before print use.
mual-mualh	mual	mualh	mountain	+h	form_i	mual	imperative_or_directive	1	19089012	Psalms 89:12	11	mual	mual	mual	mountain	mual	N	mual le Hermon [mual] in lungdamna tawh	The north and the south thou hast created them: Tabor and Hermon shall rejoice in thy name.	needs_analyzer_review	kept as the clearest analyzed example for this pair, stem side, and environment; analyzer segmentation and POS are explicit enough for write-up use	A following imperative-like particle may indicate directive force. Row status is capped by the pair-level publication status. Needs review before print use.
mual-mualh	mual	mualh	mountain	+h	form_i	mual	negative_clause	12	02034003	Exodus 34:3	8	mualtung	mualtung	mual-tung	mountain-top	mual	N	khawmsak kei inla [mualtung] tengah kuamah omsak	And no man shall come up with thee, neither let any man be seen throughout all the mount; neither let the flocks nor herds feed before that mount.	needs_analyzer_review	kept as the clearest analyzed example for this pair, stem side, and environment; analyzer segmentation and POS are explicit enough for write-up use	Nearby negative material marks a negative or irrealis-heavy clause. Surface form belongs to a noisy lexicalized or compound family rather than to a clean print-safe stem token. Needs review before print use.
mual-mualh	mual	mualh	mountain	+h	form_i	mual	possessed_or_genitive_attributive	1	13011032	1 Chronicles 11:32	1	mualkuam	mualkuam	mual-kuam	hill-brook	mual	N	Gaash [mualkuam] mi Hurai Betharabah	Hurai of the brooks of Gaash, Abiel the Arbathite,	needs_analyzer_review	kept as the clearest analyzed example for this pair, stem side, and environment; analyzer segmentation and POS are explicit enough for write-up use	A following `mi` plus a preceding possessor-like token suggests an attributive or possessed nominal environment. Row status is capped by the pair-level publication status. Needs review before print use.
mual-mualh	mual	mualh	mountain	+h	form_i	mual	purpose_nadingin	1	09017003	1 Samuel 17:3	10	mualtungah	mualtungah	mual-tung-ah	mountain-top-LOC	mual	FUNC	Israel-te a galkhat [mualtungah] dingin amaute kikalah	And the Philistines stood on a mountain on the one side, and Israel stood on a mountain on the other side: and there was a valley between them.	needs_analyzer_review	kept as the clearest analyzed example for this pair, stem side, and environment; analyzer segmentation and POS are explicit enough for write-up use	Local `ding` or `nadingin` material suggests a purpose or irrealis-heavy environment. Row status is capped by the pair-level publication status. Needs review before print use.
mual-mualh	mual	mualh	mountain	+h	form_i	mual	quotative_or_say_complement	10	04023009	Numbers 23:9	5	mual	mual	mual	mountain	mual	N	hiam cih leh [mual] dawn panin amaute	For from the top of the rocks I see him, And from the hills I behold him: Lo, the people shall dwell alone, And shall not be reckoned among the nations.	needs_analyzer_review	kept as the clearest analyzed example for this pair, stem side, and environment; analyzer segmentation and POS are explicit enough for write-up use	Nearby quotative material suggests embedded or reported-speech structure. Row status is capped by the pair-level publication status. Needs review before print use.
mual-mualh	mual	mualh	mountain	+h	form_i	mual	unknown_or_needs_review	736	01019019	Genesis 19:19	26	mualtung	mualtung	mual-tung	mountain-top	mual	N	hi Ahih hangin [mualtung] gamla ahih manin	behold now, thy servant hath found grace in thy sight, and thou hast magnified thy mercy, which thou hast shewed unto me in saving my life; and I cannot escape to the mountain, lest some evil take me, and I die:	needs_analyzer_review	preferred because this verse is already cited in the dossier or packet; retained as the clearest available review-bucket example for this pair and stem side; analyzer segmentation and POS are explicit enough for write-up use	No conservative local environment rule fired for this token. Review-bucket rows never count as print-ready evidence. Review bucket only; not a clean syntactic construction. Needs review before print use.
mual-mualh	mual	mualh	mountain	+h	form_ii	mualh	quotative_or_say_complement	1	03013056	Leviticus 13:56	13	mualh	mualh	mualh	mountain	mual	N	a meima a [mualh] leh amah in	And if the priest look, and, behold, the plague be somewhat dark after the washing of it; then he shall rend it out of the garment, or out of the skin, or out of the warp, or out of the woof:	needs_analyzer_review	kept as the clearest analyzed example for this pair, stem side, and environment; analyzer segmentation and POS are explicit enough for write-up use	Nearby quotative material suggests embedded or reported-speech structure. Row status is capped by the pair-level publication status. Needs review before print use.
ne-neh	ne	neh	eat	+h	form_ii	neh	finite_main_or_matrix	13	02017011	Exodus 17:11	21	neh	neh	neh	sojourn	ne	N	Amalek mite in [neh] hi	And it came to pass, when Moses held up his hand, that Israel prevailed: and when he let down his hand, Amalek prevailed.	needs_analyzer_review	kept as the clearest analyzed example for this pair, stem side, and environment; analyzer segmentation and POS are explicit enough for write-up use	No stronger local cue was found, so the token is kept in a conservative finite or matrix bucket. Row status is capped by the pair-level publication status. Needs review before print use.
ne-neh	ne	neh	eat	+h	form_ii	neh	imperative_or_directive	1	23029019	Isaiah 29:19	1	nopnehte	nopnehte	nop-neh-te	want-weak-PL	nop	N	Mi [nopnehte] in Topa sungah	The meek also shall increase their joy in the LORD , and the poor among men shall rejoice in the Holy One of Israel.	needs_analyzer_review	kept as the clearest analyzed example for this pair, stem side, and environment; analyzer segmentation and POS are explicit enough for write-up use	A following imperative-like particle may indicate directive force. Row status is capped by the pair-level publication status. Needs review before print use.
ne-neh	ne	neh	eat	+h	form_ii	neh	negative_clause	6	05002037	Deuteronomy 2:37	23	neh	neh	neh	sojourn	ne	N	bek i va [neh] kei hi	only unto the land of the children of Ammon thou camest not, nor unto any place of the river Jabbok, nor unto the cities in the mountains, nor unto whatsoever the LORD our God forbad us.	needs_analyzer_review	kept as the clearest analyzed example for this pair, stem side, and environment; analyzer segmentation and POS are explicit enough for write-up use	Nearby negative material marks a negative or irrealis-heavy clause. Row status is capped by the pair-level publication status. Needs review before print use.
ne-neh	ne	neh	eat	+h	form_ii	neh	unknown_or_needs_review	13	43019003	John 19:3	2	nehin	nehin	neh-in	cloud-INST	ne	N	ama kiangah [nehin] “Jew mite Kumpipa	and said, Hail, King of the Jews! and they smote him with their hands.	needs_analyzer_review	retained as the clearest available review-bucket example for this pair and stem side; analyzer segmentation and POS are explicit enough for write-up use	No conservative local environment rule fired for this token. Review-bucket rows never count as print-ready evidence. Review bucket only; not a clean syntactic construction. Needs review before print use.
ne-nek	ne	nek	eat	+k	form_i	ne	causative_or_derivational_sak	21	05032013	Deuteronomy 32:13	30	nesak	nesak	ne-sak	eat-CAUS	ne	V	panin sathau a [nesak] hi	He made him ride on the high places of the earth, That he might eat the increase of the fields; And he made him to suck honey out of the rock, And oil out of the flinty rock;	exclude_for_now	kept as the clearest analyzed example for this pair, stem side, and environment; analyzer segmentation and POS are explicit enough for write-up use	Form I stem `ne` participates in multiple analyzer pairs (ne-neh, ne-nek); counted under canonical pair ne-nek. Alternate Form II analyses remain visible in pair summary notes: ne-neh. Causative or derivational `sak` blocks promotion as simple stem-alternation evidence. Derived or lexicalized environments stay excluded at the row level even when the pair is retained for review.
ne-nek	ne	nek	eat	+k	form_i	ne	finite_main_or_matrix	514	20023007	Proverbs 23:7	0	“Ne	“ne	Ne	eat	ne	V	[“Ne] ne un,” hong	For as he thinketh in his heart, so is he: Eat and drink, saith he to thee; But his heart is not with thee.	needs_analyzer_review	kept as the clearest analyzed example for this pair, stem side, and environment; analyzer segmentation and POS are explicit enough for write-up use	Form I stem `ne` participates in multiple analyzer pairs (ne-neh, ne-nek); counted under canonical pair ne-nek. Alternate Form II analyses remain visible in pair summary notes: ne-neh. No stronger local cue was found, so the token is kept in a conservative finite or matrix bucket. Row is useful for matrix review, but it is not strong enough to inherit the pair's print-facing status. Needs review before print use.
ne-nek	ne	nek	eat	+k	form_i	ne	imperative_or_directive	27	03010012	Leviticus 10:12	40	ne	ne	ne	eat	ne	V	biakna tau gei-ah [ne] un	And Moses spake unto Aaron, and unto Eleazar and unto Ithamar, his sons that were left, Take the meat offering that remaineth of the offerings of the LORD made by fire, and eat it without leaven beside the altar: for it is most holy:	needs_analyzer_review	kept as the clearest analyzed example for this pair, stem side, and environment; analyzer segmentation and POS are explicit enough for write-up use	Form I stem `ne` participates in multiple analyzer pairs (ne-neh, ne-nek); counted under canonical pair ne-nek. Alternate Form II analyses remain visible in pair summary notes: ne-neh. A following imperative-like particle may indicate directive force. Row is useful for matrix review, but it is not strong enough to inherit the pair's print-facing status. Needs review before print use.
ne-nek	ne	nek	eat	+k	form_i	ne	negative_clause	138	01002017	Genesis 2:17	12	ne	ne	ne	eat	ne	V	gah pen na [ne] kei ding hi	but of the tree of the knowledge of good and evil, thou shalt not eat of it: for in the day that thou eatest thereof thou shalt surely die.	print_ready	preferred because this verse already appears in the curated candidate TSV; kept as the clearest analyzed example for this pair, stem side, and environment; analyzer segmentation and POS are explicit enough for write-up use	Form I stem `ne` participates in multiple analyzer pairs (ne-neh, ne-nek); counted under canonical pair ne-nek. Alternate Form II analyses remain visible in pair summary notes: ne-neh. Nearby negative material marks a negative or irrealis-heavy clause. Accepted candidate TSV evidence can inherit the pair's editorial status. Candidate for print.
ne-nek	ne	nek	eat	+k	form_i	ne	purpose_nadingin	32	18015023	Job 15:23	2	ne	ne	ne	eat	ne	V	amah a [ne] dingin musanete in	He wandereth abroad for bread, saying , Where is it? He knoweth that the day of darkness is ready at his hand.	needs_analyzer_review	kept as the clearest analyzed example for this pair, stem side, and environment; analyzer segmentation and POS are explicit enough for write-up use	Form I stem `ne` participates in multiple analyzer pairs (ne-neh, ne-nek); counted under canonical pair ne-nek. Alternate Form II analyses remain visible in pair summary notes: ne-neh. Local `ding` or `nadingin` material suggests a purpose or irrealis-heavy environment. Row is useful for matrix review, but it is not strong enough to inherit the pair's print-facing status. Needs review before print use.
ne-nek	ne	nek	eat	+k	form_i	ne	quotative_or_say_complement	7	01003012	Genesis 3:12	17	ne	ne	ne	eat	ne	V	a ke'n ka [ne] hi,” ci hi	And the man said, The woman whom thou gavest to be with me, she gave me of the tree, and I did eat.	needs_analyzer_review	preferred because this verse is already cited in the dossier or packet; kept as the clearest analyzed example for this pair, stem side, and environment; analyzer segmentation and POS are explicit enough for write-up use	Form I stem `ne` participates in multiple analyzer pairs (ne-neh, ne-nek); counted under canonical pair ne-nek. Alternate Form II analyses remain visible in pair summary notes: ne-neh. Nearby quotative material suggests embedded or reported-speech structure. Row is useful for matrix review, but it is not strong enough to inherit the pair's print-facing status. Needs review before print use.
ne-nek	ne	nek	eat	+k	form_i	ne	relative_or_attributive_mi	11	03019008	Leviticus 19:8	2	ne	ne	ne	eat	ne	V	Tua a [ne] mi peuhmah in	Therefore every one that eateth it shall bear his iniquity, because he hath profaned the hallowed thing of the LORD : and that soul shall be cut off from among his people.	needs_analyzer_review	kept as the clearest analyzed example for this pair, stem side, and environment; analyzer segmentation and POS are explicit enough for write-up use	Form I stem `ne` participates in multiple analyzer pairs (ne-neh, ne-nek); counted under canonical pair ne-nek. Alternate Form II analyses remain visible in pair summary notes: ne-neh. A following `mi` suggests a relative-like or attributive nominal environment. Row is useful for matrix review, but it is not strong enough to inherit the pair's print-facing status. Needs review before print use.
ne-nek	ne	nek	eat	+k	form_i	ne	unknown_or_needs_review	24	01015011	Genesis 15:11	0	Sasialne	sasialne	sasial-ne	prey-NMLZ	sasial	N	[Sasialne] vasate tua sate	And when the fowls came down upon the carcases, Abram drove them away.	needs_analyzer_review	retained as the clearest available review-bucket example for this pair and stem side; analyzer segmentation and POS are explicit enough for write-up use	Form I stem `ne` participates in multiple analyzer pairs (ne-neh, ne-nek); counted under canonical pair ne-nek. Alternate Form II analyses remain visible in pair summary notes: ne-neh. No conservative local environment rule fired for this token. Review-bucket rows never count as print-ready evidence. Review bucket only; not a clean syntactic construction. Needs review before print use.
ne-nek	ne	nek	eat	+k	form_ii	nek	causative_or_derivational_sak	8	19105035	Psalms 105:35	11	nektumsak	nektumsak	nek-tum-sak	eat-all-CAUS	ne	V	gah khempeuh a [nektumsak] mang hi	And did eat up all the herbs in their land, and devoured the fruit of their ground.	exclude_for_now	kept as the clearest analyzed example for this pair, stem side, and environment; analyzer segmentation and POS are explicit enough for write-up use	Causative or derivational `sak` blocks promotion as simple stem-alternation evidence. Derived or lexicalized environments stay excluded at the row level even when the pair is retained for review.
ne-nek	ne	nek	eat	+k	form_ii	nek	dependent_temporal_ciangin	6	20025016	Proverbs 25:16	2	nek	nek	nek	eat.II	ne	V	Khuaizu na [nek] ciangin a hoihkhop	Hast thou found honey? eat so much as is sufficient for thee, Lest thou be filled therewith, and vomit it.	needs_analyzer_review	kept as the clearest analyzed example for this pair, stem side, and environment; analyzer segmentation and POS are explicit enough for write-up use	Immediate following `ciangin` provides a conservative dependent-temporal cue. Row is useful for matrix review, but it is not strong enough to inherit the pair's print-facing status. Needs review before print use.
ne-nek	ne	nek	eat	+k	form_ii	nek	dependent_temporal_ni_in	1	01002017	Genesis 2:17	23	nek	nek	nek	eat.II	ne	V	leh tua na [nek] ni-in na si	but of the tree of the knowledge of good and evil, thou shalt not eat of it: for in the day that thou eatest thereof thou shalt surely die.	print_ready	preferred because this verse already appears in the curated candidate TSV; kept as the clearest analyzed example for this pair, stem side, and environment; analyzer segmentation and POS are explicit enough for write-up use	Immediate following `ni-in` provides a conservative dependent-temporal cue. Accepted candidate TSV evidence can inherit the pair's editorial status. Candidate for print.
ne-nek	ne	nek	eat	+k	form_ii	nek	finite_main_or_matrix	279	08002014	Ruth 2:14	0	Annek	annek	an-nek	3PL-eat.II	an	V	[Annek] hun ciangin Boaz	And Boaz said unto her, At mealtime come thou hither, and eat of the bread, and dip thy morsel in the vinegar. And she sat beside the reapers: and he reached her parched corn , and she did eat, and was sufficed, and left.	needs_analyzer_review	kept as the clearest analyzed example for this pair, stem side, and environment; analyzer segmentation and POS are explicit enough for write-up use	No stronger local cue was found, so the token is kept in a conservative finite or matrix bucket. Row is useful for matrix review, but it is not strong enough to inherit the pair's print-facing status. Needs review before print use.
ne-nek	ne	nek	eat	+k	form_ii	nek	imperative_or_directive	2	28009004	Hosea 9:4	30	annekte	annekte	an-nek-te	bread-eat-PL	an	N	annek bangin na [annekte] un zong a	They shall not offer wine offerings to the LORD , neither shall they be pleasing unto him: their sacrifices shall be unto them as the bread of mourners; all that eat thereof shall be polluted: for their bread for their soul shall not come into the house of the LORD .	needs_analyzer_review	kept as the clearest analyzed example for this pair, stem side, and environment; analyzer segmentation and POS are explicit enough for write-up use	A following imperative-like particle may indicate directive force. Row is useful for matrix review, but it is not strong enough to inherit the pair's print-facing status. Needs review before print use.
ne-nek	ne	nek	eat	+k	form_ii	nek	negative_clause	35	01014024	Genesis 14:24	1	neksate	neksate	nek-sa-te	eat.II-flesh-PL	ne	N	Tangvalte [neksate] le kei tawh	save only that which the young men have eaten, and the portion of the men which went with me, Aner, Eshcol, and Mamre; let them take their portion.	needs_analyzer_review	kept as the clearest analyzed example for this pair, stem side, and environment; analyzer segmentation and POS are explicit enough for write-up use	Nearby negative material marks a negative or irrealis-heavy clause. Row is useful for matrix review, but it is not strong enough to inherit the pair's print-facing status. Needs review before print use.
ne-nek	ne	nek	eat	+k	form_ii	nek	nominalized_na	55	22002004	Song of Solomon 2:4	0	Annekna	annekna	an-nek-na	3PL-eat.II-NMLZ	an	V	[Annekna] phualah hong paipih	He brought me to the banqueting house, And his banner over me was love.	needs_analyzer_review	kept as the clearest analyzed example for this pair, stem side, and environment; analyzer segmentation and POS are explicit enough for write-up use	Suffixal `-na` in the analyzer segmentation supports a nominalized environment. Row is useful for matrix review, but it is not strong enough to inherit the pair's print-facing status. Needs review before print use.
ne-nek	ne	nek	eat	+k	form_ii	nek	purpose_nadingin	41	05020020	Deuteronomy 20:20	0	Nek	nek	Nek	eat.II	ne	V	[Nek] dinga kizang lo	only the trees which thou knowest that they be not trees for meat, thou shalt destroy and cut them down; and thou shalt build bulwarks against the city that maketh war with thee, until it be subdued.	needs_analyzer_review	kept as the clearest analyzed example for this pair, stem side, and environment; analyzer segmentation and POS are explicit enough for write-up use	Local `ding` or `nadingin` material suggests a purpose or irrealis-heavy environment. Row is useful for matrix review, but it is not strong enough to inherit the pair's print-facing status. Needs review before print use.
ne-nek	ne	nek	eat	+k	form_ii	nek	quotative_or_say_complement	7	02012015	Exodus 12:15	51	nek	nek	nek	eat.II	ne	V	silngo sawh a [nek] leh Israel mi-in	Seven days shall ye eat unleavened bread; even the first day ye shall put away leaven out of your houses: for whosoever eateth leavened bread from the first day until the seventh day, that soul shall be cut off from Israel.	needs_analyzer_review	kept as the clearest analyzed example for this pair, stem side, and environment; analyzer segmentation and POS are explicit enough for write-up use	Nearby quotative material suggests embedded or reported-speech structure. Row is useful for matrix review, but it is not strong enough to inherit the pair's print-facing status. Needs review before print use.
ne-nek	ne	nek	eat	+k	form_ii	nek	relative_or_attributive_mi	1	03023029	Leviticus 23:29	11	nekha	nekha	nek-ha	eat-together	ne	V	khat peuhpeuh a [nekha] mi peuhmah ama	For whatsoever soul it be that shall not be afflicted in that same day, he shall be cut off from among his people.	needs_analyzer_review	kept as the clearest analyzed example for this pair, stem side, and environment; analyzer segmentation and POS are explicit enough for write-up use	A following `mi` suggests a relative-like or attributive nominal environment. Row is useful for matrix review, but it is not strong enough to inherit the pair's print-facing status. Needs review before print use.
ne-nek	ne	nek	eat	+k	form_ii	nek	unknown_or_needs_review	6	18020016	Job 20:16	2	nekte	nekte	nek-te	eat.II-PL	ne	N	Migilo pa [nekte] pen gu tawh	He shall suck the poison of asps: The viper's tongue shall slay him.	needs_analyzer_review	retained as the clearest available review-bucket example for this pair and stem side; analyzer segmentation and POS are explicit enough for write-up use	No conservative local environment rule fired for this token. Review-bucket rows never count as print-ready evidence. Review bucket only; not a clean syntactic construction. Needs review before print use.
nei-neih	nei	neih	have	+h	form_i	nei	causative_or_derivational_sak	11	01001026	Genesis 1:26	28	neisak	neisak	nei-sak	have-CAUS	nei	V	khempeuh tungah ukna [neisak] ni,” a ci	And God said, Let us make man in our image, after our likeness: and let them have dominion over the fish of the sea, and over the fowl of the air, and over the cattle, and over all the earth, and over every creeping thing that creepeth upon the earth.	exclude_for_now	kept as the clearest analyzed example for this pair, stem side, and environment; analyzer segmentation and POS are explicit enough for write-up use	Causative or derivational `sak` blocks promotion as simple stem-alternation evidence. Derived or lexicalized environments stay excluded at the row level even when the pair is retained for review.
nei-neih	nei	neih	have	+h	form_i	nei	finite_main_or_matrix	1472	01011003	Genesis 11:3	27	nei	nei	nei	have	nei	V	dingin kultal tui [nei] uh hi	And they said one to another, Go to, let us make brick, and burn them throughly. And they had brick for stone, and slime had they for morter.	print_usable_with_caveat	preferred because this verse is already cited in the dossier or packet; kept as the clearest analyzed example for this pair, stem side, and environment; analyzer segmentation and POS are explicit enough for write-up use	No stronger local cue was found, so the token is kept in a conservative finite or matrix bucket. Packet- or dossier-cited rows can support review use, but remain caveated unless they are accepted candidate rows. Candidate for print.
nei-neih	nei	neih	have	+h	form_i	nei	imperative_or_directive	50	19125004	Psalms 125:4	15	nei	nei	nei	have	nei	V	tungah hehpihna hong [nei] in	Do good, O LORD , Unto those that be good, and to them that are upright in their hearts.	needs_analyzer_review	kept as the clearest analyzed example for this pair, stem side, and environment; analyzer segmentation and POS are explicit enough for write-up use	A following imperative-like particle may indicate directive force. Row is useful for matrix review, but it is not strong enough to inherit the pair's print-facing status. Needs review before print use.
nei-neih	nei	neih	have	+h	form_i	nei	negative_clause	421	01011030	Genesis 11:30	5	nei	nei	nei	have	nei	V	ciing a ta [nei] lo hi	But Sarai was barren; she had no child.	print_ready	preferred because this verse already appears in the curated candidate TSV; kept as the clearest analyzed example for this pair, stem side, and environment; analyzer segmentation and POS are explicit enough for write-up use	Nearby negative material marks a negative or irrealis-heavy clause. Accepted candidate TSV evidence can inherit the pair's editorial status. Candidate for print.
nei-neih	nei	neih	have	+h	form_i	nei	possessed_or_genitive_attributive	13	01038001	Genesis 38:1	13	nei	nei	nei	have	nei	V	mi Hirah min [nei] mi khat tawh	And it came to pass at that time, that Judah went down from his brethren, and turned in to a certain Adullamite, whose name was Hirah.	print_usable_with_caveat	preferred because this verse is already cited in the dossier or packet; kept as the clearest analyzed example for this pair, stem side, and environment; analyzer segmentation and POS are explicit enough for write-up use	A following `mi` plus a preceding possessor-like token suggests an attributive or possessed nominal environment. Packet- or dossier-cited rows can support review use, but remain caveated unless they are accepted candidate rows. Candidate for print.
nei-neih	nei	neih	have	+h	form_i	nei	purpose_nadingin	11	01031010	Genesis 31:10	2	nei	nei	nei	have	nei	V	“Ganhonte ta [nei] dingin a kikholh	And it came to pass at the time that the cattle conceived, that I lifted up mine eyes, and saw in a dream, and, behold, the rams which leaped upon the cattle were ringstraked, speckled, and grisled.	needs_analyzer_review	kept as the clearest analyzed example for this pair, stem side, and environment; analyzer segmentation and POS are explicit enough for write-up use	Local `ding` or `nadingin` material suggests a purpose or irrealis-heavy environment. Row is useful for matrix review, but it is not strong enough to inherit the pair's print-facing status. Needs review before print use.
nei-neih	nei	neih	have	+h	form_i	nei	quotative_or_say_complement	31	46013007	1 Corinthians 13:7	1	neite	neite	nei-te	have-PL	nei	N	Itna [neite] lungkia cih om	beareth all things, believeth all things, hopeth all things, endureth all things.	needs_analyzer_review	kept as the clearest analyzed example for this pair, stem side, and environment; analyzer segmentation and POS are explicit enough for write-up use	Nearby quotative material suggests embedded or reported-speech structure. Row is useful for matrix review, but it is not strong enough to inherit the pair's print-facing status. Needs review before print use.
nei-neih	nei	neih	have	+h	form_i	nei	relative_or_attributive_mi	26	02035010	Exodus 35:10	5	nei	nei	nei	have	nei	V	panin siamna a [nei] mi peuhmah hong	And every wise hearted among you shall come, and make all that the LORD hath commanded;	needs_analyzer_review	kept as the clearest analyzed example for this pair, stem side, and environment; analyzer segmentation and POS are explicit enough for write-up use	A following `mi` suggests a relative-like or attributive nominal environment. Row is useful for matrix review, but it is not strong enough to inherit the pair's print-facing status. Needs review before print use.
nei-neih	nei	neih	have	+h	form_i	nei	unknown_or_needs_review	91	18021020	Job 21:20	0	Mawhneite	mawhneite	mawh-nei-te	sin-have-PL	mawh	N	[Mawhneite] amau mawhna hangin	His eyes shall see his destruction, And he shall drink of the wrath of the Almighty.	needs_analyzer_review	retained as the clearest available review-bucket example for this pair and stem side; analyzer segmentation and POS are explicit enough for write-up use	No conservative local environment rule fired for this token. Review-bucket rows never count as print-ready evidence. Review bucket only; not a clean syntactic construction. Needs review before print use.
nei-neih	nei	neih	have	+h	form_ii	neih	causative_or_derivational_sak	2	02010025	Exodus 10:25	20	neihsak	neihsak	neih-sak	have.II-BENF	nei	V	biakna kote nong [neihsak] kul hi	And Moses said, Thou must give us also sacrifices and burnt offerings, that we may sacrifice unto the LORD our God.	exclude_for_now	kept as the clearest analyzed example for this pair, stem side, and environment; analyzer segmentation and POS are explicit enough for write-up use	pair inferred from known noisy or derived family. Causative or derivational `sak` blocks promotion as simple stem-alternation evidence. Derived or lexicalized environments stay excluded at the row level even when the pair is retained for review.
nei-neih	nei	neih	have	+h	form_ii	neih	clause_linking_kipan	1	51001016	Colossians 1:16	16	neihnate	neihnate	neih-na-te	have-NMLZ-PL	nei	N	mi ukte aana [neihnate] a kipan a	for by him were all things created, that are in heaven, and that are in earth, visible and invisible, whether they be thrones, or dominions, or principalities, or powers: all things were created by him, and for him:	needs_analyzer_review	kept as the clearest analyzed example for this pair, stem side, and environment; analyzer segmentation and POS are explicit enough for write-up use	Local `a kipan` sequence marks a clause-linking or source/beginning environment. Row is useful for matrix review, but it is not strong enough to inherit the pair's print-facing status. Needs review before print use.
nei-neih	nei	neih	have	+h	form_ii	neih	dependent_temporal_ciangin	6	03013029	Leviticus 13:29	17	neih	neih	nei-h	have-NOM	nei	V	meima khatpeuh a [neih] ciangin	If a man or woman have a plague upon the head or the beard;	needs_analyzer_review	kept as the clearest analyzed example for this pair, stem side, and environment; analyzer segmentation and POS are explicit enough for write-up use	Immediate following `ciangin` provides a conservative dependent-temporal cue. Row is useful for matrix review, but it is not strong enough to inherit the pair's print-facing status. Needs review before print use.
nei-neih	nei	neih	have	+h	form_ii	neih	finite_main_or_matrix	579	01023009	Genesis 23:9	1	neih	neih	nei-h	have-NOM	nei	V	ama [neih] Makpelah leihawm kei	that he may give me the cave of Machpelah, which he hath, which is in the end of his field; for as much money as it is worth he shall give it me for a possession of a buryingplace amongst you.	needs_analyzer_review	kept as the clearest analyzed example for this pair, stem side, and environment; analyzer segmentation and POS are explicit enough for write-up use	No stronger local cue was found, so the token is kept in a conservative finite or matrix bucket. Row is useful for matrix review, but it is not strong enough to inherit the pair's print-facing status. Needs review before print use.
nei-neih	nei	neih	have	+h	form_ii	neih	imperative_or_directive	3	62004005	1 John 4:5	2	kineihkhemte	kineihkhemte	ki-neih-khem-te	REFL-have-all-PL	nei	N	Kamsang a [kineihkhemte] in leitung thu	They are of the world: therefore speak they of the world, and the world heareth them.	needs_analyzer_review	kept as the clearest analyzed example for this pair, stem side, and environment; analyzer segmentation and POS are explicit enough for write-up use	A following imperative-like particle may indicate directive force. Row is useful for matrix review, but it is not strong enough to inherit the pair's print-facing status. Needs review before print use.
nei-neih	nei	neih	have	+h	form_ii	neih	negative_clause	54	44004037	Acts 4:37	1	neih	neih	nei-h	have-NOM	nei	V	ama [neih] a lo zuak	having land, sold it , and brought the money, and laid it at the apostles' feet.	needs_analyzer_review	kept as the clearest analyzed example for this pair, stem side, and environment; analyzer segmentation and POS are explicit enough for write-up use	Nearby negative material marks a negative or irrealis-heavy clause. Row is useful for matrix review, but it is not strong enough to inherit the pair's print-facing status. Needs review before print use.
nei-neih	nei	neih	have	+h	form_ii	neih	nominalized_na	80	47006006	2 Corinthians 6:6	12	neihna	neihna	neih-na	have-NMLZ	nei	V	huhna itna taktak [neihna]	by pureness, by knowledge, by longsuffering, by kindness, by the Holy Ghost, by love unfeigned,	needs_analyzer_review	kept as the clearest analyzed example for this pair, stem side, and environment; analyzer segmentation and POS are explicit enough for write-up use	Suffixal `-na` in the analyzer segmentation supports a nominalized environment. Row is useful for matrix review, but it is not strong enough to inherit the pair's print-facing status. Needs review before print use.
nei-neih	nei	neih	have	+h	form_ii	neih	possessed_or_genitive_attributive	2	10023008	2 Samuel 23:8	1	neih	neih	nei-h	have-NOM	nei	V	David [neih] mi thahatte minte	These be the names of the mighty men whom David had: the Tachmonite that sat in the seat, chief among the captains; the same was Adino the Eznite: he lift up his spear against eight hundred, whom he slew at one time.	print_ready	preferred because this verse already appears in the curated candidate TSV; kept as the clearest analyzed example for this pair, stem side, and environment; analyzer segmentation and POS are explicit enough for write-up use	A following `mi` plus a preceding possessor-like token suggests an attributive or possessed nominal environment. Accepted candidate TSV evidence can inherit the pair's editorial status. Candidate for print.
nei-neih	nei	neih	have	+h	form_ii	neih	purpose_nadingin	30	05033004	Deuteronomy 33:4	2	neih	neih	nei-h	have-NOM	nei	V	Jakob mihonte [neih] dingin Moses in	Moses commanded us a law, Even the inheritance of the congregation of Jacob.	needs_analyzer_review	kept as the clearest analyzed example for this pair, stem side, and environment; analyzer segmentation and POS are explicit enough for write-up use	Local `ding` or `nadingin` material suggests a purpose or irrealis-heavy environment. Row is useful for matrix review, but it is not strong enough to inherit the pair's print-facing status. Needs review before print use.
nei-neih	nei	neih	have	+h	form_ii	neih	quotative_or_say_complement	24	03013038	Leviticus 13:38	17	neih	neih	nei-h	have-NOM	nei	V	kang mun a [neih] leh	If a man also or a woman have in the skin of their flesh bright spots, even white bright spots;	needs_analyzer_review	kept as the clearest analyzed example for this pair, stem side, and environment; analyzer segmentation and POS are explicit enough for write-up use	Nearby quotative material suggests embedded or reported-speech structure. Row is useful for matrix review, but it is not strong enough to inherit the pair's print-facing status. Needs review before print use.
nei-neih	nei	neih	have	+h	form_ii	neih	relative_or_attributive_mi	2	40024005	Matthew 24:5	7	kineih	kineih	ki-neih	REFL-have.II	nei	V	leh keimah a [kineih] mi tampi hong	For many shall come in my name, saying, I am Christ; and shall deceive many.	needs_analyzer_review	kept as the clearest analyzed example for this pair, stem side, and environment; analyzer segmentation and POS are explicit enough for write-up use	A following `mi` suggests a relative-like or attributive nominal environment. Row is useful for matrix review, but it is not strong enough to inherit the pair's print-facing status. Needs review before print use.
nei-neih	nei	neih	have	+h	form_ii	neih	unknown_or_needs_review	40	02023004	Exodus 23:4	1	langneih	langneih	lang-neih	appear-have	lang	N	“Na [langneih] mite bawngtal ahi	If thou meet thine enemy's ox or his ass going astray, thou shalt surely bring it back to him again.	needs_analyzer_review	retained as the clearest available review-bucket example for this pair and stem side; analyzer segmentation and POS are explicit enough for write-up use	No conservative local environment rule fired for this token. Review-bucket rows never count as print-ready evidence. Review bucket only; not a clean syntactic construction. Needs review before print use.
ngai-ngaih	ngai	ngaih	think	+h	form_i	ngai	finite_main_or_matrix	242	24010022	Jeremiah 10:22	0	Ngai	ngai	Ngai	listen.I	ngai	V	[Ngai] dih un thu	Behold, the noise of the bruit is come, and a great commotion out of the north country, to make the cities of Judah desolate, and a den of dragons.	dossier_only	kept as the clearest analyzed example for this pair, stem side, and environment; analyzer segmentation and POS are explicit enough for write-up use	No stronger local cue was found, so the token is kept in a conservative finite or matrix bucket. Row status is capped by the pair-level publication status. Needs review before print use.
ngai-ngaih	ngai	ngaih	think	+h	form_i	ngai	imperative_or_directive	153	01004023	Genesis 4:23	11	ngai	ngai	ngai	listen.I	ngai	V	aw ka aw [ngai] un Lamek zite	And Lamech said unto his wives, Adah and Zillah, Hear my voice; Ye wives of Lamech, hearken unto my speech: For I have slain a man to my wounding, And a young man to my hurt.	dossier_only	preferred because this verse is already cited in the dossier or packet; kept as the clearest analyzed example for this pair, stem side, and environment; analyzer segmentation and POS are explicit enough for write-up use	A following imperative-like particle may indicate directive force. Row status is capped by the pair-level publication status. Needs review before print use.
ngai-ngaih	ngai	ngaih	think	+h	form_i	ngai	negative_clause	111	01004023	Genesis 4:23	18	ngai	ngai	ngai	listen.I	ngai	V	aw ka thugen [ngai] un Kei hong	And Lamech said unto his wives, Adah and Zillah, Hear my voice; Ye wives of Lamech, hearken unto my speech: For I have slain a man to my wounding, And a young man to my hurt.	dossier_only	preferred because this verse is already cited in the dossier or packet; kept as the clearest analyzed example for this pair, stem side, and environment; analyzer segmentation and POS are explicit enough for write-up use	Nearby negative material marks a negative or irrealis-heavy clause. Row status is capped by the pair-level publication status. Needs review before print use.
ngai-ngaih	ngai	ngaih	think	+h	form_i	ngai	purpose_nadingin	14	01024063	Genesis 24:63	3	lungngaingai	lungngaingai	lung-ngai-ngai	heart-think~think	lung	N	Isaac thu a [lungngaingai] dingin nitakin gamlakah	And Isaac went out to meditate in the field at the eventide: and he lifted up his eyes, and saw, and, behold, the camels were coming.	dossier_only	kept as the clearest analyzed example for this pair, stem side, and environment; analyzer segmentation and POS are explicit enough for write-up use	Local `ding` or `nadingin` material suggests a purpose or irrealis-heavy environment. Row status is capped by the pair-level publication status. Needs review before print use.
ngai-ngaih	ngai	ngaih	think	+h	form_i	ngai	quotative_or_say_complement	5	09025024	1 Samuel 25:24	25	ngai	ngai	ngai	listen.I	ngai	V	nasemnu thugente hong [ngai] in ci-in kong	and fell at his feet, and said, Upon me, my lord, upon me let this iniquity be: and let thine handmaid, I pray thee, speak in thine audience, and hear the words of thine handmaid.	dossier_only	kept as the clearest analyzed example for this pair, stem side, and environment; analyzer segmentation and POS are explicit enough for write-up use	Nearby quotative material suggests embedded or reported-speech structure. Row status is capped by the pair-level publication status. Needs review before print use.
ngai-ngaih	ngai	ngaih	think	+h	form_i	ngai	unknown_or_needs_review	7	19107043	Psalms 107:43	12	lungngaingai	lungngaingai	lung-ngai-ngai	heart-think~think	lung	N	Topa itna kip [lungngaingai] tahen	Whoso is wise, and will observe these things , Even they shall understand the lovingkindness of the LORD .	needs_analyzer_review	retained as the clearest available review-bucket example for this pair and stem side; analyzer segmentation and POS are explicit enough for write-up use	No conservative local environment rule fired for this token. Review-bucket rows never count as print-ready evidence. Review bucket only; not a clean syntactic construction. Needs review before print use.
ngai-ngaih	ngai	ngaih	think	+h	form_ii	ngaih	compound_or_lexicalized	378	01006005	Genesis 6:5	9	ngaihsutna	ngaihsutna	ngaih-sut-na	think-NMLZ	ngai	N	le mihing lungsim [ngaihsutna] peuhmah a sia	And GOD saw that the wickedness of man was great in the earth, and that every imagination of the thoughts of his heart was only evil continually.	exclude_for_now	preferred because this verse already appears in the curated candidate TSV; kept as the clearest analyzed example for this pair, stem side, and environment; analyzer segmentation and POS are explicit enough for write-up use	pair inferred from known noisy or derived family. The dossier treats the `ngaihsun/ngaihsut` family as lexical-family contamination rather than clean `ngaih` evidence. Derived or lexicalized environments stay excluded at the row level even when the pair is retained for review.
ngai-ngaih	ngai	ngaih	think	+h	form_ii	ngaih	dependent_temporal_ciangin	1	19039003	Psalms 39:3	7	lungngaih	lungngaih	lung-ngaih	heart-wait	lung	N	so a ka [lungngaih] ciangin ka lung	My heart was hot within me, while I was musing the fire burned: Then spake I with my tongue.	dossier_only	kept as the clearest analyzed example for this pair, stem side, and environment; analyzer segmentation and POS are explicit enough for write-up use	Immediate following `ciangin` provides a conservative dependent-temporal cue. Row status is capped by the pair-level publication status. Needs review before print use.
ngai-ngaih	ngai	ngaih	think	+h	form_ii	ngaih	finite_main_or_matrix	95	22001001	Song of Solomon 1:1	2	ngaih	ngaih	ngaih	love	ngai	V	Solomon la [ngaih] pente	The song of songs, which is Solomon's.	dossier_only	kept as the clearest analyzed example for this pair, stem side, and environment; analyzer segmentation and POS are explicit enough for write-up use	No stronger local cue was found, so the token is kept in a conservative finite or matrix bucket. Row status is capped by the pair-level publication status. Needs review before print use.
ngai-ngaih	ngai	ngaih	think	+h	form_ii	ngaih	imperative_or_directive	6	22002010	Song of Solomon 2:10	1	ngaihno	ngaihno	ngaih-no	love-INT	ngai	V	Ka [ngaihno] in ka kiangah	My beloved spake, and said unto me, Rise up, my love, my fair one, And come away.	dossier_only	kept as the clearest analyzed example for this pair, stem side, and environment; analyzer segmentation and POS are explicit enough for write-up use	A following imperative-like particle may indicate directive force. Row status is capped by the pair-level publication status. Needs review before print use.
ngai-ngaih	ngai	ngaih	think	+h	form_ii	ngaih	negative_clause	18	03026021	Leviticus 26:21	8	ngaih	ngaih	ngaih	love	ngai	V	keima thu na [ngaih] kei lai uhleh	And if ye walk contrary unto me, and will not hearken unto me; I will bring seven times more plagues upon you according to your sins.	dossier_only	preferred because this verse is already cited in the dossier or packet; kept as the clearest analyzed example for this pair, stem side, and environment; analyzer segmentation and POS are explicit enough for write-up use	Nearby negative material marks a negative or irrealis-heavy clause. Row status is capped by the pair-level publication status. Needs review before print use.
ngai-ngaih	ngai	ngaih	think	+h	form_ii	ngaih	nominalized_na	10	20030019	Proverbs 30:19	23	kingaihna	kingaihna	ki-ngaih-na	REFL-desire-NMLZ	ngai	V	nungak tangval a [kingaihna] zia	The way of an eagle in the air; The way of a serpent upon a rock; The way of a ship in the midst of the sea; And the way of a man with a maid.	dossier_only	kept as the clearest analyzed example for this pair, stem side, and environment; analyzer segmentation and POS are explicit enough for write-up use	Suffixal `-na` in the analyzer segmentation supports a nominalized environment. Row status is capped by the pair-level publication status. Needs review before print use.
ngai-ngaih	ngai	ngaih	think	+h	form_ii	ngaih	purpose_nadingin	5	07009007	Judges 9:7	27	ngaih	ngaih	ngaih	love	ngai	V	note thu hong [ngaih] theih nadingin ka	And when they told it to Jotham, he went and stood in the top of mount Gerizim, and lifted up his voice, and cried, and said unto them, Hearken unto me, ye men of Shechem, that God may hearken unto you.	dossier_only	kept as the clearest analyzed example for this pair, stem side, and environment; analyzer segmentation and POS are explicit enough for write-up use	Local `ding` or `nadingin` material suggests a purpose or irrealis-heavy environment. Row status is capped by the pair-level publication status. Needs review before print use.
ngai-ngaih	ngai	ngaih	think	+h	form_ii	ngaih	quotative_or_say_complement	3	46008002	1 Corinthians 8:2	7	kingaihsut	kingaihsut	ki-ngaih-sut	REFL-think	ngai	V	a thei-in a [kingaihsut] leh a taktakin	And if any man think that he knoweth any thing, he knoweth nothing yet as he ought to know.	dossier_only	kept as the clearest analyzed example for this pair, stem side, and environment; analyzer segmentation and POS are explicit enough for write-up use	Nearby quotative material suggests embedded or reported-speech structure. Row status is capped by the pair-level publication status. Needs review before print use.
ngai-ngaih	ngai	ngaih	think	+h	form_ii	ngaih	unknown_or_needs_review	19	26023005	Ezekiel 23:5	24	ngaihte	ngaihte	ngaih-te	think.II-PL	ngai	N	Tua a lawm [ngaihte] pen	And Aholah played the harlot when she was mine; and she doted on her lovers, on the Assyrians her neighbours,	needs_analyzer_review	retained as the clearest available review-bucket example for this pair and stem side; analyzer segmentation and POS are explicit enough for write-up use	No conservative local environment rule fired for this token. Review-bucket rows never count as print-ready evidence. Review bucket only; not a clean syntactic construction. Needs review before print use.
no-noh	no	noh	young	+h	form_i	no	causative_or_derivational_sak	4	19068009	Psalms 68:9	13	nosuaksakkik	nosuaksakkik	no-suak-sakkik	obey-become-CAUS.ITER	no	V	tampi zusakin na [nosuaksakkik] hi	Thou, O God, didst send a plentiful rain, whereby thou didst confirm thine inheritance, When it was weary.	exclude_for_now	kept as the clearest analyzed example for this pair, stem side, and environment; analyzer segmentation and POS are explicit enough for write-up use	Causative or derivational `sak` blocks promotion as simple stem-alternation evidence. Derived or lexicalized environments stay excluded at the row level even when the pair is retained for review.
no-noh	no	noh	young	+h	form_i	no	clause_linking_kipan	2	12017009	2 Kings 17:9	23	bukno	bukno	buk-no	ambush-DIM	buk	N	a dingin galvilna [bukno] a kipan kulh	And the children of Israel did secretly those things that were not right against the LORD their God, and they built them high places in all their cities, from the tower of the watchmen to the fenced city.	needs_analyzer_review	kept as the clearest analyzed example for this pair, stem side, and environment; analyzer segmentation and POS are explicit enough for write-up use	Local `a kipan` sequence marks a clause-linking or source/beginning environment. Row status is capped by the pair-level publication status. Needs review before print use.
no-noh	no	noh	young	+h	form_i	no	dependent_temporal_ciangin	2	40024032	Matthew 24:32	15	no	no	no	young	no	N	a teh hong [no] ciangin khuakhal hun	Now learn a parable of the fig tree; When his branch is yet tender, and putteth forth leaves, ye know that summer is nigh:	needs_analyzer_review	kept as the clearest analyzed example for this pair, stem side, and environment; analyzer segmentation and POS are explicit enough for write-up use	Immediate following `ciangin` provides a conservative dependent-temporal cue. Row status is capped by the pair-level publication status. Needs review before print use.
no-noh	no	noh	young	+h	form_i	no	finite_main_or_matrix	20	18014009	Job 14:9	2	singkungno-in	singkungno-in	sing-kung-no-in	tree-trunk-small-ERG	sing	FUNC	guahtui ngahin [singkungno-in] hong selkik hi	Yet through the scent of water it will bud, And bring forth boughs like a plant.	needs_analyzer_review	kept as the clearest analyzed example for this pair, stem side, and environment; analyzer segmentation and POS are explicit enough for write-up use	No stronger local cue was found, so the token is kept in a conservative finite or matrix bucket. Row status is capped by the pair-level publication status. Needs review before print use.
no-noh	no	noh	young	+h	form_i	no	imperative_or_directive	10	09010014	1 Samuel 10:14	1	pano	pano	pa-no	male-young	pa	N	Saul [pano] in amah le	And Saul's uncle said unto him and to his servant, Whither went ye? And he said, To seek the asses: and when we saw that they were no where, we came to Samuel.	needs_analyzer_review	kept as the clearest analyzed example for this pair, stem side, and environment; analyzer segmentation and POS are explicit enough for write-up use	A following imperative-like particle may indicate directive force. Row status is capped by the pair-level publication status. Needs review before print use.
no-noh	no	noh	young	+h	form_i	no	negative_clause	19	21002005	Ecclesiastes 2:5	2	singno	singno	sing-no	tree-fruit	sing	N	Huan bawlin [singno] cinna lo zong	I made me gardens and orchards, and I planted trees in them of all kind of fruits:	needs_analyzer_review	kept as the clearest analyzed example for this pair, stem side, and environment; analyzer segmentation and POS are explicit enough for write-up use	Nearby negative material marks a negative or irrealis-heavy clause. Row status is capped by the pair-level publication status. Needs review before print use.
no-noh	no	noh	young	+h	form_i	no	nominalized_na	129	23063014	Isaiah 63:14	0	Lonona	lonona	lo-no-na	NEG-obey-NMLZ	lo	N	[Lonona] kuamsung a zuansuk	As a beast goeth down into the valley, the Spirit of the LORD caused him to rest: so didst thou lead thy people, to make thyself a glorious name.	needs_analyzer_review	kept as the clearest analyzed example for this pair, stem side, and environment; analyzer segmentation and POS are explicit enough for write-up use	Suffixal `-na` in the analyzer segmentation supports a nominalized environment. Row status is capped by the pair-level publication status. Needs review before print use.
no-noh	no	noh	young	+h	form_i	no	purpose_nadingin	6	01039014	Genesis 39:14	12	no	no	no	young	no	N	in eite hong [no] dingin Hebru mi	that she called unto the men of her house, and spake unto them, saying, See, he hath brought in an Hebrew unto us to mock us; he came in unto me to lie with me, and I cried with a loud voice:	needs_analyzer_review	kept as the clearest analyzed example for this pair, stem side, and environment; analyzer segmentation and POS are explicit enough for write-up use	Local `ding` or `nadingin` material suggests a purpose or irrealis-heavy environment. Row status is capped by the pair-level publication status. Needs review before print use.
no-noh	no	noh	young	+h	form_i	no	quotative_or_say_complement	7	03025016	Leviticus 25:16	30	no	no	no	young	no	N	hiam cih leh [no] tungah hong zuak	according to the multitude of years thou shalt increase the price thereof, and according to the fewness of years thou shalt diminish the price of it: for according to the number of the years of the fruits doth he sell unto thee.	needs_analyzer_review	kept as the clearest analyzed example for this pair, stem side, and environment; analyzer segmentation and POS are explicit enough for write-up use	Nearby quotative material suggests embedded or reported-speech structure. Row status is capped by the pair-level publication status. Needs review before print use.
no-noh	no	noh	young	+h	form_i	no	relative_or_attributive_mi	1	21004015	Ecclesiastes 4:15	17	khangno	khangno	khang-no	generation-young	khang	N	a luah ding [khangno] mi khat a	I considered all the living which walk under the sun, with the second child that shall stand up in his stead.	needs_analyzer_review	kept as the clearest analyzed example for this pair, stem side, and environment; analyzer segmentation and POS are explicit enough for write-up use	A following `mi` suggests a relative-like or attributive nominal environment. Row status is capped by the pair-level publication status. Needs review before print use.
no-noh	no	noh	young	+h	form_i	no	unknown_or_needs_review	555	03023042	Leviticus 23:42	0	No	no	No	NO	No	PROP	[No] Israel mi khempeuh	Ye shall dwell in booths seven days; all that are Israelites born shall dwell in booths:	needs_analyzer_review	retained as the clearest available review-bucket example for this pair and stem side; analyzer segmentation and POS are explicit enough for write-up use	No conservative local environment rule fired for this token. Review-bucket rows never count as print-ready evidence. Review bucket only; not a clean syntactic construction. Needs review before print use.
no-noh	no	noh	young	+h	form_ii	noh	finite_main_or_matrix	1	07020043	Judges 20:43	2	Nohah	nohah	noh-ah	young.II-LOC	no	FUNC	Amaute in [Nohah] panin nisuahna lamah	Thus they inclosed the Benjamites round about, and chased them, and trode them down with ease over against Gibeah toward the sunrising.	needs_analyzer_review	kept as the clearest analyzed example for this pair, stem side, and environment; analyzer segmentation and POS are explicit enough for write-up use	No stronger local cue was found, so the token is kept in a conservative finite or matrix bucket. Row status is capped by the pair-level publication status. Needs review before print use.
no-noh	no	noh	young	+h	form_ii	noh	unknown_or_needs_review	1	01026008	Genesis 26:8	23	noh	noh	noh	young	no	N	zi Rebekah a [noh] laitak mu kha	And it came to pass, when he had been there a long time, that Abimelech king of the Philistines looked out at a window, and saw, and, behold, Isaac was sporting with Rebekah his wife.	needs_analyzer_review	retained as the clearest available review-bucket example for this pair and stem side; analyzer segmentation and POS are explicit enough for write-up use	No conservative local environment rule fired for this token. Review-bucket rows never count as print-ready evidence. Review bucket only; not a clean syntactic construction. Needs review before print use.
nusia-nusiat	nusia	nusiat	abandon	+t	form_i	nusia	causative_or_derivational_sak	1	36003006	Zephaniah 3:6	25	kinusiacipsak	kinusiacipsak	ki-nusia-cip-sak	REFL-forsake-pinch-CAUS	nusia	V	lampite uh ka [kinusiacipsak] a tua lampi	I have cut off the nations: their towers are desolate; I made their streets waste, that none passeth by: their cities are destroyed, so that there is no man, that there is none inhabitant.	exclude_for_now	kept as the clearest analyzed example for this pair, stem side, and environment; analyzer segmentation and POS are explicit enough for write-up use	Causative or derivational `sak` blocks promotion as simple stem-alternation evidence. Derived or lexicalized environments stay excluded at the row level even when the pair is retained for review.
nusia-nusiat	nusia	nusiat	abandon	+t	form_i	nusia	finite_main_or_matrix	252	01002024	Genesis 2:24	10	nusia-in	nusia-in	nusia-in	abandon-ERG	nusia	FUNC	le a pa [nusia-in] a zi tawh	Therefore shall a man leave his father and his mother, and shall cleave unto his wife: and they shall be one flesh.	print_usable_with_caveat	preferred because this verse is already cited in the dossier or packet; kept as the clearest analyzed example for this pair, stem side, and environment; analyzer segmentation and POS are explicit enough for write-up use	No stronger local cue was found, so the token is kept in a conservative finite or matrix bucket. Packet- or dossier-cited rows can support review use, but remain caveated unless they are accepted candidate rows. Candidate for print.
nusia-nusiat	nusia	nusiat	abandon	+t	form_i	nusia	imperative_or_directive	8	26014006	Ezekiel 14:6	23	nusia	nusia	nusia	forsake	nusia	V	na milimte uh [nusia] un	Therefore say unto the house of Israel, Thus saith the Lord GOD ; Repent, and turn yourselves from your idols; and turn away your faces from all your abominations.	needs_analyzer_review	kept as the clearest analyzed example for this pair, stem side, and environment; analyzer segmentation and POS are explicit enough for write-up use	A following imperative-like particle may indicate directive force. Row is useful for matrix review, but it is not strong enough to inherit the pair's print-facing status. Needs review before print use.
nusia-nusiat	nusia	nusiat	abandon	+t	form_i	nusia	negative_clause	87	20004006	Proverbs 4:6	1	nusia	nusia	nusia	forsake	nusia	V	Pilna [nusia] kei in tua	Forsake her not, and she shall preserve thee: Love her, and she shall keep thee.	needs_analyzer_review	kept as the clearest analyzed example for this pair, stem side, and environment; analyzer segmentation and POS are explicit enough for write-up use	Nearby negative material marks a negative or irrealis-heavy clause. Row is useful for matrix review, but it is not strong enough to inherit the pair's print-facing status. Needs review before print use.
nusia-nusiat	nusia	nusiat	abandon	+t	form_i	nusia	possessed_or_genitive_attributive	1	23032014	Isaiah 32:14	2	kinusia-in	kinusia-in	ki-nusia-in	REFL-abandon-ERG	nusia	FUNC	Kumpi innte [kinusia-in] mi tampi a	because the palaces shall be forsaken; the multitude of the city shall be left; the forts and towers shall be for dens for ever, a joy of wild asses, a pasture of flocks;	needs_analyzer_review	kept as the clearest analyzed example for this pair, stem side, and environment; analyzer segmentation and POS are explicit enough for write-up use	A following `mi` plus a preceding possessor-like token suggests an attributive or possessed nominal environment. Row is useful for matrix review, but it is not strong enough to inherit the pair's print-facing status. Needs review before print use.
nusia-nusiat	nusia	nusiat	abandon	+t	form_i	nusia	purpose_nadingin	1	09010009	1 Samuel 10:9	1	nusia	nusia	nusia	forsake	nusia	V	Samuel [nusia] dingin a nunghei	And it was so , that when he had turned his back to go from Samuel, God gave him another heart: and all those signs came to pass that day.	needs_analyzer_review	kept as the clearest analyzed example for this pair, stem side, and environment; analyzer segmentation and POS are explicit enough for write-up use	Local `ding` or `nadingin` material suggests a purpose or irrealis-heavy environment. Row is useful for matrix review, but it is not strong enough to inherit the pair's print-facing status. Needs review before print use.
nusia-nusiat	nusia	nusiat	abandon	+t	form_i	nusia	quotative_or_say_complement	3	01044022	Genesis 44:22	22	nusia	nusia	nusia	forsake	nusia	V	leh a pa [nusia] leh a pa	And we said unto my lord, The lad cannot leave his father: for if he should leave his father, his father would die.	needs_analyzer_review	kept as the clearest analyzed example for this pair, stem side, and environment; analyzer segmentation and POS are explicit enough for write-up use	Nearby quotative material suggests embedded or reported-speech structure. Row is useful for matrix review, but it is not strong enough to inherit the pair's print-facing status. Needs review before print use.
nusia-nusiat	nusia	nusiat	abandon	+t	form_i	nusia	relative_or_attributive_mi	1	24041010	Jeremiah 41:10	20	kinusia	kinusia	ki-nusia	REFL-abandon	nusia	V	Mizpah khua-a a [kinusia] mi khempeuh a	Then Ishmael carried away captive all the residue of the people that were in Mizpah, even the king's daughters, and all the people that remained in Mizpah, whom Nebuzar-adan the captain of the guard had committed to Gedaliah the son of Ahikam: and Ishmael the son of Nethaniah carried them away captive, and departed to go over to the Ammonites.	needs_analyzer_review	kept as the clearest analyzed example for this pair, stem side, and environment; analyzer segmentation and POS are explicit enough for write-up use	A following `mi` suggests a relative-like or attributive nominal environment. Row is useful for matrix review, but it is not strong enough to inherit the pair's print-facing status. Needs review before print use.
nusia-nusiat	nusia	nusiat	abandon	+t	form_i	nusia	unknown_or_needs_review	16	09014032	1 Samuel 14:32	1	kinusiate	kinusiate	ki-nusia-te	REFL-abandon-PL	nusia	N	Van [kinusiate] tungah mite va	And the people flew upon the spoil, and took sheep, and oxen, and calves, and slew them on the ground: and the people did eat them with the blood.	needs_analyzer_review	retained as the clearest available review-bucket example for this pair and stem side; analyzer segmentation and POS are explicit enough for write-up use	No conservative local environment rule fired for this token. Review-bucket rows never count as print-ready evidence. Review bucket only; not a clean syntactic construction. Needs review before print use.
nusia-nusiat	nusia	nusiat	abandon	+t	form_ii	nusiat	clause_linking_kipan	1	05002014	Deuteronomy 2:14	22	nusiat	nusiat	nusiat	abandon	nusia	N	ahi Kadeshbarnea i [nusiat] a kipan Zered	And the space in which we came from Kadesh-barnea, until we were come over the brook Zered, was thirty and eight years; until all the generation of the men of war were wasted out from among the host, as the LORD sware unto them.	print_usable_with_caveat	preferred because this verse already appears in the curated candidate TSV; kept as the clearest analyzed example for this pair, stem side, and environment; analyzer segmentation and POS are explicit enough for write-up use	Local `a kipan` sequence marks a clause-linking or source/beginning environment. Accepted candidate TSV evidence can inherit the pair's editorial status. Candidate for print.
nusia-nusiat	nusia	nusiat	abandon	+t	form_ii	nusiat	dependent_temporal_ni_in	1	10019019	2 Samuel 19:19	8	nusiat	nusiat	nusiat	abandon	nusia	N	in Jerusalem na [nusiat] ni-in na nasempa	and said unto the king, Let not my lord impute iniquity unto me, neither do thou remember that which thy servant did perversely the day that my lord the king went out of Jerusalem, that the king should take it to his heart.	needs_analyzer_review	kept as the clearest analyzed example for this pair, stem side, and environment; analyzer segmentation and POS are explicit enough for write-up use	Immediate following `ni-in` provides a conservative dependent-temporal cue. Row is useful for matrix review, but it is not strong enough to inherit the pair's print-facing status. Needs review before print use.
nusia-nusiat	nusia	nusiat	abandon	+t	form_ii	nusiat	finite_main_or_matrix	15	05028020	Deuteronomy 28:20	4	nusiat	nusiat	nusiat	abandon	nusia	N	in Topa na [nusiat] uh a na	The LORD shall send upon thee cursing, vexation, and rebuke, in all that thou settest thine hand unto for to do, until thou be destroyed, and until thou perish quickly; because of the wickedness of thy doings, whereby thou hast forsaken me.	print_usable_with_caveat	preferred because this verse is already cited in the dossier or packet; kept as the clearest analyzed example for this pair, stem side, and environment; analyzer segmentation and POS are explicit enough for write-up use	No stronger local cue was found, so the token is kept in a conservative finite or matrix bucket. Packet- or dossier-cited rows can support review use, but remain caveated unless they are accepted candidate rows. Candidate for print.
nusia-nusiat	nusia	nusiat	abandon	+t	form_ii	nusiat	negative_clause	6	24050026	Jeremiah 50:26	22	nusiat	nusiat	nusiat	abandon	nusia	N	susia unla bangmah [nusiat] kei un	Come against her from the utmost border, open her storehouses: cast her up as heaps, and destroy her utterly: let nothing of her be left.	needs_analyzer_review	kept as the clearest analyzed example for this pair, stem side, and environment; analyzer segmentation and POS are explicit enough for write-up use	Nearby negative material marks a negative or irrealis-heavy clause. Row is useful for matrix review, but it is not strong enough to inherit the pair's print-facing status. Needs review before print use.
nusia-nusiat	nusia	nusiat	abandon	+t	form_ii	nusiat	purpose_nadingin	2	04010002	Numbers 10:2	18	nusiat	nusiat	nusiat	abandon	nusia	N	nading le giahphual [nusiat] nadingin na zang	Make thee two trumpets of silver; of a whole piece shalt thou make them: that thou mayest use them for the calling of the assembly, and for the journeying of the camps.	needs_analyzer_review	kept as the clearest analyzed example for this pair, stem side, and environment; analyzer segmentation and POS are explicit enough for write-up use	Local `ding` or `nadingin` material suggests a purpose or irrealis-heavy environment. Row is useful for matrix review, but it is not strong enough to inherit the pair's print-facing status. Needs review before print use.
nusia-nusiat	nusia	nusiat	abandon	+t	form_ii	nusiat	quotative_or_say_complement	3	08001017	Ruth 1:17	13	nusiat	nusiat	nusiat	abandon	nusia	N	thudang hangin kong [nusiat] taak leh Topa	where thou diest, will I die, and there will I be buried: the LORD do so to me, and more also, if ought but death part thee and me.	needs_analyzer_review	kept as the clearest analyzed example for this pair, stem side, and environment; analyzer segmentation and POS are explicit enough for write-up use	Nearby quotative material suggests embedded or reported-speech structure. Row is useful for matrix review, but it is not strong enough to inherit the pair's print-facing status. Needs review before print use.
nusia-nusiat	nusia	nusiat	abandon	+t	form_ii	nusiat	relative_or_attributive_mi	2	24043006	Jeremiah 43:6	21	nusiat	nusiat	nusiat	abandon	nusia	N	kep dingin a [nusiat] mi khempeuh a	even men, and women, and children, and the king's daughters, and every person that Nebuzar-adan the captain of the guard had left with Gedaliah the son of Ahikam the son of Shaphan, and Jeremiah the prophet, and Baruch the son of Neriah.	needs_analyzer_review	kept as the clearest analyzed example for this pair, stem side, and environment; analyzer segmentation and POS are explicit enough for write-up use	A following `mi` suggests a relative-like or attributive nominal environment. Row is useful for matrix review, but it is not strong enough to inherit the pair's print-facing status. Needs review before print use.
nusia-nusiat	nusia	nusiat	abandon	+t	form_ii	nusiat	unknown_or_needs_review	26	05013005	Deuteronomy 13:5	29	nusiat	nusiat	nusiat	abandon	nusia	N	hong thupiak na [nusiat] theih nading uh	And that prophet, or that dreamer of dreams, shall be put to death; because he hath spoken to turn you away from the LORD your God, which brought you out of the land of Egypt, and redeemed you out of the house of bondage, to thrust thee out of the way which the LORD thy God commanded thee to walk in. So shalt thou put the evil away from the midst of thee.	needs_analyzer_review	retained as the clearest available review-bucket example for this pair and stem side; analyzer segmentation and POS are explicit enough for write-up use	No conservative local environment rule fired for this token. Review-bucket rows never count as print-ready evidence. Review bucket only; not a clean syntactic construction. Needs review before print use.
om-omh	om	omh	exist	+h	form_i	om	causative_or_derivational_sak	152	04011024	Numbers 11:24	23	omsak	omsak	om-sak	exist-CAUS	om	V	Puanbuk kimkotah amaute [omsak] hi	And Moses went out, and told the people the words of the LORD , and gathered the seventy men of the elders of the people, and set them round about the tabernacle.	exclude_for_now	kept as the clearest analyzed example for this pair, stem side, and environment; analyzer segmentation and POS are explicit enough for write-up use	Causative or derivational `sak` blocks promotion as simple stem-alternation evidence. Derived or lexicalized environments stay excluded at the row level even when the pair is retained for review.
om-omh	om	omh	exist	+h	form_i	om	clause_linking_kipan	1	09007002	1 Samuel 7:2	4	om	om	om	exist	om	ADJ	Thuciamna Singkuang a [om] a kipan hun	And it came to pass, while the ark abode in Kirjath-jearim, that the time was long; for it was twenty years: and all the house of Israel lamented after the LORD .	needs_analyzer_review	kept as the clearest analyzed example for this pair, stem side, and environment; analyzer segmentation and POS are explicit enough for write-up use	Local `a kipan` sequence marks a clause-linking or source/beginning environment. Row status is capped by the pair-level publication status. Needs review before print use.
om-omh	om	omh	exist	+h	form_i	om	dependent_temporal_ciangin	26	03013048	Leviticus 13:48	23	om	om	om	exist	om	ADJ	peuhpeuh tungah a [om] ciangin	whether it be in the warp, or woof; of linen, or of woollen; whether in a skin, or in any thing made of skin;	needs_analyzer_review	kept as the clearest analyzed example for this pair, stem side, and environment; analyzer segmentation and POS are explicit enough for write-up use	Immediate following `ciangin` provides a conservative dependent-temporal cue. Row status is capped by the pair-level publication status. Needs review before print use.
om-omh	om	omh	exist	+h	form_i	om	finite_main_or_matrix	1613	01038001	Genesis 38:1	17	omkhawm	omkhawm	om-khawm	exist-gather	om	V	mi khat tawh [omkhawm] hi	And it came to pass at that time, that Judah went down from his brethren, and turned in to a certain Adullamite, whose name was Hirah.	needs_analyzer_review	preferred because this verse is already cited in the dossier or packet; kept as the clearest analyzed example for this pair, stem side, and environment; analyzer segmentation and POS are explicit enough for write-up use	No stronger local cue was found, so the token is kept in a conservative finite or matrix bucket. Row status is capped by the pair-level publication status. Needs review before print use.
om-omh	om	omh	exist	+h	form_i	om	imperative_or_directive	76	01027044	Genesis 27:44	13	om	om	om	exist	om	ADJ	tawlkhat sung va [om] in	and tarry with him a few days, until thy brother's fury turn away;	needs_analyzer_review	kept as the clearest analyzed example for this pair, stem side, and environment; analyzer segmentation and POS are explicit enough for write-up use	A following imperative-like particle may indicate directive force. Row status is capped by the pair-level publication status. Needs review before print use.
om-omh	om	omh	exist	+h	form_i	om	negative_clause	1021	01031005	Genesis 31:5	24	ompih	ompih	om-pih	exist-APPL	om	V	in kei hong [ompih] hi	and said unto them, I see your father's countenance, that it is not toward me as before; but the God of my father hath been with me.	needs_analyzer_review	kept as the clearest analyzed example for this pair, stem side, and environment; analyzer segmentation and POS are explicit enough for write-up use	Nearby negative material marks a negative or irrealis-heavy clause. Row status is capped by the pair-level publication status. Needs review before print use.
om-omh	om	omh	exist	+h	form_i	om	nominalized_na	451	13023029	1 Chronicles 23:29	0	Ompihna	ompihna	om-pih-na	exist-APPL-NMLZ	om	V	[Ompihna] Anlum an tawh	both for the shewbread, and for the fine flour for meat offering, and for the unleavened cakes, and for that which is baked in the pan, and for that which is fried, and for all manner of measure and size;	needs_analyzer_review	kept as the clearest analyzed example for this pair, stem side, and environment; analyzer segmentation and POS are explicit enough for write-up use	Suffixal `-na` in the analyzer segmentation supports a nominalized environment. Row status is capped by the pair-level publication status. Needs review before print use.
om-omh	om	omh	exist	+h	form_i	om	possessed_or_genitive_attributive	22	26039013	Ezekiel 39:13	2	om	om	om	exist	om	ADJ	Gam sunga [om] mi khempeuh in	Yea, all the people of the land shall bury them ; and it shall be to them a renown the day that I shall be glorified, saith the Lord GOD .	needs_analyzer_review	kept as the clearest analyzed example for this pair, stem side, and environment; analyzer segmentation and POS are explicit enough for write-up use	A following `mi` plus a preceding possessor-like token suggests an attributive or possessed nominal environment. Row status is capped by the pair-level publication status. Needs review before print use.
om-omh	om	omh	exist	+h	form_i	om	purpose_nadingin	62	01003012	Genesis 3:12	5	om	om	om	exist	om	ADJ	“Kei tawh a [om] dinga nong piak	And the man said, The woman whom thou gavest to be with me, she gave me of the tree, and I did eat.	needs_analyzer_review	preferred because this verse is already cited in the dossier or packet; kept as the clearest analyzed example for this pair, stem side, and environment; analyzer segmentation and POS are explicit enough for write-up use	Local `ding` or `nadingin` material suggests a purpose or irrealis-heavy environment. Row status is capped by the pair-level publication status. Needs review before print use.
om-omh	om	omh	exist	+h	form_i	om	quotative_or_say_complement	134	03013010	Leviticus 13:10	23	om	om	om	exist	om	ADJ	ma thak a [om] leh	and the priest shall see him: and, behold, if the rising be white in the skin, and it have turned the hair white, and there be quick raw flesh in the rising;	needs_analyzer_review	kept as the clearest analyzed example for this pair, stem side, and environment; analyzer segmentation and POS are explicit enough for write-up use	Nearby quotative material suggests embedded or reported-speech structure. Row status is capped by the pair-level publication status. Needs review before print use.
om-omh	om	omh	exist	+h	form_i	om	relative_or_attributive_mi	97	11009020	1 Kings 9:20	19	omlai	omlai	om-lai	rest-still	om	N	sung panin a [omlai] mi khempeuh	And all the people that were left of the Amorites, Hittites, Perizzites, Hivites, and Jebusites, which were not of the children of Israel,	needs_analyzer_review	kept as the clearest analyzed example for this pair, stem side, and environment; analyzer segmentation and POS are explicit enough for write-up use	A following `mi` suggests a relative-like or attributive nominal environment. Row status is capped by the pair-level publication status. Needs review before print use.
om-omh	om	omh	exist	+h	form_i	om	unknown_or_needs_review	3019	01001012	Genesis 1:12	19	om	om	om	exist	om	ADJ	sungah tang a [om] gahte piangsakin amau	And the earth brought forth grass, and herb yielding seed after his kind, and the tree yielding fruit, whose seed was in itself, after his kind: and God saw that it was good.	needs_analyzer_review	preferred because this verse is already cited in the dossier or packet; retained as the clearest available review-bucket example for this pair and stem side; analyzer segmentation and POS are explicit enough for write-up use	No conservative local environment rule fired for this token. Review-bucket rows never count as print-ready evidence. Review bucket only; not a clean syntactic construction. Needs review before print use.
pai-paih	pai	paih	go	+h	form_i	pai	causative_or_derivational_sak	214	01039023	Genesis 39:23	23	daupaisak	daupaisak	dau-pai-sak	war-pour-CAUS	dau	V	peuhmah Topa in [daupaisak] hi	The keeper of the prison looked not to any thing that was under his hand; because the LORD was with him, and that which he did, the LORD made it to prosper.	exclude_for_now	kept as the clearest analyzed example for this pair, stem side, and environment; analyzer segmentation and POS are explicit enough for write-up use	Causative or derivational `sak` blocks promotion as simple stem-alternation evidence. Derived or lexicalized environments stay excluded at the row level even when the pair is retained for review.
pai-paih	pai	paih	go	+h	form_i	pai	clause_linking_kipan	4	09008008	1 Samuel 8:8	4	paikhiatpih	paikhiatpih	pai-khiat-pih	go-emerge-APPL	pai	V	panin amaute ka [paikhiatpih] a kipan tuni	According to all the works which they have done since the day that I brought them up out of Egypt even unto this day, wherewith they have forsaken me, and served other gods, so do they also unto thee.	needs_analyzer_review	kept as the clearest analyzed example for this pair, stem side, and environment; analyzer segmentation and POS are explicit enough for write-up use	Local `a kipan` sequence marks a clause-linking or source/beginning environment. Row status is capped by the pair-level publication status. Needs review before print use.
pai-paih	pai	paih	go	+h	form_i	pai	dependent_temporal_ciangin	129	18029007	Job 29:7	11	pai	pai	pai	go	pai	V	dingin kei ka [pai] ciangin	When I went out to the gate through the city, When I prepared my seat in the street!	needs_analyzer_review	kept as the clearest analyzed example for this pair, stem side, and environment; analyzer segmentation and POS are explicit enough for write-up use	Immediate following `ciangin` provides a conservative dependent-temporal cue. Row status is capped by the pair-level publication status. Needs review before print use.
pai-paih	pai	paih	go	+h	form_i	pai	dependent_temporal_ni_in	2	11002042	1 Kings 2:42	24	paikhiat	paikhiat	pai-khiat	go.out	pai	V	khat peuhpeuhah na [paikhiat] ni-in na sih	And the king sent and called for Shimei, and said unto him, Did I not make thee to swear by the LORD , and protested unto thee, saying, Know for a certain, on the day thou goest out, and walkest abroad any whither, that thou shalt surely die? and thou saidst unto me, The word that I have heard is good.	needs_analyzer_review	kept as the clearest analyzed example for this pair, stem side, and environment; analyzer segmentation and POS are explicit enough for write-up use	Immediate following `ni-in` provides a conservative dependent-temporal cue. Row status is capped by the pair-level publication status. Needs review before print use.
pai-paih	pai	paih	go	+h	form_i	pai	finite_main_or_matrix	4279	05002001	Deuteronomy 2:1	28	pai	pai	pai	go	pai	V	tung gamah i [pai] kawikawi hi	Then we turned, and took our journey into the wilderness by the way of the Red sea, as the LORD spake unto me: and we compassed mount Seir many days.	needs_analyzer_review	preferred because this verse is already cited in the dossier or packet; kept as the clearest analyzed example for this pair, stem side, and environment; analyzer segmentation and POS are explicit enough for write-up use	No stronger local cue was found, so the token is kept in a conservative finite or matrix bucket. Row status is capped by the pair-level publication status. Needs review before print use.
pai-paih	pai	paih	go	+h	form_i	pai	imperative_or_directive	332	01011003	Genesis 11:3	4	pai	pai	pai	go	pai	V	khatlekhat kiangah “Hong [pai] un leiseek seekin	And they said one to another, Go to, let us make brick, and burn them throughly. And they had brick for stone, and slime had they for morter.	needs_analyzer_review	preferred because this verse is already cited in the dossier or packet; kept as the clearest analyzed example for this pair, stem side, and environment; analyzer segmentation and POS are explicit enough for write-up use	A following imperative-like particle may indicate directive force. Row status is capped by the pair-level publication status. Needs review before print use.
pai-paih	pai	paih	go	+h	form_i	pai	negative_clause	319	09019003	1 Samuel 19:3	1	paikhia-in	paikhia-in	pai-khia-in	go-exit-ERG	pai	FUNC	Kei [paikhia-in] nangma bukna phual	and I will go out and stand beside my father in the field where thou art , and I will commune with my father of thee; and what I see, that I will tell thee.	needs_analyzer_review	kept as the clearest analyzed example for this pair, stem side, and environment; analyzer segmentation and POS are explicit enough for write-up use	Nearby negative material marks a negative or irrealis-heavy clause. Row status is capped by the pair-level publication status. Needs review before print use.
pai-paih	pai	paih	go	+h	form_i	pai	nominalized_na	175	01003008	Genesis 3:8	9	paina	paina	pai-na	go-NMLZ	pai	V	Pasian a hong [paina] ging amaute in	And they heard the voice of the LORD God walking in the garden in the cool of the day: and Adam and his wife hid themselves from the presence of the LORD God amongst the trees of the garden.	needs_analyzer_review	preferred because this verse is already cited in the dossier or packet; kept as the clearest analyzed example for this pair, stem side, and environment; analyzer segmentation and POS are explicit enough for write-up use	Suffixal `-na` in the analyzer segmentation supports a nominalized environment. Row status is capped by the pair-level publication status. Needs review before print use.
pai-paih	pai	paih	go	+h	form_i	pai	possessed_or_genitive_attributive	1	42006019	Luke 6:19	4	paikhia-in	paikhia-in	pai-khia-in	go-exit-ERG	pai	FUNC	tung panin vangliatna [paikhia-in] mi khempeuh damsak	And the whole multitude sought to touch him: for there went virtue out of him, and healed them all.	needs_analyzer_review	kept as the clearest analyzed example for this pair, stem side, and environment; analyzer segmentation and POS are explicit enough for write-up use	A following `mi` plus a preceding possessor-like token suggests an attributive or possessed nominal environment. Row status is capped by the pair-level publication status. Needs review before print use.
pai-paih	pai	paih	go	+h	form_i	pai	purpose_nadingin	103	07019007	Judges 19:7	1	pai	pai	pai	go	pai	V	A [pai] dingin mipa a	And when the man rose up to depart, his father in law urged him: therefore he lodged there again.	needs_analyzer_review	kept as the clearest analyzed example for this pair, stem side, and environment; analyzer segmentation and POS are explicit enough for write-up use	Local `ding` or `nadingin` material suggests a purpose or irrealis-heavy environment. Row status is capped by the pair-level publication status. Needs review before print use.
pai-paih	pai	paih	go	+h	form_i	pai	quotative_or_say_complement	95	59002002	James 2:2	20	paikhawm	paikhawm	pai-khawm	go-together	pai	V	note kikhopna-ah hong [paikhawm] leh	For if there come unto your assembly a man with a gold ring, in goodly apparel, and there come in also a poor man in vile raiment;	needs_analyzer_review	kept as the clearest analyzed example for this pair, stem side, and environment; analyzer segmentation and POS are explicit enough for write-up use	Nearby quotative material suggests embedded or reported-speech structure. Row status is capped by the pair-level publication status. Needs review before print use.
pai-paih	pai	paih	go	+h	form_i	pai	relative_or_attributive_mi	24	01034024	Genesis 34:24	3	pai	pai	pai	go	pai	V	Khuapi kulhkongpi-ah a [pai] mi khempeuh in	And unto Hamor and unto Shechem his son hearkened all that went out of the gate of his city; and every male was circumcised, all that went out of the gate of his city.	needs_analyzer_review	kept as the clearest analyzed example for this pair, stem side, and environment; analyzer segmentation and POS are explicit enough for write-up use	A following `mi` suggests a relative-like or attributive nominal environment. Row status is capped by the pair-level publication status. Needs review before print use.
pai-paih	pai	paih	go	+h	form_i	pai	unknown_or_needs_review	59	02006011	Exodus 6:11	0	“Pai-in	“pai-in	Pai-in	PAI-IN	“Pai-In	PROP	[“Pai-in] va tum inla	Go in, speak unto Pharaoh king of Egypt, that he let the children of Israel go out of his land.	needs_analyzer_review	retained as the clearest available review-bucket example for this pair and stem side; analyzer segmentation and POS are explicit enough for write-up use	No conservative local environment rule fired for this token. Review-bucket rows never count as print-ready evidence. Review bucket only; not a clean syntactic construction. Needs review before print use.
pai-paih	pai	paih	go	+h	form_ii	paih	causative_or_derivational_sak	13	18012020	Job 12:20	13	paihkhiatsak	paihkhiatsak	paih-khiat-sak	go-depart-APPL	pai	V	khanghamte pilna a [paihkhiatsak] hi	He removeth away the speech of the trusty, And taketh away the understanding of the aged.	exclude_for_now	kept as the clearest analyzed example for this pair, stem side, and environment; analyzer segmentation and POS are explicit enough for write-up use	Causative or derivational `sak` blocks promotion as simple stem-alternation evidence. Derived or lexicalized environments stay excluded at the row level even when the pair is retained for review.
pai-paih	pai	paih	go	+h	form_ii	paih	finite_main_or_matrix	22	25003035	Lamentations 3:35	8	paihkhiat	paihkhiat	paih-khiat	go-depart	pai	V	i hamphatnate hong [paihkhiat] sakin	To turn aside the right of a man Before the face of the Most High,	needs_analyzer_review	kept as the clearest analyzed example for this pair, stem side, and environment; analyzer segmentation and POS are explicit enough for write-up use	No stronger local cue was found, so the token is kept in a conservative finite or matrix bucket. Row status is capped by the pair-level publication status. Needs review before print use.
pai-paih	pai	paih	go	+h	form_ii	paih	negative_clause	1	19140004	Psalms 140:4	10	sukpaih	sukpaih	suk-paih	cause.become-pour	suk	V	cing inla kei [sukpaih] ding a hong	Keep me, O LORD , from the hands of the wicked; Preserve me from the violent man; Who have purposed to overthrow my goings.	needs_analyzer_review	kept as the clearest analyzed example for this pair, stem side, and environment; analyzer segmentation and POS are explicit enough for write-up use	Nearby negative material marks a negative or irrealis-heavy clause. Row status is capped by the pair-level publication status. Needs review before print use.
pai-paih	pai	paih	go	+h	form_ii	paih	nominalized_na	19	49004031	Ephesians 4:31	2	thangpaihna	thangpaihna	thang-paih-na	rise-pour-NMLZ	thang	V	Kimuhdahna hehna [thangpaihna] kitotna kikona kilungsim	Let all bitterness, and wrath, and anger, and clamour, and evil speaking, be put away from you, with all malice:	needs_analyzer_review	kept as the clearest analyzed example for this pair, stem side, and environment; analyzer segmentation and POS are explicit enough for write-up use	Suffixal `-na` in the analyzer segmentation supports a nominalized environment. Row status is capped by the pair-level publication status. Needs review before print use.
pai-paih	pai	paih	go	+h	form_ii	paih	possessed_or_genitive_attributive	1	24030017	Jeremiah 30:17	13	pampaih	pampaih	pam-paih	restore-heal	pam	N	galte un note [pampaih] mi pawl hong	For I will restore health unto thee, and I will heal thee of thy wounds, saith the LORD ; because they called thee an Outcast, saying , This is Zion, whom no man seeketh after.	needs_analyzer_review	kept as the clearest analyzed example for this pair, stem side, and environment; analyzer segmentation and POS are explicit enough for write-up use	A following `mi` plus a preceding possessor-like token suggests an attributive or possessed nominal environment. Row status is capped by the pair-level publication status. Needs review before print use.
pai-paih	pai	paih	go	+h	form_ii	paih	purpose_nadingin	1	30009009	Amos 9:9	29	kipaihkhiat	kipaihkhiat	ki-paih-khiat	REFL-pour-away	pai	V	lo teng a [kipaihkhiat] theih nadingin minam	For, lo, I will command, and I will sift the house of Israel among all nations, like as corn is sifted in a sieve, yet shall not the least grain fall upon the earth.	needs_analyzer_review	kept as the clearest analyzed example for this pair, stem side, and environment; analyzer segmentation and POS are explicit enough for write-up use	Local `ding` or `nadingin` material suggests a purpose or irrealis-heavy environment. Row status is capped by the pair-level publication status. Needs review before print use.
pai-paih	pai	paih	go	+h	form_ii	paih	unknown_or_needs_review	6	41011015	Mark 11:15	28	sawnpaih	sawnpaih	sawn-paih	table-push	sawn	N	vakhu zuakte tutphahte [sawnpaih] sak hi	And they come to Jerusalem: and Jesus went into the temple, and began to cast out them that sold and bought in the temple, and overthrew the tables of the moneychangers, and the seats of them that sold doves;	needs_analyzer_review	retained as the clearest available review-bucket example for this pair and stem side; analyzer segmentation and POS are explicit enough for write-up use	No conservative local environment rule fired for this token. Review-bucket rows never count as print-ready evidence. Review bucket only; not a clean syntactic construction. Needs review before print use.
pia-piak	pia	piak	give	+k	form_i	pia	causative_or_derivational_sak	8	14036003	2 Chronicles 36:3	19	kipiasak	kipiasak	ki-pia-sak	be.given-CAUS	pia	V	khat tua gam [kipiasak] hi	And the king of Egypt put him down at Jerusalem, and condemned the land in an hundred talents of silver and a talent of gold.	exclude_for_now	kept as the clearest analyzed example for this pair, stem side, and environment; analyzer segmentation and POS are explicit enough for write-up use	Causative or derivational `sak` blocks promotion as simple stem-alternation evidence. Derived or lexicalized environments stay excluded at the row level even when the pair is retained for review.
pia-piak	pia	piak	give	+k	form_i	pia	finite_main_or_matrix	2226	01003012	Genesis 3:12	13	pia	pia	pia	give	pia	V	in singgah hong [pia] a ke'n ka	And the man said, The woman whom thou gavest to be with me, she gave me of the tree, and I did eat.	print_usable_with_caveat	preferred because this verse already appears in the curated candidate TSV; kept as the clearest analyzed example for this pair, stem side, and environment; analyzer segmentation and POS are explicit enough for write-up use	No stronger local cue was found, so the token is kept in a conservative finite or matrix bucket. Accepted candidate TSV evidence can inherit the pair's editorial status. Candidate for print.
pia-piak	pia	piak	give	+k	form_i	pia	imperative_or_directive	135	03009002	Leviticus 9:2	28	pia	pia	pia	give	pia	V	Topa mai-ah tuate [pia] in	and he said unto Aaron, Take thee a young calf for a sin offering, and a ram for a burnt offering, without blemish, and offer them before the LORD .	needs_analyzer_review	kept as the clearest analyzed example for this pair, stem side, and environment; analyzer segmentation and POS are explicit enough for write-up use	A following imperative-like particle may indicate directive force. Row is useful for matrix review, but it is not strong enough to inherit the pair's print-facing status. Needs review before print use.
pia-piak	pia	piak	give	+k	form_i	pia	negative_clause	177	05009011	Deuteronomy 9:11	15	pia	pia	pia	give	pia	V	in kei hong [pia] hi	And it came to pass at the end of forty days and forty nights, that the LORD gave me the two tables of stone, even the tables of the covenant.	needs_analyzer_review	kept as the clearest analyzed example for this pair, stem side, and environment; analyzer segmentation and POS are explicit enough for write-up use	Nearby negative material marks a negative or irrealis-heavy clause. Row is useful for matrix review, but it is not strong enough to inherit the pair's print-facing status. Needs review before print use.
pia-piak	pia	piak	give	+k	form_i	pia	purpose_nadingin	62	01015007	Genesis 15:7	13	pia	pia	pia	give	pia	V	tungah a hong [pia] dingin Khaldea gam	And he said unto him, I am the LORD that brought thee out of Ur of the Chaldees, to give thee this land to inherit it.	needs_analyzer_review	kept as the clearest analyzed example for this pair, stem side, and environment; analyzer segmentation and POS are explicit enough for write-up use	Local `ding` or `nadingin` material suggests a purpose or irrealis-heavy environment. Row is useful for matrix review, but it is not strong enough to inherit the pair's print-facing status. Needs review before print use.
pia-piak	pia	piak	give	+k	form_i	pia	quotative_or_say_complement	33	01001022	Genesis 1:22	4	pia	pia	pia	give	pia	V	in amaute thupha [pia] a “Ci pha-in	And God blessed them, saying, Be fruitful, and multiply, and fill the waters in the seas, and let fowl multiply in the earth.	needs_analyzer_review	kept as the clearest analyzed example for this pair, stem side, and environment; analyzer segmentation and POS are explicit enough for write-up use	Nearby quotative material suggests embedded or reported-speech structure. Row is useful for matrix review, but it is not strong enough to inherit the pair's print-facing status. Needs review before print use.
pia-piak	pia	piak	give	+k	form_i	pia	relative_or_attributive_mi	8	02022020	Exodus 22:20	11	pia	pia	pia	give	pia	V	tungah biakna a [pia] mi peuhmah kithat	He that sacrificeth unto any god, save unto the LORD only, he shall be utterly destroyed.	needs_analyzer_review	kept as the clearest analyzed example for this pair, stem side, and environment; analyzer segmentation and POS are explicit enough for write-up use	A following `mi` suggests a relative-like or attributive nominal environment. Row is useful for matrix review, but it is not strong enough to inherit the pair's print-facing status. Needs review before print use.
pia-piak	pia	piak	give	+k	form_i	pia	unknown_or_needs_review	183	02038029	Exodus 38:29	1	kipia	kipia	ki-pia	be.given	pia	N	A [kipia] sumngo khempeuh talen	And the brass of the offering was seventy talents, and two thousand and four hundred shekels.	needs_analyzer_review	retained as the clearest available review-bucket example for this pair and stem side; analyzer segmentation and POS are explicit enough for write-up use	No conservative local environment rule fired for this token. Review-bucket rows never count as print-ready evidence. Review bucket only; not a clean syntactic construction. Needs review before print use.
pia-piak	pia	piak	give	+k	form_ii	piak	dependent_temporal_ciangin	34	02013011	Exodus 13:11	26	piak	piak	piak	give.to	pia	V	tua gam hong [piak] ciangin	And it shall be when the LORD shall bring thee into the land of the Canaanites, as he sware unto thee and to thy fathers, and shall give it thee,	needs_analyzer_review	kept as the clearest analyzed example for this pair, stem side, and environment; analyzer segmentation and POS are explicit enough for write-up use	Immediate following `ciangin` provides a conservative dependent-temporal cue. Row is useful for matrix review, but it is not strong enough to inherit the pair's print-facing status. Needs review before print use.
pia-piak	pia	piak	give	+k	form_ii	piak	dependent_temporal_ni_in	7	03006005	Leviticus 6:5	29	piak	piak	piak	give.to	pia	V	hanga biakna a [piak] ni-in a nei	or all that about which he hath sworn falsely; he shall even restore it in the principal, and shall add the fifth part more thereto, and give it unto him to whom it appertaineth, in the day of his trespass offering.	needs_analyzer_review	kept as the clearest analyzed example for this pair, stem side, and environment; analyzer segmentation and POS are explicit enough for write-up use	Immediate following `ni-in` provides a conservative dependent-temporal cue. Row is useful for matrix review, but it is not strong enough to inherit the pair's print-facing status. Needs review before print use.
pia-piak	pia	piak	give	+k	form_ii	piak	finite_main_or_matrix	686	01003012	Genesis 3:12	8	piak	piak	piak	give.to	pia	V	om dinga nong [piak] numei in singgah	And the man said, The woman whom thou gavest to be with me, she gave me of the tree, and I did eat.	print_usable_with_caveat	preferred because this verse already appears in the curated candidate TSV; kept as the clearest analyzed example for this pair, stem side, and environment; analyzer segmentation and POS are explicit enough for write-up use	No stronger local cue was found, so the token is kept in a conservative finite or matrix bucket. Accepted candidate TSV evidence can inherit the pair's editorial status. Candidate for print.
pia-piak	pia	piak	give	+k	form_ii	piak	imperative_or_directive	8	01020007	Genesis 20:7	6	piakik	piakik	piak-kik	give.to-ITER	pia	V	tu-in mipa zi [piakik] in Bang hang	Now therefore restore the man his wife; for he is a prophet, and he shall pray for thee, and thou shalt live: and if thou restore her not, know thou that thou shalt surely die, thou, and all that are thine.	needs_analyzer_review	kept as the clearest analyzed example for this pair, stem side, and environment; analyzer segmentation and POS are explicit enough for write-up use	A following imperative-like particle may indicate directive force. Row is useful for matrix review, but it is not strong enough to inherit the pair's print-facing status. Needs review before print use.
pia-piak	pia	piak	give	+k	form_ii	piak	negative_clause	41	20010022	Proverbs 10:22	10	piakhawm	piakhawm	piak-hawm	give-together	pia	V	le gimna tawh [piakhawm] lo hi	The blessing of the LORD , it maketh rich, And he addeth no sorrow with it.	needs_analyzer_review	kept as the clearest analyzed example for this pair, stem side, and environment; analyzer segmentation and POS are explicit enough for write-up use	Nearby negative material marks a negative or irrealis-heavy clause. Row is useful for matrix review, but it is not strong enough to inherit the pair's print-facing status. Needs review before print use.
pia-piak	pia	piak	give	+k	form_ii	piak	nominalized_na	262	01004005	Genesis 4:5	5	piakna	piakna	piak-na	give.to-NMLZ	pia	V	Kain le ama [piakna] thusim lo hi	but unto Cain and to his offering he had not respect. And Cain was very wroth, and his countenance fell.	print_usable_with_caveat	preferred because this verse is already cited in the dossier or packet; kept as the clearest analyzed example for this pair, stem side, and environment; analyzer segmentation and POS are explicit enough for write-up use	Suffixal `-na` in the analyzer segmentation supports a nominalized environment. Packet- or dossier-cited rows can support review use, but remain caveated unless they are accepted candidate rows. Candidate for print.
pia-piak	pia	piak	give	+k	form_ii	piak	purpose_nadingin	141	05028011	Deuteronomy 28:11	1	piak	piak	piak	give.to	pia	V	Note [piak] dingin na pu	And the LORD shall make thee plenteous in goods, in the fruit of thy body, and in the fruit of thy cattle, and in the fruit of thy ground, in the land which the LORD sware unto thy fathers to give thee.	needs_analyzer_review	kept as the clearest analyzed example for this pair, stem side, and environment; analyzer segmentation and POS are explicit enough for write-up use	Local `ding` or `nadingin` material suggests a purpose or irrealis-heavy environment. Row is useful for matrix review, but it is not strong enough to inherit the pair's print-facing status. Needs review before print use.
pia-piak	pia	piak	give	+k	form_ii	piak	quotative_or_say_complement	13	07011030	Judges 11:30	12	piak	piak	piak	give.to	pia	V	Ammon mite nong [piak] leh	And Jephthah vowed a vow unto the LORD , and said, If thou shalt without fail deliver the children of Ammon into mine hands,	needs_analyzer_review	kept as the clearest analyzed example for this pair, stem side, and environment; analyzer segmentation and POS are explicit enough for write-up use	Nearby quotative material suggests embedded or reported-speech structure. Row is useful for matrix review, but it is not strong enough to inherit the pair's print-facing status. Needs review before print use.
pia-piak	pia	piak	give	+k	form_ii	piak	relative_or_attributive_mi	6	04022006	Numbers 22:6	34	piak	piak	piak	give.to	pia	V	leh thupha na [piak] mi in thupha	come now therefore, I pray thee, curse me this people; for they are too mighty for me: peradventure I shall prevail, that we may smite them, and that I may drive them out of the land: for I wot that he whom thou blessest is blessed, and he whom thou cursest is cursed.	needs_analyzer_review	kept as the clearest analyzed example for this pair, stem side, and environment; analyzer segmentation and POS are explicit enough for write-up use	A following `mi` suggests a relative-like or attributive nominal environment. Row is useful for matrix review, but it is not strong enough to inherit the pair's print-facing status. Needs review before print use.
pia-piak	pia	piak	give	+k	form_ii	piak	unknown_or_needs_review	117	13029003	1 Chronicles 29:3	30	piakte	piakte	piak-te	give.II-PL	pia	N	Pasian inn-ah ka [piakte]	Moreover, because I have set my affection to the house of my God, I have of mine own proper good, of gold and silver, which I have given to the house of my God, over and above all that I have prepared for the holy house,	needs_analyzer_review	retained as the clearest available review-bucket example for this pair and stem side; analyzer segmentation and POS are explicit enough for write-up use	No conservative local environment rule fired for this token. Review-bucket rows never count as print-ready evidence. Review bucket only; not a clean syntactic construction. Needs review before print use.
piang-pian	piang	pian	be.born	-ng > -n	form_i	piang	causative_or_derivational_sak	4	01001012	Genesis 1:12	4	piangkhiasak	piangkhiasak	piang-khia-sak	be.born-out-CAUS	piang	V	in kung tuamtuamte [piangkhiasak] a kungnote in	And the earth brought forth grass, and herb yielding seed after his kind, and the tree yielding fruit, whose seed was in itself, after his kind: and God saw that it was good.	exclude_for_now	preferred because this verse is already cited in the dossier or packet; kept as the clearest analyzed example for this pair, stem side, and environment; analyzer segmentation and POS are explicit enough for write-up use	Present in the stem packet, but absent from VERB_STEM_PAIRS. pair inferred from known noisy or derived family. Causative or derivational `sak` blocks promotion as simple stem-alternation evidence. Derived or lexicalized environments stay excluded at the row level even when the pair is retained for review.
piang-pian	piang	pian	be.born	-ng > -n	form_i	piang	finite_main_or_matrix	308	01010001	Genesis 10:1	20	piang	piang	piang	be.born	piang	V	panin tapate hong [piang] hi	Now these are the generations of the sons of Noah, Shem, Ham, and Japheth: and unto them were sons born after the flood.	dossier_only	kept as the clearest analyzed example for this pair, stem side, and environment; analyzer segmentation and POS are explicit enough for write-up use	Present in the stem packet, but absent from VERB_STEM_PAIRS. No stronger local cue was found, so the token is kept in a conservative finite or matrix bucket. Row status is capped by the pair-level publication status. Needs review before print use.
piang-pian	piang	pian	be.born	-ng > -n	form_i	piang	negative_clause	27	18009030	Job 9:30	0	Satpiang	satpiang	sat-piang	hard-be.born	sat	N	[Satpiang] tawh kei kisilin	If I wash myself with snow water, And make my hands never so clean;	dossier_only	kept as the clearest analyzed example for this pair, stem side, and environment; analyzer segmentation and POS are explicit enough for write-up use	Present in the stem packet, but absent from VERB_STEM_PAIRS. Nearby negative material marks a negative or irrealis-heavy clause. Row status is capped by the pair-level publication status. Needs review before print use.
piang-pian	piang	pian	be.born	-ng > -n	form_i	piang	purpose_nadingin	3	44004028	Acts 4:28	6	piang	piang	piang	be.born	piang	V	deihna bangin a [piang] dingin na vangliatna	for to do whatsoever thy hand and thy counsel determined before to be done.	dossier_only	kept as the clearest analyzed example for this pair, stem side, and environment; analyzer segmentation and POS are explicit enough for write-up use	Present in the stem packet, but absent from VERB_STEM_PAIRS. Local `ding` or `nadingin` material suggests a purpose or irrealis-heavy environment. Row status is capped by the pair-level publication status. Needs review before print use.
piang-pian	piang	pian	be.born	-ng > -n	form_i	piang	quotative_or_say_complement	13	09024013	1 Samuel 24:13	9	piang	piang	piang	be.born	piang	V	panin gitlohna hong [piang] a cih mah	As saith the proverb of the ancients, Wickedness proceedeth from the wicked: but mine hand shall not be upon thee.	dossier_only	kept as the clearest analyzed example for this pair, stem side, and environment; analyzer segmentation and POS are explicit enough for write-up use	Present in the stem packet, but absent from VERB_STEM_PAIRS. Nearby quotative material suggests embedded or reported-speech structure. Row status is capped by the pair-level publication status. Needs review before print use.
piang-pian	piang	pian	be.born	-ng > -n	form_i	piang	relative_or_attributive_mi	1	43003031	John 3:31	14	piang	piang	piang	be.born	piang	V	Leitung panin a [piang] mi pen leitung	He that cometh from above is above all: he that is of the earth is earthly, and speaketh of the earth: he that cometh from heaven is above all.	dossier_only	kept as the clearest analyzed example for this pair, stem side, and environment; analyzer segmentation and POS are explicit enough for write-up use	Present in the stem packet, but absent from VERB_STEM_PAIRS. A following `mi` suggests a relative-like or attributive nominal environment. Row status is capped by the pair-level publication status. Needs review before print use.
piang-pian	piang	pian	be.born	-ng > -n	form_i	piang	unknown_or_needs_review	33	01036016	Genesis 36:16	19	piangte	piangte	piang-te	be.born-PL	piang	N	zi Adah sunga [piangte] ahi hi	duke Korah, duke Gatam, and duke Amalek: these are the dukes that came of Eliphaz in the land of Edom; these were the sons of Adah.	needs_analyzer_review	retained as the clearest available review-bucket example for this pair and stem side; analyzer segmentation and POS are explicit enough for write-up use	Present in the stem packet, but absent from VERB_STEM_PAIRS. No conservative local environment rule fired for this token. Review-bucket rows never count as print-ready evidence. Review bucket only; not a clean syntactic construction. Needs review before print use.
piang-pian	piang	pian	be.born	-ng > -n	form_ii	pian	causative_or_derivational_sak	44	18012010	Job 12:10	1	piansaksate	piansaksate	pian-sak-sa-te'	birth-CAUS-already-PL.POSS	pian	PRON	A [piansaksate] nuntakna Pasian mah	In whose hand is the soul of every living thing, And the breath of all mankind.	exclude_for_now	kept as the clearest analyzed example for this pair, stem side, and environment; analyzer segmentation and POS are explicit enough for write-up use	Present in the stem packet, but absent from VERB_STEM_PAIRS. Causative or derivational `sak` blocks promotion as simple stem-alternation evidence. Derived or lexicalized environments stay excluded at the row level even when the pair is retained for review.
piang-pian	piang	pian	be.born	-ng > -n	form_ii	pian	clause_linking_kipan	5	23040021	Isaiah 40:21	27	pian	pian	pian	be.born	pian	V	hiam Leitung a [pian] a kipan thei	Have ye not known? have ye not heard? hath it not been told you from the beginning? have ye not understood from the foundations of the earth?	dossier_only	kept as the clearest analyzed example for this pair, stem side, and environment; analyzer segmentation and POS are explicit enough for write-up use	Present in the stem packet, but absent from VERB_STEM_PAIRS. Local `a kipan` sequence marks a clause-linking or source/beginning environment. Row status is capped by the pair-level publication status. Needs review before print use.
piang-pian	piang	pian	be.born	-ng > -n	form_ii	pian	dependent_temporal_ciangin	7	26024024	Ezekiel 24:24	28	pian	pian	pian'	birth.POSS	pian	PRON	bangin thu hong [pian] ciangin kei pen	Thus Ezekiel is unto you a sign: according to all that he hath done shall ye do: and when this cometh, ye shall know that I am the Lord GOD .	dossier_only	kept as the clearest analyzed example for this pair, stem side, and environment; analyzer segmentation and POS are explicit enough for write-up use	Present in the stem packet, but absent from VERB_STEM_PAIRS. Immediate following `ciangin` provides a conservative dependent-temporal cue. Row status is capped by the pair-level publication status. Needs review before print use.
piang-pian	piang	pian	be.born	-ng > -n	form_ii	pian	finite_main_or_matrix	35	50002023	Philippians 2:23	1	pianzia	pianzia	pian-zia	birth-manner	pian	N	Keima [pianzia] ding ka theihkhit	Him therefore I hope to send presently, so soon as I shall see how it will go with me.	dossier_only	kept as the clearest analyzed example for this pair, stem side, and environment; analyzer segmentation and POS are explicit enough for write-up use	Present in the stem packet, but absent from VERB_STEM_PAIRS. No stronger local cue was found, so the token is kept in a conservative finite or matrix bucket. Row status is capped by the pair-level publication status. Needs review before print use.
piang-pian	piang	pian	be.born	-ng > -n	form_ii	pian	imperative_or_directive	1	66009009	Revelation 9:9	7	pian	pian	pian	be.born	pian	V	tawh a kibang [pian] in tuam a	And they had breastplates, as it were breastplates of iron; and the sound of their wings was as the sound of chariots of many horses running to battle.	dossier_only	kept as the clearest analyzed example for this pair, stem side, and environment; analyzer segmentation and POS are explicit enough for write-up use	Present in the stem packet, but absent from VERB_STEM_PAIRS. A following imperative-like particle may indicate directive force. Row status is capped by the pair-level publication status. Needs review before print use.
piang-pian	piang	pian	be.born	-ng > -n	form_ii	pian	negative_clause	7	18010019	Job 10:19	11	pian	pian	pian	be.born	pian	V	pen mihing a [pian] loh zah mahin	I should have been as though I had not been; I should have been carried from the womb to the grave.	dossier_only	kept as the clearest analyzed example for this pair, stem side, and environment; analyzer segmentation and POS are explicit enough for write-up use	Present in the stem packet, but absent from VERB_STEM_PAIRS. Nearby negative material marks a negative or irrealis-heavy clause. Row status is capped by the pair-level publication status. Needs review before print use.
piang-pian	piang	pian	be.born	-ng > -n	form_ii	pian	nominalized_na	54	01010029	Genesis 10:29	4	pianna	pianna	pian-na	birth-NMLZ	pian	N	Havilah le Jobab [pianna] pa ahi hi	and Ophir, and Havilah, and Jobab: all these were the sons of Joktan.	dossier_only	preferred because this verse already appears in the curated candidate TSV; kept as the clearest analyzed example for this pair, stem side, and environment; analyzer segmentation and POS are explicit enough for write-up use	Present in the stem packet, but absent from VERB_STEM_PAIRS. Suffixal `-na` in the analyzer segmentation supports a nominalized environment. Row status is capped by the pair-level publication status. Needs review before print use.
piang-pian	piang	pian	be.born	-ng > -n	form_ii	pian	purpose_nadingin	8	18010010	Job 10:10	2	pian	pian	pian	be.born	pian	V	Kei ka [pian] nadingin ka pa	Hast thou not poured me out as milk, And curdled me like cheese?	dossier_only	kept as the clearest analyzed example for this pair, stem side, and environment; analyzer segmentation and POS are explicit enough for write-up use	Present in the stem packet, but absent from VERB_STEM_PAIRS. Local `ding` or `nadingin` material suggests a purpose or irrealis-heavy environment. Row status is capped by the pair-level publication status. Needs review before print use.
piang-pian	piang	pian	be.born	-ng > -n	form_ii	pian	quotative_or_say_complement	2	03025026	Leviticus 25:26	20	pian	pian	pian'	birth.POSS	pian	PRON	tanhzo dingin a [pian] leh	And if the man have none to redeem it, and himself be able to redeem it;	dossier_only	kept as the clearest analyzed example for this pair, stem side, and environment; analyzer segmentation and POS are explicit enough for write-up use	Present in the stem packet, but absent from VERB_STEM_PAIRS. Nearby quotative material suggests embedded or reported-speech structure. Row status is capped by the pair-level publication status. Needs review before print use.
piang-pian	piang	pian	be.born	-ng > -n	form_ii	pian	unknown_or_needs_review	89	43009032	John 9:32	1	pian	pian	pian'	birth.POSS	pian	PRON	Leitung [pian] cil a kipanin	Since the world began was it not heard that any man opened the eyes of one that was born blind.	needs_analyzer_review	retained as the clearest available review-bucket example for this pair and stem side; analyzer segmentation and POS are explicit enough for write-up use	Present in the stem packet, but absent from VERB_STEM_PAIRS. No conservative local environment rule fired for this token. Review-bucket rows never count as print-ready evidence. Review bucket only; not a clean syntactic construction. Needs review before print use.
pua-puah	pua	puah	bet	+h	form_ii	puah	causative_or_derivational_sak	5	26036033	Ezekiel 36:33	19	puahsakkik	puahsakkik	puah-sakkik	bet.II-CAUS.ITER	pua	V	sia khempeuh kong [puahsakkik] ding hi	Thus saith the Lord GOD ; In the day that I shall have cleansed you from all your iniquities I will also cause you to dwell in the cities, and the wastes shall be builded.	exclude_for_now	kept as the clearest analyzed example for this pair, stem side, and environment; analyzer segmentation and POS are explicit enough for write-up use	Causative or derivational `sak` blocks promotion as simple stem-alternation evidence. Derived or lexicalized environments stay excluded at the row level even when the pair is retained for review.
pua-puah	pua	puah	bet	+h	form_ii	puah	clause_linking_kipan	1	12012006	2 Kings 12:6	14	puah	puah	puah	divine	pua	V	siampite in biakinn [puah] kipan nai lo	But it was so, that in the three and twentieth year of king Jehoash the priests had not repaired the breaches of the house.	needs_analyzer_review	kept as the clearest analyzed example for this pair, stem side, and environment; analyzer segmentation and POS are explicit enough for write-up use	Local `a kipan` sequence marks a clause-linking or source/beginning environment. Row status is capped by the pair-level publication status. Needs review before print use.
pua-puah	pua	puah	bet	+h	form_ii	puah	dependent_temporal_ciangin	1	02030007	Exodus 30:7	16	puah	puah	puah	divine	pua	V	simin meivakte a [puah] ciangin hal ding	And Aaron shall burn thereon sweet incense every morning: when he dresseth the lamps, he shall burn incense upon it.	needs_analyzer_review	kept as the clearest analyzed example for this pair, stem side, and environment; analyzer segmentation and POS are explicit enough for write-up use	Immediate following `ciangin` provides a conservative dependent-temporal cue. Row status is capped by the pair-level publication status. Needs review before print use.
pua-puah	pua	puah	bet	+h	form_ii	puah	finite_main_or_matrix	84	03026039	Leviticus 26:39	75	kipuahphat	kipuahphat	ki-puah-phat	REFL-pine-away	pua	V	a mawhna a [kipuahphat] uhleh	And they that are left of you shall pine away in their iniquity in your enemies' lands; and also in the iniquities of their fathers shall they pine away with them.	needs_analyzer_review	kept as the clearest analyzed example for this pair, stem side, and environment; analyzer segmentation and POS are explicit enough for write-up use	No stronger local cue was found, so the token is kept in a conservative finite or matrix bucket. Row status is capped by the pair-level publication status. Needs review before print use.
pua-puah	pua	puah	bet	+h	form_ii	puah	imperative_or_directive	4	27009017	Daniel 9:17	28	puahkik	puahkik	puah-kik	bet.II-ITER	pua	V	theihtheih nadingun hong [puahkik] in	Now therefore, O our God, hear the prayer of thy servant, and his supplications, and cause thy face to shine upon thy sanctuary that is desolate, for the Lord's sake.	needs_analyzer_review	kept as the clearest analyzed example for this pair, stem side, and environment; analyzer segmentation and POS are explicit enough for write-up use	A following imperative-like particle may indicate directive force. Row status is capped by the pair-level publication status. Needs review before print use.
pua-puah	pua	puah	bet	+h	form_ii	puah	negative_clause	3	03025005	Leviticus 25:5	12	kipuah	kipuah	ki-puah	REFL-divine	pua	V	uh a a [kipuah] lo leenggui gahte	That which groweth of its own accord of thy harvest thou shalt not reap, neither gather the grapes of thy vine undressed: for it is a year of rest unto the land.	needs_analyzer_review	kept as the clearest analyzed example for this pair, stem side, and environment; analyzer segmentation and POS are explicit enough for write-up use	Nearby negative material marks a negative or irrealis-heavy clause. Row status is capped by the pair-level publication status. Needs review before print use.
pua-puah	pua	puah	bet	+h	form_ii	puah	nominalized_na	6	12012005	2 Kings 12:5	13	puahphatna	puahphatna	puah-phat-na	bet.II-praise-NMLZ	pua	V	Tua ciangin biakinn [puahphatna] ding a kisapna	let the priests take it to them, every man of his acquaintance: and let them repair the breaches of the house, wheresoever any breach shall be found.	needs_analyzer_review	kept as the clearest analyzed example for this pair, stem side, and environment; analyzer segmentation and POS are explicit enough for write-up use	Suffixal `-na` in the analyzer segmentation supports a nominalized environment. Row status is capped by the pair-level publication status. Needs review before print use.
pua-puah	pua	puah	bet	+h	form_ii	puah	purpose_nadingin	13	14029016	2 Chronicles 29:16	1	puahsiang	puahsiang	puah-siang	gather-clean	pua	N	A [puahsiang] dingin Topa biakinn	And the priests went into the inner part of the house of the LORD , to cleanse it , and brought out all the uncleanness that they found in the temple of the LORD into the court of the house of the LORD . And the Levites took it , to carry it out abroad into the brook Kidron.	needs_analyzer_review	kept as the clearest analyzed example for this pair, stem side, and environment; analyzer segmentation and POS are explicit enough for write-up use	Local `ding` or `nadingin` material suggests a purpose or irrealis-heavy environment. Row status is capped by the pair-level publication status. Needs review before print use.
pua-puah	pua	puah	bet	+h	form_ii	puah	unknown_or_needs_review	6	02001015	Exodus 1:15	16	Puah	puah	Puah	PUAH	Puah	PROP	adang khat min [Puah] a kicite kiangah	And the king of Egypt spake to the Hebrew midwives, of which the name of the one was Shiphrah, and the name of the other Puah:	needs_analyzer_review	retained as the clearest available review-bucket example for this pair and stem side; analyzer segmentation and POS are explicit enough for write-up use	No conservative local environment rule fired for this token. Review-bucket rows never count as print-ready evidence. Review bucket only; not a clean syntactic construction. Needs review before print use.
pua-puak	pua	puak	spill	+k	form_i	pua	causative_or_derivational_sak	15	18026008	Job 26:8	14	puazosak	puazosak	pua-zo-sak	carry.on.back-south-CAUS	pua	V	tui meii a [puazosak] hi	He bindeth up the waters in his thick clouds; And the cloud is not rent under them.	exclude_for_now	kept as the clearest analyzed example for this pair, stem side, and environment; analyzer segmentation and POS are explicit enough for write-up use	Form I stem `pua` participates in multiple analyzer pairs (pua-puah, pua-puak); counted under canonical pair pua-puak. Alternate Form II analyses remain visible in pair summary notes: pua-puah. Causative or derivational `sak` blocks promotion as simple stem-alternation evidence. Derived or lexicalized environments stay excluded at the row level even when the pair is retained for review.
pua-puak	pua	puak	spill	+k	form_i	pua	finite_main_or_matrix	263	01042019	Genesis 42:19	26	pua	pua	pua	carry.on.back	pua	V	a dingin an [pua] unla	if ye be true men , let one of your brethren be bound in the house of your prison: go ye, carry corn for the famine of your houses:	needs_analyzer_review	kept as the clearest analyzed example for this pair, stem side, and environment; analyzer segmentation and POS are explicit enough for write-up use	Form I stem `pua` participates in multiple analyzer pairs (pua-puah, pua-puak); counted under canonical pair pua-puak. Alternate Form II analyses remain visible in pair summary notes: pua-puah. No stronger local cue was found, so the token is kept in a conservative finite or matrix bucket. Row status is capped by the pair-level publication status. Needs review before print use.
pua-puak	pua	puak	spill	+k	form_i	pua	imperative_or_directive	15	06004005	Joshua 4:5	31	pua	pua	pua	carry.on.back	pua	V	liangko tung uhah [pua] un	and Joshua said unto them, Pass over before the ark of the LORD your God into the midst of Jordan, and take you up every man of you a stone upon his shoulder, according unto the number of the tribes of the children of Israel:	needs_analyzer_review	kept as the clearest analyzed example for this pair, stem side, and environment; analyzer segmentation and POS are explicit enough for write-up use	Form I stem `pua` participates in multiple analyzer pairs (pua-puah, pua-puak); counted under canonical pair pua-puak. Alternate Form II analyses remain visible in pair summary notes: pua-puah. A following imperative-like particle may indicate directive force. Row status is capped by the pair-level publication status. Needs review before print use.
pua-puak	pua	puak	spill	+k	form_i	pua	negative_clause	5	09001018	1 Samuel 1:18	24	pua	pua	pua	carry.on.back	pua	V	ne a dahmai [pua] nawn lo hi	And she said, Let thine handmaid find grace in thy sight. So the woman went her way, and did eat, and her countenance was no more sad .	needs_analyzer_review	kept as the clearest analyzed example for this pair, stem side, and environment; analyzer segmentation and POS are explicit enough for write-up use	Form I stem `pua` participates in multiple analyzer pairs (pua-puah, pua-puak); counted under canonical pair pua-puak. Alternate Form II analyses remain visible in pair summary notes: pua-puah. Nearby negative material marks a negative or irrealis-heavy clause. Row status is capped by the pair-level publication status. Needs review before print use.
pua-puak	pua	puak	spill	+k	form_i	pua	possessed_or_genitive_attributive	1	41013006	Mark 13:6	2	pua-in	pua-in	pua-in	carry.on.back-ERG	pua	FUNC	Keima min [pua-in] mi tampi hong	for many shall come in my name, saying, I am Christ ; and shall deceive many.	needs_analyzer_review	kept as the clearest analyzed example for this pair, stem side, and environment; analyzer segmentation and POS are explicit enough for write-up use	Form I stem `pua` participates in multiple analyzer pairs (pua-puah, pua-puak); counted under canonical pair pua-puak. Alternate Form II analyses remain visible in pair summary notes: pua-puah. A following `mi` plus a preceding possessor-like token suggests an attributive or possessed nominal environment. Row status is capped by the pair-level publication status. Needs review before print use.
pua-puak	pua	puak	spill	+k	form_i	pua	purpose_nadingin	6	01049015	Genesis 49:15	14	pua	pua	pua	carry.on.back	pua	V	ahih ciangin van [pua] dingin a liangko	And he saw that rest was good, And the land that it was pleasant; And bowed his shoulder to bear, And became a servant unto tribute.	needs_analyzer_review	kept as the clearest analyzed example for this pair, stem side, and environment; analyzer segmentation and POS are explicit enough for write-up use	Form I stem `pua` participates in multiple analyzer pairs (pua-puah, pua-puak); counted under canonical pair pua-puak. Alternate Form II analyses remain visible in pair summary notes: pua-puah. Local `ding` or `nadingin` material suggests a purpose or irrealis-heavy environment. Row status is capped by the pair-level publication status. Needs review before print use.
pua-puak	pua	puak	spill	+k	form_i	pua	relative_or_attributive_mi	4	11005015	1 Kings 5:15	2	vanpua	vanpua	van-pua	burden-bear	van	N	Solomon in [vanpua] mi tul sawmsagih	And Solomon had threescore and ten thousand that bare burdens, and fourscore thousand hewers in the mountains;	needs_analyzer_review	kept as the clearest analyzed example for this pair, stem side, and environment; analyzer segmentation and POS are explicit enough for write-up use	Form I stem `pua` participates in multiple analyzer pairs (pua-puah, pua-puak); counted under canonical pair pua-puak. Alternate Form II analyses remain visible in pair summary notes: pua-puah. A following `mi` suggests a relative-like or attributive nominal environment. Row status is capped by the pair-level publication status. Needs review before print use.
pua-puak	pua	puak	spill	+k	form_i	pua	unknown_or_needs_review	8	14034013	2 Chronicles 34:13	1	puate	puate	pua-te	carry.on.back-PL	pua	N	vangik [puate] a uk le	Also they were over the bearers of burdens, and were overseers of all that wrought the work in any manner of service: and of the Levites there were scribes, and officers, and porters.	needs_analyzer_review	retained as the clearest available review-bucket example for this pair and stem side; analyzer segmentation and POS are explicit enough for write-up use	Form I stem `pua` participates in multiple analyzer pairs (pua-puah, pua-puak); counted under canonical pair pua-puak. Alternate Form II analyses remain visible in pair summary notes: pua-puah. No conservative local environment rule fired for this token. Review-bucket rows never count as print-ready evidence. Review bucket only; not a clean syntactic construction. Needs review before print use.
pua-puak	pua	puak	spill	+k	form_ii	puak	causative_or_derivational_sak	5	09016020	1 Samuel 16:20	24	puaksak	puaksak	puak-sak	send-CAUS	pua	V	a tapa David [puaksak] hi	And Jesse took an ass laden with bread, and a bottle of wine, and a kid, and sent them by David his son unto Saul.	exclude_for_now	kept as the clearest analyzed example for this pair, stem side, and environment; analyzer segmentation and POS are explicit enough for write-up use	Causative or derivational `sak` blocks promotion as simple stem-alternation evidence. Derived or lexicalized environments stay excluded at the row level even when the pair is retained for review.
pua-puak	pua	puak	spill	+k	form_ii	puak	dependent_temporal_ciangin	1	04004024	Numbers 4:24	3	puak	puak	puak	send	pua	V	Nasep le van [puak] ciangin Gershon-te beh	This is the service of the families of the Gershonites, to serve, and for burdens:	needs_analyzer_review	kept as the clearest analyzed example for this pair, stem side, and environment; analyzer segmentation and POS are explicit enough for write-up use	Immediate following `ciangin` provides a conservative dependent-temporal cue. Row status is capped by the pair-level publication status. Needs review before print use.
pua-puak	pua	puak	spill	+k	form_ii	puak	dependent_temporal_ni_in	1	31001011	Obadiah 1:11	5	puakkhiat	puakkhiat	puak-khiat	send-depart	pua	V	a neihsateng a [puakkhiat] ni-in gamdang mite	In the day that thou stoodest on the other side, in the day that the strangers carried away captive his forces, and foreigners entered into his gates, and cast lots upon Jerusalem, even thou wast as one of them.	needs_analyzer_review	kept as the clearest analyzed example for this pair, stem side, and environment; analyzer segmentation and POS are explicit enough for write-up use	Immediate following `ni-in` provides a conservative dependent-temporal cue. Row status is capped by the pair-level publication status. Needs review before print use.
pua-puak	pua	puak	spill	+k	form_ii	puak	finite_main_or_matrix	277	14016002	2 Chronicles 16:2	25	puakin	puakin	puak-in	spill.II-CVB	pua	V	Benhadad kiangah tuate [puakin]	Then Asa brought out silver and gold out of the treasures of the house of the LORD and of the king's house, and sent to Ben-hadad king of Syria, that dwelt at Damascus, saying,	needs_analyzer_review	kept as the clearest analyzed example for this pair, stem side, and environment; analyzer segmentation and POS are explicit enough for write-up use	No stronger local cue was found, so the token is kept in a conservative finite or matrix bucket. Row status is capped by the pair-level publication status. Needs review before print use.
pua-puak	pua	puak	spill	+k	form_ii	puak	imperative_or_directive	15	14002003	2 Chronicles 2:3	32	puak	puak	puak	send	pua	V	tungah zong hong [puak] in	And Solomon sent to Huram the king of Tyre, saying, As thou didst deal with David my father, and didst send him cedars to build him an house to dwell therein, even so deal with me .	needs_analyzer_review	kept as the clearest analyzed example for this pair, stem side, and environment; analyzer segmentation and POS are explicit enough for write-up use	A following imperative-like particle may indicate directive force. Row status is capped by the pair-level publication status. Needs review before print use.
pua-puak	pua	puak	spill	+k	form_ii	puak	negative_clause	10	01031039	Genesis 31:39	6	puak	puak	puak	send	pua	V	nang kiangah kong [puak] kei hi Tua	That which was torn of beasts I brought not unto thee; I bare the loss of it; of my hand didst thou require it, whether stolen by day, or stolen by night.	needs_analyzer_review	kept as the clearest analyzed example for this pair, stem side, and environment; analyzer segmentation and POS are explicit enough for write-up use	Nearby negative material marks a negative or irrealis-heavy clause. Row status is capped by the pair-level publication status. Needs review before print use.
pua-puak	pua	puak	spill	+k	form_ii	puak	nominalized_na	7	10018022	2 Samuel 18:22	27	puakna	puakna	puak-na	spill.II-NMLZ	pua	V	in “Lungdamna thu [puakna] hangin thaman ngah	Then said Ahimaaz the son of Zadok yet again to Joab, But howsoever, let me, I pray thee, also run after Cushi. And Joab said, Wherefore wilt thou run, my son, seeing that thou hast no tidings ready?	needs_analyzer_review	kept as the clearest analyzed example for this pair, stem side, and environment; analyzer segmentation and POS are explicit enough for write-up use	Suffixal `-na` in the analyzer segmentation supports a nominalized environment. Row status is capped by the pair-level publication status. Needs review before print use.
pua-puak	pua	puak	spill	+k	form_ii	puak	purpose_nadingin	23	02025014	Exodus 25:14	1	puak	puak	puak	send	pua	V	Singkuang [puak] nadingin singkuang panga	And thou shalt put the staves into the rings by the sides of the ark, that the ark may be borne with them.	needs_analyzer_review	kept as the clearest analyzed example for this pair, stem side, and environment; analyzer segmentation and POS are explicit enough for write-up use	Local `ding` or `nadingin` material suggests a purpose or irrealis-heavy environment. Row status is capped by the pair-level publication status. Needs review before print use.
pua-puak	pua	puak	spill	+k	form_ii	puak	quotative_or_say_complement	6	09018008	1 Samuel 18:8	33	puak	puak	puak	send	pua	V	hi Kumpi min [puak] cih simloh bang	And Saul was very wroth, and the saying displeased him; and he said, They have ascribed unto David ten thousands, and to me they have ascribed but thousands: and what can he have more but the kingdom?	needs_analyzer_review	kept as the clearest analyzed example for this pair, stem side, and environment; analyzer segmentation and POS are explicit enough for write-up use	Nearby quotative material suggests embedded or reported-speech structure. Row status is capped by the pair-level publication status. Needs review before print use.
pua-puak	pua	puak	spill	+k	form_ii	puak	unknown_or_needs_review	12	01044001	Genesis 44:1	15	puakzawh	puakzawh	puak-zawh	fill-finish	pua	N	van sungah amau [puakzawh] zahzah an guang	And he commanded the steward of his house, saying, Fill the men's sacks with food, as much as they can carry, and put every man's money in his sack's mouth.	needs_analyzer_review	retained as the clearest available review-bucket example for this pair and stem side; analyzer segmentation and POS are explicit enough for write-up use	No conservative local environment rule fired for this token. Review-bucket rows never count as print-ready evidence. Review bucket only; not a clean syntactic construction. Needs review before print use.
sawlkhia-sawlkhiat	sawlkhia	sawlkhiat	send.forth	+t	form_i	sawlkhia	finite_main_or_matrix	35	01003023	Genesis 3:23	18	sawlkhia	sawlkhia	sawlkhia	send.forth	sawlkhia	V	panin mipa a [sawlkhia] hi	therefore the LORD God sent him forth from the garden of Eden, to till the ground from whence he was taken.	needs_analyzer_review	kept as the clearest analyzed example for this pair, stem side, and environment; analyzer segmentation and POS are explicit enough for write-up use	No stronger local cue was found, so the token is kept in a conservative finite or matrix bucket. Row status is capped by the pair-level publication status. Needs review before print use.
sawlkhia-sawlkhiat	sawlkhia	sawlkhiat	send.forth	+t	form_i	sawlkhia	imperative_or_directive	3	40014015	Matthew 14:15	35	sawlkhia	sawlkhia	sawlkhia	send.forth	sawlkhia	V	a lei nadingun [sawlkhia] in,” a ci	And when it was evening, his disciples came to him, saying, This is a desert place, and the time is now past; send the multitude away, that they may go into the villages, and buy themselves victuals.	needs_analyzer_review	kept as the clearest analyzed example for this pair, stem side, and environment; analyzer segmentation and POS are explicit enough for write-up use	A following imperative-like particle may indicate directive force. Row status is capped by the pair-level publication status. Needs review before print use.
sawlkhia-sawlkhiat	sawlkhia	sawlkhiat	send.forth	+t	form_i	sawlkhia	negative_clause	2	01031042	Genesis 31:42	22	sawlkhia	sawlkhia	sawlkhia	send.forth	sawlkhia	V	hawmguakin kei nong [sawlkhia] taktak ding hi	Except the God of my father, the God of Abraham, and the fear of Isaac, had been with me, surely thou hadst sent me away now empty. God hath seen mine affliction and the labour of my hands, and rebuked thee yesternight.	needs_analyzer_review	kept as the clearest analyzed example for this pair, stem side, and environment; analyzer segmentation and POS are explicit enough for write-up use	Nearby negative material marks a negative or irrealis-heavy clause. Row status is capped by the pair-level publication status. Needs review before print use.
sawlkhia-sawlkhiat	sawlkhia	sawlkhiat	send.forth	+t	form_ii	sawlkhiat	finite_main_or_matrix	2	02012033	Exodus 12:33	6	sawlkhiat	sawlkhiat	sawlkhiat	send.forth	sawlkhia	V	mite manlangin a [sawlkhiat] nading uhah Egypt	And the Egyptians were urgent upon the people, that they might send them out of the land in haste; for they said, We be all dead men .	needs_analyzer_review	kept as the clearest analyzed example for this pair, stem side, and environment; analyzer segmentation and POS are explicit enough for write-up use	No stronger local cue was found, so the token is kept in a conservative finite or matrix bucket. Row status is capped by the pair-level publication status. Needs review before print use.
sawlkhia-sawlkhiat	sawlkhia	sawlkhiat	send.forth	+t	form_ii	sawlkhiat	negative_clause	1	09020013	1 Samuel 20:13	30	sawlkhiat	sawlkhiat	sawlkhiat	send.forth	sawlkhia	V	a nang kong [sawlkhiat] kei taak leh	the LORD do so and much more to Jonathan: but if it please my father to do thee evil, then I will shew it thee, and send thee away, that thou mayest go in peace: and the LORD be with thee, as he hath been with my father.	needs_analyzer_review	kept as the clearest analyzed example for this pair, stem side, and environment; analyzer segmentation and POS are explicit enough for write-up use	Nearby negative material marks a negative or irrealis-heavy clause. Row status is capped by the pair-level publication status. Needs review before print use.
sawlkhia-sawlkhiat	sawlkhia	sawlkhiat	send.forth	+t	form_ii	sawlkhiat	nominalized_na	1	10013016	2 Samuel 13:16	19	sawlkhiatna	sawlkhiatna	sawlkhiat-na	send.forth.II-NMLZ	sawlkhia	V	leh kei nong [sawlkhiatna] pen kei tungah	And she said unto him, There is no cause: this evil in sending me away is greater than the other that thou didst unto me. But he would not hearken unto her.	needs_analyzer_review	kept as the clearest analyzed example for this pair, stem side, and environment; analyzer segmentation and POS are explicit enough for write-up use	Suffixal `-na` in the analyzer segmentation supports a nominalized environment. Row status is capped by the pair-level publication status. Needs review before print use.
sia-siah	sia	siah	decay	+h	form_i	sia	causative_or_derivational_sak	71	01034002	Genesis 34:2	18	siasak	siasak	sia-sak	bad-CAUS	sia	V	luppih a amah [siasak] hi	And when Shechem the son of Hamor the Hivite, prince of the country, saw her, he took her, and lay with her, and defiled her.	exclude_for_now	kept as the clearest analyzed example for this pair, stem side, and environment; analyzer segmentation and POS are explicit enough for write-up use	Causative or derivational `sak` blocks promotion as simple stem-alternation evidence. Derived or lexicalized environments stay excluded at the row level even when the pair is retained for review.
sia-siah	sia	siah	decay	+h	form_i	sia	finite_main_or_matrix	422	01004005	Genesis 4:5	18	sia	sia	sia	evil	sia	ADJ	a a mai [sia] hi	but unto Cain and to his offering he had not respect. And Cain was very wroth, and his countenance fell.	needs_analyzer_review	preferred because this verse is already cited in the dossier or packet; kept as the clearest analyzed example for this pair, stem side, and environment; analyzer segmentation and POS are explicit enough for write-up use	No stronger local cue was found, so the token is kept in a conservative finite or matrix bucket. Row status is capped by the pair-level publication status. Needs review before print use.
sia-siah	sia	siah	decay	+h	form_i	sia	imperative_or_directive	29	20014014	Proverbs 14:14	0	Misia	misia	mi-sia	person-evil	mi	N	[Misia] in siatna thaman	The backslider in heart shall be filled with his own ways: And a good man shall be satisfied from himself.	needs_analyzer_review	kept as the clearest analyzed example for this pair, stem side, and environment; analyzer segmentation and POS are explicit enough for write-up use	A following imperative-like particle may indicate directive force. Row status is capped by the pair-level publication status. Needs review before print use.
sia-siah	sia	siah	decay	+h	form_i	sia	negative_clause	72	19030007	Psalms 30:7	23	khasia	khasia	kha-sia	face-hide	kha	N	a kei ka [khasia] hi	LORD , by thy favour thou hast made my mountain to stand strong: Thou didst hide thy face, and I was troubled.	needs_analyzer_review	kept as the clearest analyzed example for this pair, stem side, and environment; analyzer segmentation and POS are explicit enough for write-up use	Nearby negative material marks a negative or irrealis-heavy clause. Row status is capped by the pair-level publication status. Needs review before print use.
sia-siah	sia	siah	decay	+h	form_i	sia	possessed_or_genitive_attributive	1	45002009	Romans 2:9	9	sia	sia	sia	evil	sia	ADJ	dongin a gamtat [sia] mi khempeuh in	tribulation and anguish, upon every soul of man that doeth evil, of the Jew first, and also of the Gentile;	needs_analyzer_review	kept as the clearest analyzed example for this pair, stem side, and environment; analyzer segmentation and POS are explicit enough for write-up use	A following `mi` plus a preceding possessor-like token suggests an attributive or possessed nominal environment. Row status is capped by the pair-level publication status. Needs review before print use.
sia-siah	sia	siah	decay	+h	form_i	sia	purpose_nadingin	33	01006017	Genesis 6:17	16	susia	susia	su-sia	CAUS-bad	su	N	nei khempeuh a [susia] dingin leitungah tuiciin	And, behold, I, even I, do bring a flood of waters upon the earth, to destroy all flesh, wherein is the breath of life, from under heaven; and every thing that is in the earth shall die.	needs_analyzer_review	kept as the clearest analyzed example for this pair, stem side, and environment; analyzer segmentation and POS are explicit enough for write-up use	Local `ding` or `nadingin` material suggests a purpose or irrealis-heavy environment. Row status is capped by the pair-level publication status. Needs review before print use.
sia-siah	sia	siah	decay	+h	form_i	sia	quotative_or_say_complement	11	19011003	Psalms 11:3	1	kisusia	kisusia	ki-su-sia	REFL-CAUS-bad	su	V	Bulpite [kisusia] khin leh midikte	If the foundations be destroyed, What can the righteous do?	needs_analyzer_review	kept as the clearest analyzed example for this pair, stem side, and environment; analyzer segmentation and POS are explicit enough for write-up use	Nearby quotative material suggests embedded or reported-speech structure. Row status is capped by the pair-level publication status. Needs review before print use.
sia-siah	sia	siah	decay	+h	form_i	sia	relative_or_attributive_mi	4	02021017	Exodus 21:17	7	samsia	samsia	sam-sia	call-destroy	sam	V	nu hitaleh a [samsia] mi peuhmah kithat	And he that curseth his father, or his mother, shall surely be put to death.	needs_analyzer_review	kept as the clearest analyzed example for this pair, stem side, and environment; analyzer segmentation and POS are explicit enough for write-up use	A following `mi` suggests a relative-like or attributive nominal environment. Row status is capped by the pair-level publication status. Needs review before print use.
sia-siah	sia	siah	decay	+h	form_i	sia	unknown_or_needs_review	483	01002017	Genesis 2:17	6	sia	sia	sia	evil	sia	ADJ	pha le a [sia] theihna singkung gah	but of the tree of the knowledge of good and evil, thou shalt not eat of it: for in the day that thou eatest thereof thou shalt surely die.	needs_analyzer_review	preferred because this verse is already cited in the dossier or packet; retained as the clearest available review-bucket example for this pair and stem side; analyzer segmentation and POS are explicit enough for write-up use	No conservative local environment rule fired for this token. Review-bucket rows never count as print-ready evidence. Review bucket only; not a clean syntactic construction. Needs review before print use.
sia-siah	sia	siah	decay	+h	form_ii	siah	finite_main_or_matrix	28	40022019	Matthew 22:19	0	Siahin	siahin	siah-in	decay.II-CVB	sia	V	[Siahin] na piak ding	Shew me the tribute money. And they brought unto him a penny.	needs_analyzer_review	kept as the clearest analyzed example for this pair, stem side, and environment; analyzer segmentation and POS are explicit enough for write-up use	No stronger local cue was found, so the token is kept in a conservative finite or matrix bucket. Row status is capped by the pair-level publication status. Needs review before print use.
sia-siah	sia	siah	decay	+h	form_ii	siah	imperative_or_directive	1	40017024	Matthew 17:24	7	siahdongte	siahdongte	siah-dong-te	judge-until-PL	sia	N	uh ciangin biakinn [siahdongte] in Peter kiangah	And when they were come to Capernaum, they that received tribute money came to Peter, and said, Doth not your master pay tribute?	needs_analyzer_review	kept as the clearest analyzed example for this pair, stem side, and environment; analyzer segmentation and POS are explicit enough for write-up use	A following imperative-like particle may indicate directive force. Row status is capped by the pair-level publication status. Needs review before print use.
sia-siah	sia	siah	decay	+h	form_ii	siah	negative_clause	8	19035007	Psalms 35:7	26	siah	siah	siah	compose	sia	N	to-in kei hong [siah] uh hi	For without cause have they hid for me their net in a pit, Which without cause they have digged for my soul.	needs_analyzer_review	kept as the clearest analyzed example for this pair, stem side, and environment; analyzer segmentation and POS are explicit enough for write-up use	Nearby negative material marks a negative or irrealis-heavy clause. Row status is capped by the pair-level publication status. Needs review before print use.
sia-siah	sia	siah	decay	+h	form_ii	siah	nominalized_na	14	18018010	Job 18:10	1	siahna-in	siahna-in	siah-na-in	snare-NMLZ-INST	sia	N	Amah [siahna-in] leilakah khauzak kitung	The snare is laid for him in the ground, And a trap for him in the way.	needs_analyzer_review	kept as the clearest analyzed example for this pair, stem side, and environment; analyzer segmentation and POS are explicit enough for write-up use	Suffixal `-na` in the analyzer segmentation supports a nominalized environment. Row status is capped by the pair-level publication status. Needs review before print use.
sia-siah	sia	siah	decay	+h	form_ii	siah	purpose_nadingin	4	04031028	Numbers 31:28	15	siah	siah	siah	compose	sia	N	zanga ciangin Topa [siah] dingin khat ciat	and levy a tribute unto the LORD of the men of war which went out to battle: one soul of five hundred, both of the persons, and of the beeves, and of the asses, and of the sheep:	needs_analyzer_review	kept as the clearest analyzed example for this pair, stem side, and environment; analyzer segmentation and POS are explicit enough for write-up use	Local `ding` or `nadingin` material suggests a purpose or irrealis-heavy environment. Row status is capped by the pair-level publication status. Needs review before print use.
sia-siah	sia	siah	decay	+h	form_ii	siah	relative_or_attributive_mi	2	02038026	Exodus 38:26	21	tungsiah	tungsiah	tung-siah	arrive-time	tung	N	pha panin a [tungsiah] mi kisimna a	a bekah for every man, that is , half a shekel, after the shekel of the sanctuary, for every one that went to be numbered, from twenty years old and upward, for six hundred thousand and three thousand and five hundred and fifty men .	needs_analyzer_review	kept as the clearest analyzed example for this pair, stem side, and environment; analyzer segmentation and POS are explicit enough for write-up use	A following `mi` suggests a relative-like or attributive nominal environment. Row status is capped by the pair-level publication status. Needs review before print use.
sia-siah	sia	siah	decay	+h	form_ii	siah	unknown_or_needs_review	110	42003012	Luke 3:12	0	Siahdongte	siahdongte	siah-dong-te	judge-until-PL	sia	N	[Siahdongte] pawlkhat zong tui	Then came also publicans to be baptized, and said unto him, Master, what shall we do?	needs_analyzer_review	retained as the clearest available review-bucket example for this pair and stem side; analyzer segmentation and POS are explicit enough for write-up use	No conservative local environment rule fired for this token. Review-bucket rows never count as print-ready evidence. Review bucket only; not a clean syntactic construction. Needs review before print use.
sum-sumh	sum	sumh	money	+h	form_i	sum	finite_main_or_matrix	180	02025003	Exodus 25:3	13	sumngo	sumngo	sum-ngo	brass-iron	sum	V	hi Kham ngun [sumngo]	And this is the offering which ye shall take of them; gold, and silver, and brass,	needs_analyzer_review	kept as the clearest analyzed example for this pair, stem side, and environment; analyzer segmentation and POS are explicit enough for write-up use	No stronger local cue was found, so the token is kept in a conservative finite or matrix bucket. Row status is capped by the pair-level publication status. Needs review before print use.
sum-sumh	sum	sumh	money	+h	form_i	sum	imperative_or_directive	17	21007012	Ecclesiastes 7:12	0	Sum	sum	sum	extinguish	sum	N	[Sum] in hong lungmuansak	For wisdom is a defence, and money is a defence: but the excellency of knowledge is, that wisdom giveth life to them that have it.	needs_analyzer_review	kept as the clearest analyzed example for this pair, stem side, and environment; analyzer segmentation and POS are explicit enough for write-up use	A following imperative-like particle may indicate directive force. Row status is capped by the pair-level publication status. Needs review before print use.
sum-sumh	sum	sumh	money	+h	form_i	sum	negative_clause	19	02021011	Exodus 21:11	12	sum	sum	sum	extinguish	sum	N	bawl kei leh [sum] hong piak kul	And if he do not these three unto her, then shall she go out free without money.	needs_analyzer_review	kept as the clearest analyzed example for this pair, stem side, and environment; analyzer segmentation and POS are explicit enough for write-up use	Nearby negative material marks a negative or irrealis-heavy clause. Row status is capped by the pair-level publication status. Needs review before print use.
sum-sumh	sum	sumh	money	+h	form_i	sum	nominalized_na	24	40025027	Matthew 25:27	0	sumkholna-ah	sumkholna-ah	sum-khol-na-ah	silver-treasure-NMLZ-LOC	sum	FUNC	[sumkholna-ah] ka sum na	thou oughtest therefore to have put my money to the exchangers, and then at my coming I should have received mine own with usury.	needs_analyzer_review	kept as the clearest analyzed example for this pair, stem side, and environment; analyzer segmentation and POS are explicit enough for write-up use	Suffixal `-na` in the analyzer segmentation supports a nominalized environment. Row status is capped by the pair-level publication status. Needs review before print use.
sum-sumh	sum	sumh	money	+h	form_i	sum	possessed_or_genitive_attributive	1	34003016	Nahum 3:16	5	sumbawl	sumbawl	sum-bawl	business-do	sum	N	sangin a tamzaw [sumbawl] mi na om	Thou hast multiplied thy merchants above the stars of heaven: the cankerworm spoileth, and fleeth away.	needs_analyzer_review	kept as the clearest analyzed example for this pair, stem side, and environment; analyzer segmentation and POS are explicit enough for write-up use	A following `mi` plus a preceding possessor-like token suggests an attributive or possessed nominal environment. Row status is capped by the pair-level publication status. Needs review before print use.
sum-sumh	sum	sumh	money	+h	form_i	sum	purpose_nadingin	2	21011001	Ecclesiastes 11:1	0	Sumbawl	sumbawl	sum-bawl	business-do	sum	N	[Sumbawl] nadingin na sumte	Cast thy bread upon the waters: for thou shalt find it after many days.	needs_analyzer_review	kept as the clearest analyzed example for this pair, stem side, and environment; analyzer segmentation and POS are explicit enough for write-up use	Local `ding` or `nadingin` material suggests a purpose or irrealis-heavy environment. Row status is capped by the pair-level publication status. Needs review before print use.
sum-sumh	sum	sumh	money	+h	form_i	sum	quotative_or_say_complement	3	02023008	Exodus 23:8	12	sumgolh	sumgolh	sum-golh	money-desire	sum	N	hiam cih leh [sumgolh] in uliante mit	And thou shalt take no gift: for the gift blindeth the wise, and perverteth the words of the righteous.	needs_analyzer_review	kept as the clearest analyzed example for this pair, stem side, and environment; analyzer segmentation and POS are explicit enough for write-up use	Nearby quotative material suggests embedded or reported-speech structure. Row status is capped by the pair-level publication status. Needs review before print use.
sum-sumh	sum	sumh	money	+h	form_i	sum	unknown_or_needs_review	395	02023008	Exodus 23:8	0	Sumgolh	sumgolh	sum-golh	money-desire	sum	N	[Sumgolh] na la kei	And thou shalt take no gift: for the gift blindeth the wise, and perverteth the words of the righteous.	needs_analyzer_review	retained as the clearest available review-bucket example for this pair and stem side; analyzer segmentation and POS are explicit enough for write-up use	No conservative local environment rule fired for this token. Review-bucket rows never count as print-ready evidence. Review bucket only; not a clean syntactic construction. Needs review before print use.
sum-sumh	sum	sumh	money	+h	form_ii	sumh	unknown_or_needs_review	1	02021021	Exodus 21:21	38	sumh	sumh	sumh	money	sum	N	ciangin amah a [sumh] khin ahi hi	Notwithstanding, if he continue a day or two, he shall not be punished: for he is his money.	needs_analyzer_review	retained as the clearest available review-bucket example for this pair and stem side; analyzer segmentation and POS are explicit enough for write-up use	No conservative local environment rule fired for this token. Review-bucket rows never count as print-ready evidence. Review bucket only; not a clean syntactic construction. Needs review before print use.
tan-tanh	tan	tanh	spread	+h	form_i	tan	causative_or_derivational_sak	13	25003016	Lamentations 3:16	14	tahtansak	tahtansak	tah-tan-sak	exact-stand-CAUS	tah	V	ha a hong [tahtansak] hi	He hath also broken my teeth with gravel stones, He hath covered me with ashes.	exclude_for_now	kept as the clearest analyzed example for this pair, stem side, and environment; analyzer segmentation and POS are explicit enough for write-up use	Causative or derivational `sak` blocks promotion as simple stem-alternation evidence. Derived or lexicalized environments stay excluded at the row level even when the pair is retained for review.
tan-tanh	tan	tanh	spread	+h	form_i	tan	finite_main_or_matrix	83	03024020	Leviticus 24:20	1	kitan	kitan	ki-tan	REFL-judge	tan	V	guh [kitan] tang ding guh	breach for breach, eye for eye, tooth for tooth: as he hath caused a blemish in a man, so shall it be done to him again .	needs_analyzer_review	kept as the clearest analyzed example for this pair, stem side, and environment; analyzer segmentation and POS are explicit enough for write-up use	No stronger local cue was found, so the token is kept in a conservative finite or matrix bucket. Row status is capped by the pair-level publication status. Needs review before print use.
tan-tanh	tan	tanh	spread	+h	form_i	tan	imperative_or_directive	2	18006023	Job 6:23	14	tankhia	tankhia	tan-khia	judge-out	tan	V	khutsung panin hong [tankhia] un hong ci	Or, Deliver me from the enemy's hand? Or, Redeem me from the hand of the mighty?	needs_analyzer_review	kept as the clearest analyzed example for this pair, stem side, and environment; analyzer segmentation and POS are explicit enough for write-up use	A following imperative-like particle may indicate directive force. Row status is capped by the pair-level publication status. Needs review before print use.
tan-tanh	tan	tanh	spread	+h	form_i	tan	negative_clause	8	19034020	Psalms 34:20	10	kitan	kitan	ki-tan	REFL-judge	tan	V	guh khat zong [kitan] lo hi	He keepeth all his bones: Not one of them is broken.	needs_analyzer_review	kept as the clearest analyzed example for this pair, stem side, and environment; analyzer segmentation and POS are explicit enough for write-up use	Nearby negative material marks a negative or irrealis-heavy clause. Row status is capped by the pair-level publication status. Needs review before print use.
tan-tanh	tan	tanh	spread	+h	form_i	tan	nominalized_na	7	15008021	Ezra 8:21	37	tanna	tanna	tan-na	fast-NMLZ	tan	N	Ahava lui-ah an [tanna] ding thu ka	Then I proclaimed a fast there, at the river of Ahava, that we might afflict ourselves before our God, to seek of him a right way for us, and for our little ones, and for all our substance.	needs_analyzer_review	kept as the clearest analyzed example for this pair, stem side, and environment; analyzer segmentation and POS are explicit enough for write-up use	Suffixal `-na` in the analyzer segmentation supports a nominalized environment. Row status is capped by the pair-level publication status. Needs review before print use.
tan-tanh	tan	tanh	spread	+h	form_i	tan	purpose_nadingin	4	12006032	2 Kings 6:32	41	tankhia	tankhia	tan-khia	judge-out	tan	V	ka lutang a [tankhia] dingin hong sawlna	But Elisha sat in his house, and the elders sat with him; and the king sent a man from before him: but ere the messenger came to him, he said to the elders, See ye how this son of a murderer hath sent to take away mine head? look, when the messenger cometh, shut the door, and hold him fast at the door: is not the sound of his master's feet behind him?	needs_analyzer_review	kept as the clearest analyzed example for this pair, stem side, and environment; analyzer segmentation and POS are explicit enough for write-up use	Local `ding` or `nadingin` material suggests a purpose or irrealis-heavy environment. Row status is capped by the pair-level publication status. Needs review before print use.
tan-tanh	tan	tanh	spread	+h	form_i	tan	quotative_or_say_complement	4	40005030	Matthew 5:30	10	sattan	sattan	sat-tan	cut-hang	sat	N	hong piansak leh [sattan] inla paai in	And if thy right hand offend thee, cut it off, and cast it from thee: for it is profitable for thee that one of thy members should perish, and not that thy whole body should be cast into hell.	needs_analyzer_review	kept as the clearest analyzed example for this pair, stem side, and environment; analyzer segmentation and POS are explicit enough for write-up use	Nearby quotative material suggests embedded or reported-speech structure. Row status is capped by the pair-level publication status. Needs review before print use.
tan-tanh	tan	tanh	spread	+h	form_i	tan	relative_or_attributive_mi	1	66014003	Revelation 14:3	21	kitankhiasa	kitankhiasa	ki-tan-khia-sa	REFL-stand-out-PERF	tan	V	pen leitungah a [kitankhiasa] mi tul za	and they sung as it were a new song before the throne, and before the four beasts, and the elders: and no man could learn that song but the hundred and forty and four thousand, which were redeemed from the earth.	needs_analyzer_review	kept as the clearest analyzed example for this pair, stem side, and environment; analyzer segmentation and POS are explicit enough for write-up use	A following `mi` suggests a relative-like or attributive nominal environment. Row status is capped by the pair-level publication status. Needs review before print use.
tan-tanh	tan	tanh	spread	+h	form_i	tan	unknown_or_needs_review	29	01021016	Genesis 21:16	11	tan	tan	tan	assign	tan	N	gamla thallot khat [tan] bangah a ta	And she went, and sat her down over against him a good way off, as it were a bowshot: for she said, Let me not see the death of the child. And she sat over against him , and lift up her voice, and wept.	needs_analyzer_review	retained as the clearest available review-bucket example for this pair and stem side; analyzer segmentation and POS are explicit enough for write-up use	No conservative local environment rule fired for this token. Review-bucket rows never count as print-ready evidence. Review bucket only; not a clean syntactic construction. Needs review before print use.
tan-tanh	tan	tanh	spread	+h	form_ii	tanh	causative_or_derivational_sak	1	03025024	Leviticus 25:24	8	kitanhkiksak	kitanhkiksak	ki-tanh-kik-sak	REFL-redeem-ITER-CAUS	tan	V	leitang khempeuh na [kitanhkiksak] thei ding uh	And in all the land of your possession ye shall grant a redemption for the land.	exclude_for_now	kept as the clearest analyzed example for this pair, stem side, and environment; analyzer segmentation and POS are explicit enough for write-up use	Causative or derivational `sak` blocks promotion as simple stem-alternation evidence. Derived or lexicalized environments stay excluded at the row level even when the pair is retained for review.
tan-tanh	tan	tanh	spread	+h	form_ii	tanh	finite_main_or_matrix	24	03025025	Leviticus 25:25	21	tanh	tanh	tanh	spread	tan	N	a sanggampa zuaksa [tanh] ding hi	If thy brother be waxen poor, and hath sold away some of his possession, and if any of his kin come to redeem it, then shall he redeem that which his brother sold.	needs_analyzer_review	kept as the clearest analyzed example for this pair, stem side, and environment; analyzer segmentation and POS are explicit enough for write-up use	No stronger local cue was found, so the token is kept in a conservative finite or matrix bucket. Row status is capped by the pair-level publication status. Needs review before print use.
tan-tanh	tan	tanh	spread	+h	form_ii	tanh	negative_clause	8	03027020	Leviticus 27:20	7	tanh	tanh	tanh	spread	tan	N	a lo a [tanh] nuam lo ahi	And if he will not redeem the field, or if he have sold the field to another man, it shall not be redeemed any more.	needs_analyzer_review	kept as the clearest analyzed example for this pair, stem side, and environment; analyzer segmentation and POS are explicit enough for write-up use	Nearby negative material marks a negative or irrealis-heavy clause. Row status is capped by the pair-level publication status. Needs review before print use.
tan-tanh	tan	tanh	spread	+h	form_ii	tanh	purpose_nadingin	5	03006017	Leviticus 6:17	17	tanh	tanh	tanh	spread	tan	N	sung panin amau [tanh] dingin ka piaksa	It shall not be baken with leaven. I have given it unto them for their portion of my offerings made by fire; it is most holy, as is the sin offering, and as the trespass offering.	needs_analyzer_review	kept as the clearest analyzed example for this pair, stem side, and environment; analyzer segmentation and POS are explicit enough for write-up use	Local `ding` or `nadingin` material suggests a purpose or irrealis-heavy environment. Row status is capped by the pair-level publication status. Needs review before print use.
tan-tanh	tan	tanh	spread	+h	form_ii	tanh	quotative_or_say_complement	1	08004004	Ruth 4:4	31	tanh	tanh	tanh	spread	tan	N	tat ding leh [tanh] in ahih hangin	and I thought to advertise thee, saying, Buy it before the inhabitants, and before the elders of my people. If thou wilt redeem it , redeem it: but if thou wilt not redeem it, then tell me, that I may know: for there is none to redeem it beside thee; and I am after thee. And he said, I will redeem it .	needs_analyzer_review	kept as the clearest analyzed example for this pair, stem side, and environment; analyzer segmentation and POS are explicit enough for write-up use	Nearby quotative material suggests embedded or reported-speech structure. Row status is capped by the pair-level publication status. Needs review before print use.
tan-tanh	tan	tanh	spread	+h	form_ii	tanh	unknown_or_needs_review	45	03007035	Leviticus 7:35	26	tanh	tanh	tanh	spread	tan	N	leh a suante [tanh] ahi hi	This is the portion of the anointing of Aaron, and of the anointing of his sons, out of the offerings of the LORD made by fire, in the day when he presented them to minister unto the LORD in the priest's office;	needs_analyzer_review	retained as the clearest available review-bucket example for this pair and stem side; analyzer segmentation and POS are explicit enough for write-up use	No conservative local environment rule fired for this token. Review-bucket rows never count as print-ready evidence. Review bucket only; not a clean syntactic construction. Needs review before print use.
thei-theih	thei	theih	know	+h	form_i	thei	causative_or_derivational_sak	72	05004008	Deuteronomy 4:8	106	kitheisak	kitheisak	ki-thei-sak	REFL-know.I-CAUS	thei	V	uh tate tungah [kitheisak] un	And what nation is there so great, that hath statutes and judgments so righteous as all this law, which I set before you this day?	exclude_for_now	kept as the clearest analyzed example for this pair, stem side, and environment; analyzer segmentation and POS are explicit enough for write-up use	Causative or derivational `sak` blocks promotion as simple stem-alternation evidence. Derived or lexicalized environments stay excluded at the row level even when the pair is retained for review.
thei-theih	thei	theih	know	+h	form_i	thei	finite_main_or_matrix	667	55002025	2 Timothy 2:25	24	thei-in	thei-in	thei-in	know.I-ERG	thei	FUNC	thuman thutak hong [thei-in]	in meekness instructing those that oppose themselves; if God peradventure will give them repentance to the acknowledging of the truth;	dossier_only	kept as the clearest analyzed example for this pair, stem side, and environment; analyzer segmentation and POS are explicit enough for write-up use	No stronger local cue was found, so the token is kept in a conservative finite or matrix bucket. Row status is capped by the pair-level publication status. Needs review before print use.
thei-theih	thei	theih	know	+h	form_i	thei	imperative_or_directive	99	02016029	Exodus 16:29	0	Thei	thei	Thei	know	thei	ADJ	[Thei] un Topa in	See, for that the LORD hath given you the sabbath, therefore he giveth you on the sixth day the bread of two days; abide ye every man in his place, let no man go out of his place on the seventh day.	dossier_only	kept as the clearest analyzed example for this pair, stem side, and environment; analyzer segmentation and POS are explicit enough for write-up use	A following imperative-like particle may indicate directive force. Row status is capped by the pair-level publication status. Needs review before print use.
thei-theih	thei	theih	know	+h	form_i	thei	modal_or_ability	556	45009003	Romans 9:3	1	thei	thei	thei	know	thei	ADJ	Hi [thei] ding hileh amaute	For I could wish that myself were accursed from Christ for my brethren, my kinsmen according to the flesh:	dossier_only	kept as the clearest analyzed example for this pair, stem side, and environment; analyzer segmentation and POS are explicit enough for write-up use	The `thei/theih` pair often surfaces in modal or ability-heavy contexts. Row status is capped by the pair-level publication status. Needs review before print use.
thei-theih	thei	theih	know	+h	form_i	thei	negative_clause	888	10015028	2 Samuel 15:28	0	Thei	thei	Thei	know	thei	ADJ	[Thei] in kei kiangah	See, I will tarry in the plain of the wilderness, until there come word from you to certify me.	dossier_only	kept as the clearest analyzed example for this pair, stem side, and environment; analyzer segmentation and POS are explicit enough for write-up use	Nearby negative material marks a negative or irrealis-heavy clause. Row status is capped by the pair-level publication status. Needs review before print use.
thei-theih	thei	theih	know	+h	form_i	thei	possessed_or_genitive_attributive	5	05032015	Deuteronomy 32:15	8	thei	thei	thei	know	thei	ADJ	a a lehdo [thei] mi suak uh	But Jeshurun waxed fat, and kicked: Thou art waxen fat, thou art grown thick, thou art covered with fatness ; Then he forsook God which made him, And lightly esteemed the Rock of his salvation.	dossier_only	kept as the clearest analyzed example for this pair, stem side, and environment; analyzer segmentation and POS are explicit enough for write-up use	A following `mi` plus a preceding possessor-like token suggests an attributive or possessed nominal environment. Row status is capped by the pair-level publication status. Needs review before print use.
thei-theih	thei	theih	know	+h	form_i	thei	purpose_nadingin	35	01018021	Genesis 18:21	12	thei	thei	thei	know	thei	ADJ	hiam ci-in a [thei] dingin ka paisuk	I will go down now, and see whether they have done altogether according to the cry of it, which is come unto me; and if not, I will know.	dossier_only	kept as the clearest analyzed example for this pair, stem side, and environment; analyzer segmentation and POS are explicit enough for write-up use	Local `ding` or `nadingin` material suggests a purpose or irrealis-heavy environment. Row status is capped by the pair-level publication status. Needs review before print use.
thei-theih	thei	theih	know	+h	form_i	thei	quotative_or_say_complement	64	19011003	Psalms 11:3	13	thei	thei	thei	know	thei	ADJ	hiam?” nong ci [thei] diam	If the foundations be destroyed, What can the righteous do?	dossier_only	kept as the clearest analyzed example for this pair, stem side, and environment; analyzer segmentation and POS are explicit enough for write-up use	Nearby quotative material suggests embedded or reported-speech structure. Row status is capped by the pair-level publication status. Needs review before print use.
thei-theih	thei	theih	know	+h	form_i	thei	relative_or_attributive_mi	19	02036008	Exodus 36:8	6	thei	thei	thei	know	thei	ADJ	panin a hih [thei] mi khempeuh in	And every wise hearted man among them that wrought the work of the tabernacle made ten curtains of fine twined linen, and blue, and purple, and scarlet: with cherubims of cunning work made he them.	dossier_only	preferred because this verse is already cited in the dossier or packet; kept as the clearest analyzed example for this pair, stem side, and environment; analyzer segmentation and POS are explicit enough for write-up use	A following `mi` suggests a relative-like or attributive nominal environment. Row status is capped by the pair-level publication status. Needs review before print use.
thei-theih	thei	theih	know	+h	form_i	thei	unknown_or_needs_review	670	22002013	Song of Solomon 2:13	0	Theite	theite	thei-te	know.I-PL	thei	N	[Theite] zong min ta	The fig tree putteth forth her green figs, And the vines with the tender grape Give a good smell. Arise, my love, my fair one, and come away.	needs_analyzer_review	retained as the clearest available review-bucket example for this pair and stem side; analyzer segmentation and POS are explicit enough for write-up use	No conservative local environment rule fired for this token. Review-bucket rows never count as print-ready evidence. Review bucket only; not a clean syntactic construction. Needs review before print use.
thei-theih	thei	theih	know	+h	form_ii	theih	causative_or_derivational_sak	51	20016018	Proverbs 16:18	0	Kisaktheihna	kisaktheihna	ki-sak-theih-na	REFL-make-ABIL-NMLZ	sak	V	[Kisaktheihna] in siatna hong	Pride goeth before destruction, And an haughty spirit before a fall.	exclude_for_now	kept as the clearest analyzed example for this pair, stem side, and environment; analyzer segmentation and POS are explicit enough for write-up use	Causative or derivational `sak` blocks promotion as simple stem-alternation evidence. Derived or lexicalized environments stay excluded at the row level even when the pair is retained for review.
thei-theih	thei	theih	know	+h	form_ii	theih	dependent_temporal_ciangin	44	01028008	Genesis 28:8	14	theih	theih	theih	know.II	thei	V	Esau in a [theih] ciangin	and Esau seeing that the daughters of Canaan pleased not Isaac his father;	dossier_only	kept as the clearest analyzed example for this pair, stem side, and environment; analyzer segmentation and POS are explicit enough for write-up use	Immediate following `ciangin` provides a conservative dependent-temporal cue. Row status is capped by the pair-level publication status. Needs review before print use.
thei-theih	thei	theih	know	+h	form_ii	theih	finite_main_or_matrix	864	04015024	Numbers 15:24	0	theih	theih	theih	know.II	thei	V	[theih] lohna hangin mihonte	then it shall be, if ought be committed by ignorance without the knowledge of the congregation, that all the congregation shall offer one young bullock for a burnt offering, for a sweet savour unto the LORD , with his meat offering, and his drink offering, according to the manner, and one kid of the goats for a sin offering.	dossier_only	kept as the clearest analyzed example for this pair, stem side, and environment; analyzer segmentation and POS are explicit enough for write-up use	No stronger local cue was found, so the token is kept in a conservative finite or matrix bucket. Row status is capped by the pair-level publication status. Needs review before print use.
thei-theih	thei	theih	know	+h	form_ii	theih	imperative_or_directive	3	07009011	Judges 9:11	2	theikung	theikung	theih-kung	oil-tree	thei	N	Ahih hangin [theikung] in amaute kiangah	But the fig tree said unto them, Should I forsake my sweetness, and my good fruit, and go to be promoted over the trees?	dossier_only	kept as the clearest analyzed example for this pair, stem side, and environment; analyzer segmentation and POS are explicit enough for write-up use	A following imperative-like particle may indicate directive force. Row status is capped by the pair-level publication status. Needs review before print use.
thei-theih	thei	theih	know	+h	form_ii	theih	modal_or_ability	112	20008018	Proverbs 8:18	1	theih	theih	theih	know.II	thei	V	Piakkhiat [theih] ding hauhna le	Riches and honour are with me; Yea , durable riches and righteousness.	dossier_only	kept as the clearest analyzed example for this pair, stem side, and environment; analyzer segmentation and POS are explicit enough for write-up use	The `thei/theih` pair often surfaces in modal or ability-heavy contexts. Row status is capped by the pair-level publication status. Needs review before print use.
thei-theih	thei	theih	know	+h	form_ii	theih	negative_clause	160	05028033	Deuteronomy 28:33	1	theih	theih	theih	know.II	thei	V	Na [theih] nai loh uh	The fruit of thy land, and all thy labours, shall a nation which thou knowest not eat up; and thou shalt be only oppressed and crushed alway:	dossier_only	kept as the clearest analyzed example for this pair, stem side, and environment; analyzer segmentation and POS are explicit enough for write-up use	Nearby negative material marks a negative or irrealis-heavy clause. Row status is capped by the pair-level publication status. Needs review before print use.
thei-theih	thei	theih	know	+h	form_ii	theih	nominalized_na	256	01002017	Genesis 2:17	7	theihna	theihna	theih-na	know.II-NMLZ	thei	V	le a sia [theihna] singkung gah pen	but of the tree of the knowledge of good and evil, thou shalt not eat of it: for in the day that thou eatest thereof thou shalt surely die.	dossier_only	preferred because this verse already appears in the curated candidate TSV; kept as the clearest analyzed example for this pair, stem side, and environment; analyzer segmentation and POS are explicit enough for write-up use	Suffixal `-na` in the analyzer segmentation supports a nominalized environment. Row status is capped by the pair-level publication status. Needs review before print use.
thei-theih	thei	theih	know	+h	form_ii	theih	purpose_nadingin	646	51004004	Colossians 4:4	1	teltheih	teltheih	tel-theih	know-ABIL	tel	V	Mite [teltheih] dingin a kitel	that I may make it manifest, as I ought to speak.	dossier_only	kept as the clearest analyzed example for this pair, stem side, and environment; analyzer segmentation and POS are explicit enough for write-up use	Local `ding` or `nadingin` material suggests a purpose or irrealis-heavy environment. Row status is capped by the pair-level publication status. Needs review before print use.
thei-theih	thei	theih	know	+h	form_ii	theih	quotative_or_say_complement	16	59005019	James 5:19	16	theih	theih	theih	know.II	thei	V	a tun pihkik [theih] leh	Brethren, if any of you do err from the truth, and one convert him;	dossier_only	kept as the clearest analyzed example for this pair, stem side, and environment; analyzer segmentation and POS are explicit enough for write-up use	Nearby quotative material suggests embedded or reported-speech structure. Row status is capped by the pair-level publication status. Needs review before print use.
thei-theih	thei	theih	know	+h	form_ii	theih	unknown_or_needs_review	27	20027018	Proverbs 27:18	0	Theikung	theikung	theih-kung	oil-tree	thei	N	[Theikung] a cing pa	Whoso keepeth the fig tree shall eat the fruit thereof: So he that waiteth on his master shall be honoured.	needs_analyzer_review	retained as the clearest available review-bucket example for this pair and stem side; analyzer segmentation and POS are explicit enough for write-up use	No conservative local environment rule fired for this token. Review-bucket rows never count as print-ready evidence. Review bucket only; not a clean syntactic construction. Needs review before print use.
thu-thuh	thu	thuh	word	+h	form_i	thu	causative_or_derivational_sak	5	07011036	Judges 11:36	39	thuksak	thuksak	thu-sak	word-CAUS	thu	N	a ding hong [thuksak] khin hi,” a	And she said unto him, My father, if thou hast opened thy mouth unto the LORD , do to me according to that which hath proceeded out of thy mouth; forasmuch as the LORD hath taken vengeance for thee of thine enemies, even of the children of Ammon.	exclude_for_now	kept as the clearest analyzed example for this pair, stem side, and environment; analyzer segmentation and POS are explicit enough for write-up use	Causative or derivational `sak` blocks promotion as simple stem-alternation evidence. Derived or lexicalized environments stay excluded at the row level even when the pair is retained for review.
thu-thuh	thu	thuh	word	+h	form_i	thu	finite_main_or_matrix	900	01004023	Genesis 4:23	17	thugen	thugen	thu-gen	speech	thu	V	zite aw ka [thugen] ngai un Kei	And Lamech said unto his wives, Adah and Zillah, Hear my voice; Ye wives of Lamech, hearken unto my speech: For I have slain a man to my wounding, And a young man to my hurt.	needs_analyzer_review	preferred because this verse is already cited in the dossier or packet; kept as the clearest analyzed example for this pair, stem side, and environment; analyzer segmentation and POS are explicit enough for write-up use	No stronger local cue was found, so the token is kept in a conservative finite or matrix bucket. Row status is capped by the pair-level publication status. Needs review before print use.
thu-thuh	thu	thuh	word	+h	form_i	thu	imperative_or_directive	146	05019018	Deuteronomy 19:18	0	Thukhente	thukhente	thu-khen-te	word-judge-PL	thu	N	[Thukhente] in limtakin kan	and the judges shall make diligent inquisition: and, behold, if the witness be a false witness, and hath testified falsely against his brother;	needs_analyzer_review	kept as the clearest analyzed example for this pair, stem side, and environment; analyzer segmentation and POS are explicit enough for write-up use	A following imperative-like particle may indicate directive force. Row status is capped by the pair-level publication status. Needs review before print use.
thu-thuh	thu	thuh	word	+h	form_i	thu	negative_clause	634	19119158	Psalms 119:158	0	Thuman	thuman	thu-man	word-reason	thu	N	[Thuman] lo mite ka	I beheld the transgressors, and was grieved; Because they kept not thy word.	needs_analyzer_review	kept as the clearest analyzed example for this pair, stem side, and environment; analyzer segmentation and POS are explicit enough for write-up use	Nearby negative material marks a negative or irrealis-heavy clause. Row status is capped by the pair-level publication status. Needs review before print use.
thu-thuh	thu	thuh	word	+h	form_i	thu	nominalized_na	527	02028030	Exodus 28:30	0	Thukhenna	thukhenna	thu-khen-na	word-judge-NMLZ	thu	N	[Thukhenna] awmdal sungah Urim	And thou shalt put in the breastplate of judgment the Urim and the Thummim; and they shall be upon Aaron's heart, when he goeth in before the LORD : and Aaron shall bear the judgment of the children of Israel upon his heart before the LORD continually.	needs_analyzer_review	kept as the clearest analyzed example for this pair, stem side, and environment; analyzer segmentation and POS are explicit enough for write-up use	Suffixal `-na` in the analyzer segmentation supports a nominalized environment. Row status is capped by the pair-level publication status. Needs review before print use.
thu-thuh	thu	thuh	word	+h	form_i	thu	possessed_or_genitive_attributive	25	01042019	Genesis 42:19	1	thuman	thuman	thu-man	word-reason	thu	N	Note [thuman] mi na hih	if ye be true men , let one of your brethren be bound in the house of your prison: go ye, carry corn for the famine of your houses:	needs_analyzer_review	kept as the clearest analyzed example for this pair, stem side, and environment; analyzer segmentation and POS are explicit enough for write-up use	A following `mi` plus a preceding possessor-like token suggests an attributive or possessed nominal environment. Row status is capped by the pair-level publication status. Needs review before print use.
thu-thuh	thu	thuh	word	+h	form_i	thu	purpose_nadingin	63	41011025	Mark 11:25	0	Thungen	thungen	thu-ngen	word-prayer	thu	N	[Thungen] dingin na din	And when ye stand praying, forgive, if ye have ought against any: that your Father also which is in heaven may forgive you your trespasses.	needs_analyzer_review	kept as the clearest analyzed example for this pair, stem side, and environment; analyzer segmentation and POS are explicit enough for write-up use	Local `ding` or `nadingin` material suggests a purpose or irrealis-heavy environment. Row status is capped by the pair-level publication status. Needs review before print use.
thu-thuh	thu	thuh	word	+h	form_i	thu	quotative_or_say_complement	130	54001011	1 Timothy 1:11	0	Thuman	thuman	thu-man	word-reason	thu	N	[Thuman] ka cih pen	according to the glorious gospel of the blessed God, which was committed to my trust.	needs_analyzer_review	kept as the clearest analyzed example for this pair, stem side, and environment; analyzer segmentation and POS are explicit enough for write-up use	Nearby quotative material suggests embedded or reported-speech structure. Row status is capped by the pair-level publication status. Needs review before print use.
thu-thuh	thu	thuh	word	+h	form_i	thu	relative_or_attributive_mi	39	01018028	Genesis 18:28	0	Thuman	thuman	thu-man	word-reason	thu	N	[Thuman] mi sawmnga sung	peradventure there shall lack five of the fifty righteous: wilt thou destroy all the city for lack of five? And he said, If I find there forty and five, I will not destroy it .	needs_analyzer_review	kept as the clearest analyzed example for this pair, stem side, and environment; analyzer segmentation and POS are explicit enough for write-up use	A following `mi` suggests a relative-like or attributive nominal environment. Row status is capped by the pair-level publication status. Needs review before print use.
thu-thuh	thu	thuh	word	+h	form_i	thu	unknown_or_needs_review	8128	01002024	Genesis 2:24	1	thu	thu	thu	word	thu	N	Tua [thu] hangin pasal in	Therefore shall a man leave his father and his mother, and shall cleave unto his wife: and they shall be one flesh.	needs_analyzer_review	preferred because this verse is already cited in the dossier or packet; retained as the clearest available review-bucket example for this pair and stem side; analyzer segmentation and POS are explicit enough for write-up use	No conservative local environment rule fired for this token. Review-bucket rows never count as print-ready evidence. Review bucket only; not a clean syntactic construction. Needs review before print use.
thu-thuh	thu	thuh	word	+h	form_ii	thuh	finite_main_or_matrix	4	17003012	Esther 3:12	68	kithuh	kithuh	ki-thuh	REFL-seal	thu	V	zungbuh tawh min [kithuh] hi	Then were the king's scribes called on the thirteenth day of the first month, and there was written according to all that Haman had commanded unto the king's lieutenants, and to the governors that were over every province, and to the rulers of every people of every province according to the writing thereof, and to every people after their language; in the name of king Ahasuerus was it written, and sealed with the king's ring.	needs_analyzer_review	kept as the clearest analyzed example for this pair, stem side, and environment; analyzer segmentation and POS are explicit enough for write-up use	No stronger local cue was found, so the token is kept in a conservative finite or matrix bucket. Row status is capped by the pair-level publication status. Needs review before print use.
thu-thuh	thu	thuh	word	+h	form_ii	thuh	imperative_or_directive	1	17008008	Esther 8:8	40	thuh	thuh	thuh	word	thu	N	minthuhna zungbuh tawh [thuh] in,” a ci	Write ye also for the Jews, as it liketh you, in the king's name, and seal it with the king's ring: for the writing which is written in the king's name, and sealed with the king's ring, may no man reverse.	needs_analyzer_review	kept as the clearest analyzed example for this pair, stem side, and environment; analyzer segmentation and POS are explicit enough for write-up use	A following imperative-like particle may indicate directive force. Row status is capped by the pair-level publication status. Needs review before print use.
thu-thuh	thu	thuh	word	+h	form_ii	thuh	nominalized_na	8	17003010	Esther 3:10	9	minthuhna	minthuhna	min-thuh-na	name-sign-NMLZ	min	N	khutsung panin a [minthuhna] zungbuh suahin Jew	And the king took his ring from his hand, and gave it unto Haman the son of Hammedatha the Agagite, the Jews' enemy.	needs_analyzer_review	kept as the clearest analyzed example for this pair, stem side, and environment; analyzer segmentation and POS are explicit enough for write-up use	Suffixal `-na` in the analyzer segmentation supports a nominalized environment. Row status is capped by the pair-level publication status. Needs review before print use.
thu-thuh	thu	thuh	word	+h	form_ii	thuh	unknown_or_needs_review	3	19018047	Psalms 18:47	1	thuhkik	thuhkik	thuh-kik	portion-return	thu	N	hong [thuhkik] sakin keima nuai-ah	It is God that avengeth me, And subdueth the people under me.	needs_analyzer_review	retained as the clearest available review-bucket example for this pair and stem side; analyzer segmentation and POS are explicit enough for write-up use	No conservative local environment rule fired for this token. Review-bucket rows never count as print-ready evidence. Review bucket only; not a clean syntactic construction. Needs review before print use.
tu-tuh	tu	tuh	sit	+h	form_i	tu	causative_or_derivational_sak	19	09009022	1 Samuel 9:22	26	tusak	tusak	tu-sak	now-CAUS	tu	V	bul lamah a [tusak] hi	And Samuel took Saul and his servant, and brought them into the parlour, and made them sit in the chiefest place among them that were bidden, which were about thirty persons.	exclude_for_now	kept as the clearest analyzed example for this pair, stem side, and environment; analyzer segmentation and POS are explicit enough for write-up use	Causative or derivational `sak` blocks promotion as simple stem-alternation evidence. Derived or lexicalized environments stay excluded at the row level even when the pair is retained for review.
tu-tuh	tu	tuh	sit	+h	form_i	tu	clause_linking_kipan	3	14016009	2 Chronicles 16:9	39	tu	tu	tu	now	tu	CONJ	hiam cih leh [tu] a kipan gal	For the eyes of the LORD run to and fro throughout the whole earth, to shew himself strong in the behalf of them whose heart is perfect toward him. Herein thou hast done foolishly: therefore from henceforth thou shalt have wars.	needs_analyzer_review	kept as the clearest analyzed example for this pair, stem side, and environment; analyzer segmentation and POS are explicit enough for write-up use	Local `a kipan` sequence marks a clause-linking or source/beginning environment. Row status is capped by the pair-level publication status. Needs review before print use.
tu-tuh	tu	tuh	sit	+h	form_i	tu	dependent_temporal_ciangin	6	33007006	Micah 7:6	0	Tuhun	tuhun	tu-hun	now-time	tu	N	[Tuhun] ciangin tapate in	For the son dishonoureth the father, the daughter riseth up against her mother, the daughter in law against her mother in law; a man's enemies are the men of his own house.	needs_analyzer_review	kept as the clearest analyzed example for this pair, stem side, and environment; analyzer segmentation and POS are explicit enough for write-up use	Immediate following `ciangin` provides a conservative dependent-temporal cue. Row status is capped by the pair-level publication status. Needs review before print use.
tu-tuh	tu	tuh	sit	+h	form_i	tu	dependent_temporal_ni_in	2	58001005	Hebrews 1:5	16	Tu	tu	Tu	now	tu	CONJ	na hi hi [Tu] ni-in na Pa	For unto which of the angels said he at any time, Thou art my Son, This day have I begotten thee? And again, I will be to him a Father, And he shall be to me a Son?	needs_analyzer_review	kept as the clearest analyzed example for this pair, stem side, and environment; analyzer segmentation and POS are explicit enough for write-up use	Immediate following `ni-in` provides a conservative dependent-temporal cue. Row status is capped by the pair-level publication status. Needs review before print use.
tu-tuh	tu	tuh	sit	+h	form_i	tu	finite_main_or_matrix	1322	01003001	Genesis 3:1	0	Tu-in	tu-in	Tu-in	now-ERG	tu	FUNC	[Tu-in] gulpi pen Topa	Now the serpent was more subtil than any beast of the field which the LORD God had made. And he said unto the woman, Yea, hath God said, Ye shall not eat of every tree of the garden?	needs_analyzer_review	preferred because this verse is already cited in the dossier or packet; kept as the clearest analyzed example for this pair, stem side, and environment; analyzer segmentation and POS are explicit enough for write-up use	No stronger local cue was found, so the token is kept in a conservative finite or matrix bucket. Row status is capped by the pair-level publication status. Needs review before print use.
tu-tuh	tu	tuh	sit	+h	form_i	tu	imperative_or_directive	14	19007007	Psalms 7:7	12	tu	tu	tu	now	tu	CONJ	a sangna munah [tu] in	So shall the congregation of the people compass thee about: For their sakes therefore return thou on high.	needs_analyzer_review	kept as the clearest analyzed example for this pair, stem side, and environment; analyzer segmentation and POS are explicit enough for write-up use	A following imperative-like particle may indicate directive force. Row status is capped by the pair-level publication status. Needs review before print use.
tu-tuh	tu	tuh	sit	+h	form_i	tu	negative_clause	78	09010002	1 Samuel 10:2	0	Tuni-in	tuni-in	tu-ni-in	now-day-ERG	tu	FUNC	[Tuni-in] kei kiang panin	When thou art departed from me to day, then thou shalt find two men by Rachel's sepulchre in the border of Benjamin at Zelzah; and they will say unto thee, The asses which thou wentest to seek are found: and, lo, thy father hath left the care of the asses, and sorroweth for you, saying, What shall I do for my son?	needs_analyzer_review	kept as the clearest analyzed example for this pair, stem side, and environment; analyzer segmentation and POS are explicit enough for write-up use	Nearby negative material marks a negative or irrealis-heavy clause. Row status is capped by the pair-level publication status. Needs review before print use.
tu-tuh	tu	tuh	sit	+h	form_i	tu	purpose_nadingin	9	05032024	Deuteronomy 32:24	31	tu	tu	tu	now	tu	CONJ	gamsate amaute a [tu] dingin gu a	They shall be burnt with hunger, and devoured with burning heat, And with bitter destruction: I will also send the teeth of beasts upon them, With the poison of serpents of the dust.	needs_analyzer_review	kept as the clearest analyzed example for this pair, stem side, and environment; analyzer segmentation and POS are explicit enough for write-up use	Local `ding` or `nadingin` material suggests a purpose or irrealis-heavy environment. Row status is capped by the pair-level publication status. Needs review before print use.
tu-tuh	tu	tuh	sit	+h	form_i	tu	quotative_or_say_complement	30	19129001	Psalms 129:1	15	tu-in	tu-in	tu-in	now-ERG	tu	FUNC	hi,” Israel in [tu-in] ci tahen	Many a time have they afflicted me from my youth, May Israel now say:	needs_analyzer_review	kept as the clearest analyzed example for this pair, stem side, and environment; analyzer segmentation and POS are explicit enough for write-up use	Nearby quotative material suggests embedded or reported-speech structure. Row status is capped by the pair-level publication status. Needs review before print use.
tu-tuh	tu	tuh	sit	+h	form_i	tu	relative_or_attributive_mi	7	09025033	1 Samuel 25:33	0	Tuni-in	tuni-in	tu-ni-in	now-day-ERG	tu	FUNC	[Tuni-in] mi thahna le	and blessed be thy advice, and blessed be thou, which hast kept me this day from coming to shed blood, and from avenging myself with mine own hand.	needs_analyzer_review	kept as the clearest analyzed example for this pair, stem side, and environment; analyzer segmentation and POS are explicit enough for write-up use	A following `mi` suggests a relative-like or attributive nominal environment. Row status is capped by the pair-level publication status. Needs review before print use.
tu-tuh	tu	tuh	sit	+h	form_i	tu	unknown_or_needs_review	497	02012002	Exodus 12:2	0	“Tu	“tu	Tu	now	tu	N	[“Tu] kha pen note	This month shall be unto you the beginning of months: it shall be the first month of the year to you.	needs_analyzer_review	retained as the clearest available review-bucket example for this pair and stem side; analyzer segmentation and POS are explicit enough for write-up use	No conservative local environment rule fired for this token. Review-bucket rows never count as print-ready evidence. Review bucket only; not a clean syntactic construction. Needs review before print use.
tu-tuh	tu	tuh	sit	+h	form_ii	tuh	finite_main_or_matrix	40	28010012	Hosea 10:12	1	tuh	tuh	tuh	sow	tu	V	Khai [tuh] bangin thuman tuhin	Sow to yourselves in righteousness, reap in mercy; break up your fallow ground: for it is time to seek the LORD , till he come and rain righteousness upon you.	needs_analyzer_review	kept as the clearest analyzed example for this pair, stem side, and environment; analyzer segmentation and POS are explicit enough for write-up use	No stronger local cue was found, so the token is kept in a conservative finite or matrix bucket. Row status is capped by the pair-level publication status. Needs review before print use.
tu-tuh	tu	tuh	sit	+h	form_ii	tuh	imperative_or_directive	2	24050008	Jeremiah 50:8	22	kituh	kituh	ki-tuh	REFL-push	tu	V	paikhia masa ding [kituh] un	Remove out of the midst of Babylon, and go forth out of the land of the Chaldeans, and be as the he goats before the flocks.	needs_analyzer_review	kept as the clearest analyzed example for this pair, stem side, and environment; analyzer segmentation and POS are explicit enough for write-up use	A following imperative-like particle may indicate directive force. Row status is capped by the pair-level publication status. Needs review before print use.
tu-tuh	tu	tuh	sit	+h	form_ii	tuh	negative_clause	8	05029023	Deuteronomy 29:23	11	kituh	kituh	ki-tuh	REFL-push	tu	V	a kangtum khai [kituh] lo bangmah po	and that the whole land thereof is brimstone, and salt, and burning, that it is not sown, nor beareth, nor any grass groweth therein, like the overthrow of Sodom, and Gomorrah, Admah, and Zeboim, which the LORD overthrew in his anger, and in his wrath:	needs_analyzer_review	kept as the clearest analyzed example for this pair, stem side, and environment; analyzer segmentation and POS are explicit enough for write-up use	Nearby negative material marks a negative or irrealis-heavy clause. Row status is capped by the pair-level publication status. Needs review before print use.
tu-tuh	tu	tuh	sit	+h	form_ii	tuh	nominalized_na	6	44025019	Acts 25:19	2	kituhna	kituhna	ki-tuh-na	REFL-dispute-NMLZ	tu	V	Amau thu [kituhna] pen amau biakna	but had certain questions against him of their own superstition, and of one Jesus, which was dead, whom Paul affirmed to be alive.	needs_analyzer_review	kept as the clearest analyzed example for this pair, stem side, and environment; analyzer segmentation and POS are explicit enough for write-up use	Suffixal `-na` in the analyzer segmentation supports a nominalized environment. Row status is capped by the pair-level publication status. Needs review before print use.
tu-tuh	tu	tuh	sit	+h	form_ii	tuh	unknown_or_needs_review	5	43004036	John 4:36	0	Khaituh	khaituh	khai-tuh	balance-sow	khai	N	[Khaituh] pa le anla	And he that reapeth receiveth wages, and gathereth fruit unto life eternal: that both he that soweth and he that reapeth may rejoice together.	needs_analyzer_review	retained as the clearest available review-bucket example for this pair and stem side; analyzer segmentation and POS are explicit enough for write-up use	No conservative local environment rule fired for this token. Review-bucket rows never count as print-ready evidence. Review bucket only; not a clean syntactic construction. Needs review before print use.
tua-tuah	tua	tuah	do	+h	form_ii	tuah	causative_or_derivational_sak	2	24015013	Jeremiah 15:13	30	tuahsakmang	tuahsakmang	tuah-sak-mang	do.II-CAUS-COMPL	tua	V	galte uh ka [tuahsakmang] ding hi	Thy substance and thy treasures will I give to the spoil without price, and that for all thy sins, even in all thy borders.	exclude_for_now	kept as the clearest analyzed example for this pair, stem side, and environment; analyzer segmentation and POS are explicit enough for write-up use	Causative or derivational `sak` blocks promotion as simple stem-alternation evidence. Derived or lexicalized environments stay excluded at the row level even when the pair is retained for review.
tua-tuah	tua	tuah	do	+h	form_ii	tuah	dependent_temporal_ciangin	13	49004014	Ephesians 4:14	0	Tuahun	tuahun	tuah-un	do-time	tua	V	[Tuahun] ciangin thu upna	that we henceforth be no more children, tossed to and fro, and carried about with every wind of doctrine, by the sleight of men, and cunning craftiness, whereby they lie in wait to deceive;	needs_analyzer_review	kept as the clearest analyzed example for this pair, stem side, and environment; analyzer segmentation and POS are explicit enough for write-up use	Immediate following `ciangin` provides a conservative dependent-temporal cue. Row status is capped by the pair-level publication status. Needs review before print use.
tua-tuah	tua	tuah	do	+h	form_ii	tuah	dependent_temporal_ni_in	4	31001012	Obadiah 1:12	4	tuahsiat	tuahsiat	tuah-siat	do-destroy	tua	V	sanggamte uh a [tuahsiat] ni-in mu nuam	But thou shouldest not have looked on the day of thy brother in the day that he became a stranger; neither shouldest thou have rejoiced over the children of Judah in the day of their destruction; neither shouldest thou have spoken proudly in the day of distress.	needs_analyzer_review	kept as the clearest analyzed example for this pair, stem side, and environment; analyzer segmentation and POS are explicit enough for write-up use	Immediate following `ni-in` provides a conservative dependent-temporal cue. Row status is capped by the pair-level publication status. Needs review before print use.
tua-tuah	tua	tuah	do	+h	form_ii	tuah	finite_main_or_matrix	95	42013031	Luke 13:31	0	Tuahun	tuahun	tuah-un	do-time	tua	V	[Tuahun] laitakin Farisi mi	The same day there came certain of the Pharisees, saying unto him, Get thee out, and depart hence: for Herod will kill thee.	needs_analyzer_review	kept as the clearest analyzed example for this pair, stem side, and environment; analyzer segmentation and POS are explicit enough for write-up use	No stronger local cue was found, so the token is kept in a conservative finite or matrix bucket. Row status is capped by the pair-level publication status. Needs review before print use.
tua-tuah	tua	tuah	do	+h	form_ii	tuah	negative_clause	7	20011008	Proverbs 11:8	2	tuah	tuah	tuah	do	tua	V	Lungkhamna a [tuah] loh nadingun midikte	The righteous is delivered out of trouble, And the wicked cometh in his stead.	needs_analyzer_review	kept as the clearest analyzed example for this pair, stem side, and environment; analyzer segmentation and POS are explicit enough for write-up use	Nearby negative material marks a negative or irrealis-heavy clause. Row status is capped by the pair-level publication status. Needs review before print use.
tua-tuah	tua	tuah	do	+h	form_ii	tuah	nominalized_na	15	20013021	Proverbs 13:21	0	Tuahsiatna	tuahsiatna	tuah-siat-na	do-bad-NMLZ	tua	V	[Tuahsiatna] in mawhneite sulzuih	Evil pursueth sinners: But to the righteous good shall be repaid.	needs_analyzer_review	kept as the clearest analyzed example for this pair, stem side, and environment; analyzer segmentation and POS are explicit enough for write-up use	Suffixal `-na` in the analyzer segmentation supports a nominalized environment. Row status is capped by the pair-level publication status. Needs review before print use.
tua-tuah	tua	tuah	do	+h	form_ii	tuah	possessed_or_genitive_attributive	1	19010010	Psalms 10:10	5	tuahsia	tuahsia	tuah-sia	meet-bad	tua	N	thu tawh mi [tuahsia] mi sucipin a	He croucheth, and humbleth himself, That the poor may fall by his strong ones.	needs_analyzer_review	kept as the clearest analyzed example for this pair, stem side, and environment; analyzer segmentation and POS are explicit enough for write-up use	A following `mi` plus a preceding possessor-like token suggests an attributive or possessed nominal environment. Row status is capped by the pair-level publication status. Needs review before print use.
tua-tuah	tua	tuah	do	+h	form_ii	tuah	purpose_nadingin	4	09017048	1 Samuel 17:48	3	kituah	kituah	ki-tuah	REFL-meet	tua	V	David tawh a [kituah] dingin Filistia-pa dingin	And it came to pass, when the Philistine arose, and came and drew nigh to meet David, that David hasted, and ran toward the army to meet the Philistine.	needs_analyzer_review	kept as the clearest analyzed example for this pair, stem side, and environment; analyzer segmentation and POS are explicit enough for write-up use	Local `ding` or `nadingin` material suggests a purpose or irrealis-heavy environment. Row status is capped by the pair-level publication status. Needs review before print use.
tua-tuah	tua	tuah	do	+h	form_ii	tuah	quotative_or_say_complement	1	04016029	Numbers 16:29	22	tuah	tuah	tuah	do	tua	V	tuah ngeite a [tuah] leh Topa in	If these men die the common death of all men, or if they be visited after the visitation of all men; then the LORD hath not sent me.	needs_analyzer_review	kept as the clearest analyzed example for this pair, stem side, and environment; analyzer segmentation and POS are explicit enough for write-up use	Nearby quotative material suggests embedded or reported-speech structure. Row status is capped by the pair-level publication status. Needs review before print use.
tua-tuah	tua	tuah	do	+h	form_ii	tuah	relative_or_attributive_mi	2	07007006	Judges 7:6	9	tuah	tuah	tuah	do	tua	V	a kamah a [tuah] mi zathum ahi	And the number of them that lapped, putting their hand to their mouth, were three hundred men: but all the rest of the people bowed down upon their knees to drink water.	needs_analyzer_review	kept as the clearest analyzed example for this pair, stem side, and environment; analyzer segmentation and POS are explicit enough for write-up use	A following `mi` suggests a relative-like or attributive nominal environment. Row status is capped by the pair-level publication status. Needs review before print use.
tua-tuah	tua	tuah	do	+h	form_ii	tuah	unknown_or_needs_review	26	19150005	Psalms 150:5	0	Daltuahte	daltuahte	dal-tuah-te	hinder-meet-PL	dal	N	[Daltuahte] tawh amah phat	Praise him upon the loud cymbals: Praise him upon the high sounding cymbals.	needs_analyzer_review	retained as the clearest available review-bucket example for this pair and stem side; analyzer segmentation and POS are explicit enough for write-up use	No conservative local environment rule fired for this token. Review-bucket rows never count as print-ready evidence. Review bucket only; not a clean syntactic construction. Needs review before print use.
tua-tuak	tua	tuak	meet	+k	form_i	tua	clause_linking_kipan	3	19121008	Psalms 121:8	2	tua	tua	tua	that	tua	DET	Topa in [tua] kipan a tawntungin	The LORD shall preserve thy going out and thy coming in From this time forth, and even for evermore.	needs_analyzer_review	kept as the clearest analyzed example for this pair, stem side, and environment; analyzer segmentation and POS are explicit enough for write-up use	Form I stem `tua` participates in multiple analyzer pairs (tua-tuah, tua-tuak); counted under canonical pair tua-tuak. Alternate Form II analyses remain visible in pair summary notes: tua-tuah. Local `a kipan` sequence marks a clause-linking or source/beginning environment. Row status is capped by the pair-level publication status. Needs review before print use.
tua-tuak	tua	tuak	meet	+k	form_i	tua	dependent_temporal_ciangin	4241	01004002	Genesis 4:2	0	Tua	tua	Tua	that	tua	DET	[Tua] ciangin a sanggampa	And she again bare his brother Abel. And Abel was a keeper of sheep, but Cain was a tiller of the ground.	needs_analyzer_review	preferred because this verse is already cited in the dossier or packet; kept as the clearest analyzed example for this pair, stem side, and environment; analyzer segmentation and POS are explicit enough for write-up use	Form I stem `tua` participates in multiple analyzer pairs (tua-tuah, tua-tuak); counted under canonical pair tua-tuak. Alternate Form II analyses remain visible in pair summary notes: tua-tuah. Immediate following `ciangin` provides a conservative dependent-temporal cue. Row status is capped by the pair-level publication status. Needs review before print use.
tua-tuak	tua	tuak	meet	+k	form_i	tua	dependent_temporal_ni_in	85	01015018	Genesis 15:18	0	Tua	tua	Tua	that	tua	DET	[Tua] ni-in Topa in	In the same day the LORD made a covenant with Abram, saying, Unto thy seed have I given this land, from the river of Egypt unto the great river, the river Euphrates:	needs_analyzer_review	kept as the clearest analyzed example for this pair, stem side, and environment; analyzer segmentation and POS are explicit enough for write-up use	Form I stem `tua` participates in multiple analyzer pairs (tua-tuah, tua-tuak); counted under canonical pair tua-tuak. Alternate Form II analyses remain visible in pair summary notes: tua-tuah. Immediate following `ni-in` provides a conservative dependent-temporal cue. Row status is capped by the pair-level publication status. Needs review before print use.
tua-tuak	tua	tuak	meet	+k	form_i	tua	finite_main_or_matrix	103	05010015	Deuteronomy 10:15	0	Tua	tua	Tua	that	tua	DET	[Tua] hi napi-in Topa	Only the LORD had a delight in thy fathers to love them, and he chose their seed after them, even you above all people, as it is this day.	needs_analyzer_review	kept as the clearest analyzed example for this pair, stem side, and environment; analyzer segmentation and POS are explicit enough for write-up use	Form I stem `tua` participates in multiple analyzer pairs (tua-tuah, tua-tuak); counted under canonical pair tua-tuak. Alternate Form II analyses remain visible in pair summary notes: tua-tuah. No stronger local cue was found, so the token is kept in a conservative finite or matrix bucket. Row status is capped by the pair-level publication status. Needs review before print use.
tua-tuak	tua	tuak	meet	+k	form_i	tua	imperative_or_directive	40	03013022	Leviticus 13:22	0	Tua	tua	Tua	that	tua	DET	[Tua] in a vun	and if it spread much abroad in the skin, then the priest shall pronounce him unclean: it is a plague.	needs_analyzer_review	kept as the clearest analyzed example for this pair, stem side, and environment; analyzer segmentation and POS are explicit enough for write-up use	Form I stem `tua` participates in multiple analyzer pairs (tua-tuah, tua-tuak); counted under canonical pair tua-tuak. Alternate Form II analyses remain visible in pair summary notes: tua-tuah. A following imperative-like particle may indicate directive force. Row status is capped by the pair-level publication status. Needs review before print use.
tua-tuak	tua	tuak	meet	+k	form_i	tua	negative_clause	295	01004005	Genesis 4:5	9	Tua	tua	Tua	that	tua	DET	thusim lo hi [Tua] ahih ciangin Kain	but unto Cain and to his offering he had not respect. And Cain was very wroth, and his countenance fell.	needs_analyzer_review	preferred because this verse is already cited in the dossier or packet; kept as the clearest analyzed example for this pair, stem side, and environment; analyzer segmentation and POS are explicit enough for write-up use	Form I stem `tua` participates in multiple analyzer pairs (tua-tuah, tua-tuak); counted under canonical pair tua-tuak. Alternate Form II analyses remain visible in pair summary notes: tua-tuah. Nearby negative material marks a negative or irrealis-heavy clause. Row status is capped by the pair-level publication status. Needs review before print use.
tua-tuak	tua	tuak	meet	+k	form_i	tua	possessed_or_genitive_attributive	3	03017015	Leviticus 17:15	18	tua	tua	tua	that	tua	DET	hitaleh peemta hitaleh [tua] mi in a	And every soul that eateth that which died of itself , or that which was torn with beasts, whether it be one of your own country, or a stranger, he shall both wash his clothes, and bathe himself in water, and be unclean until the even: then shall he be clean.	needs_analyzer_review	kept as the clearest analyzed example for this pair, stem side, and environment; analyzer segmentation and POS are explicit enough for write-up use	Form I stem `tua` participates in multiple analyzer pairs (tua-tuah, tua-tuak); counted under canonical pair tua-tuak. Alternate Form II analyses remain visible in pair summary notes: tua-tuah. A following `mi` plus a preceding possessor-like token suggests an attributive or possessed nominal environment. Row status is capped by the pair-level publication status. Needs review before print use.
tua-tuak	tua	tuak	meet	+k	form_i	tua	purpose_nadingin	2	04003047	Numbers 3:47	0	tuate	tuate	tua-te	DIST-PL	tua	DET	[tuate] tat nadingin shekel	thou shalt even take five shekels apiece by the poll, after the shekel of the sanctuary shalt thou take them: (the shekel is twenty gerahs:)	needs_analyzer_review	kept as the clearest analyzed example for this pair, stem side, and environment; analyzer segmentation and POS are explicit enough for write-up use	Form I stem `tua` participates in multiple analyzer pairs (tua-tuah, tua-tuak); counted under canonical pair tua-tuak. Alternate Form II analyses remain visible in pair summary notes: tua-tuah. Local `ding` or `nadingin` material suggests a purpose or irrealis-heavy environment. Row status is capped by the pair-level publication status. Needs review before print use.
tua-tuak	tua	tuak	meet	+k	form_i	tua	quotative_or_say_complement	147	01002017	Genesis 2:17	21	tua	tua	tua	that	tua	DET	hiam cih leh [tua] na nek ni-in	but of the tree of the knowledge of good and evil, thou shalt not eat of it: for in the day that thou eatest thereof thou shalt surely die.	needs_analyzer_review	preferred because this verse is already cited in the dossier or packet; kept as the clearest analyzed example for this pair, stem side, and environment; analyzer segmentation and POS are explicit enough for write-up use	Form I stem `tua` participates in multiple analyzer pairs (tua-tuah, tua-tuak); counted under canonical pair tua-tuak. Alternate Form II analyses remain visible in pair summary notes: tua-tuah. Nearby quotative material suggests embedded or reported-speech structure. Row status is capped by the pair-level publication status. Needs review before print use.
tua-tuak	tua	tuak	meet	+k	form_i	tua	relative_or_attributive_mi	36	04035024	Numbers 35:24	0	tua	tua	tua	that	tua	DET	[tua] mi that pa	then the congregation shall judge between the slayer and the revenger of blood according to these judgments:	needs_analyzer_review	kept as the clearest analyzed example for this pair, stem side, and environment; analyzer segmentation and POS are explicit enough for write-up use	Form I stem `tua` participates in multiple analyzer pairs (tua-tuah, tua-tuak); counted under canonical pair tua-tuak. Alternate Form II analyses remain visible in pair summary notes: tua-tuah. A following `mi` suggests a relative-like or attributive nominal environment. Row status is capped by the pair-level publication status. Needs review before print use.
tua-tuak	tua	tuak	meet	+k	form_i	tua	unknown_or_needs_review	8319	01002001	Genesis 2:1	0	Tua	tua	Tua	that	tua	DET	[Tua] ahih ciangin vantung	Thus the heavens and the earth were finished, and all the host of them.	needs_analyzer_review	preferred because this verse is already cited in the dossier or packet; retained as the clearest available review-bucket example for this pair and stem side; analyzer segmentation and POS are explicit enough for write-up use	Form I stem `tua` participates in multiple analyzer pairs (tua-tuah, tua-tuak); counted under canonical pair tua-tuak. Alternate Form II analyses remain visible in pair summary notes: tua-tuah. No conservative local environment rule fired for this token. Review-bucket rows never count as print-ready evidence. Review bucket only; not a clean syntactic construction. Needs review before print use.
tua-tuak	tua	tuak	meet	+k	form_ii	tuak	causative_or_derivational_sak	6	18008004	Job 8:4	10	tuaksak	tuaksak	tuak-sak	meet.II-BENF	tua	V	mawhnate amaute a [tuaksak] ahi hi	If thy children have sinned against him, And he have cast them away for their transgression;	exclude_for_now	kept as the clearest analyzed example for this pair, stem side, and environment; analyzer segmentation and POS are explicit enough for write-up use	Causative or derivational `sak` blocks promotion as simple stem-alternation evidence. Derived or lexicalized environments stay excluded at the row level even when the pair is retained for review.
tua-tuak	tua	tuak	meet	+k	form_ii	tuak	finite_main_or_matrix	136	10013002	2 Samuel 13:2	33	tuaklo	tuaklo	tuak-lo	encounter-NEG	tua	N	muhtheih nading omtheih [tuaklo] hi	And Amnon was so vexed, that he fell sick for his sister Tamar; for she was a virgin; and Amnon thought it hard for him to do any thing to her.	needs_analyzer_review	kept as the clearest analyzed example for this pair, stem side, and environment; analyzer segmentation and POS are explicit enough for write-up use	No stronger local cue was found, so the token is kept in a conservative finite or matrix bucket. Row status is capped by the pair-level publication status. Needs review before print use.
tua-tuak	tua	tuak	meet	+k	form_ii	tuak	imperative_or_directive	4	42004009	Luke 4:9	29	tuaksuk	tuaksuk	tuak-suk	meet.II-DOWN	tua	V	hih lai panin [tuaksuk] in	And he brought him to Jerusalem, and set him on a pinnacle of the temple, and said unto him, If thou be the Son of God, cast thyself down from hence:	needs_analyzer_review	kept as the clearest analyzed example for this pair, stem side, and environment; analyzer segmentation and POS are explicit enough for write-up use	A following imperative-like particle may indicate directive force. Row status is capped by the pair-level publication status. Needs review before print use.
tua-tuak	tua	tuak	meet	+k	form_ii	tuak	negative_clause	26	41014056	Mark 14:56	17	kituak	kituak	ki-tuak	REFL-meet	tua	V	genna uh khatlekhat [kituak] lo hi	For many bare false witness against him, but their witness agreed not together.	needs_analyzer_review	kept as the clearest analyzed example for this pair, stem side, and environment; analyzer segmentation and POS are explicit enough for write-up use	Nearby negative material marks a negative or irrealis-heavy clause. Row status is capped by the pair-level publication status. Needs review before print use.
tua-tuak	tua	tuak	meet	+k	form_ii	tuak	purpose_nadingin	1	21003011	Ecclesiastes 3:11	9	kituak	kituak	ki-tuak	REFL-meet	tua	V	ciat tawh a [kituak] dingin a bawl	He hath made every thing beautiful in his time: also he hath set the world in their heart, so that no man can find out the work that God maketh from the beginning to the end.	needs_analyzer_review	kept as the clearest analyzed example for this pair, stem side, and environment; analyzer segmentation and POS are explicit enough for write-up use	Local `ding` or `nadingin` material suggests a purpose or irrealis-heavy environment. Row status is capped by the pair-level publication status. Needs review before print use.
tua-tuak	tua	tuak	meet	+k	form_ii	tuak	quotative_or_say_complement	5	03014037	Leviticus 14:37	34	tuak	tuak	tuak	receive	tua	N	a thuk zawk [tuak] leh	and he shall look on the plague, and, behold, if the plague be in the walls of the house with hollow strakes, greenish or reddish, which in sight are lower than the wall;	needs_analyzer_review	kept as the clearest analyzed example for this pair, stem side, and environment; analyzer segmentation and POS are explicit enough for write-up use	Nearby quotative material suggests embedded or reported-speech structure. Row status is capped by the pair-level publication status. Needs review before print use.
tua-tuak	tua	tuak	meet	+k	form_ii	tuak	relative_or_attributive_mi	1	20018018	Proverbs 18:18	3	tuak	tuak	tuak	receive	tua	N	Thugen a siam [tuak] mi nih zum	The lot causeth contentions to cease, And parteth between the mighty.	needs_analyzer_review	kept as the clearest analyzed example for this pair, stem side, and environment; analyzer segmentation and POS are explicit enough for write-up use	A following `mi` suggests a relative-like or attributive nominal environment. Row status is capped by the pair-level publication status. Needs review before print use.
tua-tuak	tua	tuak	meet	+k	form_ii	tuak	unknown_or_needs_review	69	04007013	Numbers 7:13	34	tuak	tuak	tuak	receive	tua	N	annel a dim [tuak] tawh	and his offering was one silver charger, the weight whereof was an hundred and thirty shekels , one silver bowl of seventy shekels, after the shekel of the sanctuary; both of them were full of fine flour mingled with oil for a meat offering:	needs_analyzer_review	retained as the clearest available review-bucket example for this pair and stem side; analyzer segmentation and POS are explicit enough for write-up use	No conservative local environment rule fired for this token. Review-bucket rows never count as print-ready evidence. Review bucket only; not a clean syntactic construction. Needs review before print use.
tuahpha-tuahphat	tuahpha	tuahphat	quickly	+t	form_i	tuahpha	causative_or_derivational_sak	1	01027020	Genesis 27:20	31	tuahphasak	tuahphasak	tuahpha-sak	quickly-CAUS	tuahpha	V	in kei hong [tuahphasak] hi,” a ci	And Isaac said unto his son, How is it that thou hast found it so quickly, my son? And he said, Because the LORD thy God brought it to me.	exclude_for_now	kept as the clearest analyzed example for this pair, stem side, and environment; analyzer segmentation and POS are explicit enough for write-up use	Causative or derivational `sak` blocks promotion as simple stem-alternation evidence. Derived or lexicalized environments stay excluded at the row level even when the pair is retained for review.
tuahpha-tuahphat	tuahpha	tuahphat	quickly	+t	form_i	tuahpha	finite_main_or_matrix	2	22001004	Song of Solomon 1:4	30	tuahpha	tuahpha	tuahpha	quickly	tuahpha	V	Nang kong ngaihkhak [tuahpha] ing	Draw me, we will run after thee: The king hath brought me into his chambers: We will be glad and rejoice in thee, We will remember thy love more than wine: The upright love thee.	needs_analyzer_review	kept as the clearest analyzed example for this pair, stem side, and environment; analyzer segmentation and POS are explicit enough for write-up use	No stronger local cue was found, so the token is kept in a conservative finite or matrix bucket. Row status is capped by the pair-level publication status. Needs review before print use.
tuahpha-tuahphat	tuahpha	tuahphat	quickly	+t	form_ii	tuahphat	dependent_temporal_ciangin	1	20011010	Proverbs 11:10	2	tuahphat	tuahphat	tuahphat	quickly	tuahpha	N	Midikte a [tuahphat] ciangin khua sungah	When it goeth well with the righteous, the city rejoiceth: And when the wicked perish, there is shouting.	needs_analyzer_review	kept as the clearest analyzed example for this pair, stem side, and environment; analyzer segmentation and POS are explicit enough for write-up use	Immediate following `ciangin` provides a conservative dependent-temporal cue. Row status is capped by the pair-level publication status. Needs review before print use.
vial-vialh	vial	vialh	encircle	+h	form_i	vial	finite_main_or_matrix	11	19041009	Psalms 41:9	19	vial	vial	vial	knop	vial	V	kei hong peek [vial] hi	Yea, mine own familiar friend, in whom I trusted, Which did eat of my bread, hath lifted up his heel against me.	needs_analyzer_review	kept as the clearest analyzed example for this pair, stem side, and environment; analyzer segmentation and POS are explicit enough for write-up use	No stronger local cue was found, so the token is kept in a conservative finite or matrix bucket. Row status is capped by the pair-level publication status. Needs review before print use.
vial-vialh	vial	vialh	encircle	+h	form_i	vial	nominalized_na	1	19137007	Psalms 137:7	21	vialna	vialna	vial-na	encircle-NMLZ	vial	N	un!” a cih [vialna] uh phawk in	Remember, O LORD , the children of Edom in the day of Jerusalem; Who said, Rase it , rase it , even to the foundation thereof.	needs_analyzer_review	kept as the clearest analyzed example for this pair, stem side, and environment; analyzer segmentation and POS are explicit enough for write-up use	Suffixal `-na` in the analyzer segmentation supports a nominalized environment. Row status is capped by the pair-level publication status. Needs review before print use.
vial-vialh	vial	vialh	encircle	+h	form_i	vial	quotative_or_say_complement	4	26036002	Ezekiel 36:2	13	vial	vial	vial	knop	vial	V	hita hi ci [vial] uh hi	Thus saith the Lord GOD ; Because the enemy hath said against you, Aha, even the ancient high places are our's in possession:	needs_analyzer_review	kept as the clearest analyzed example for this pair, stem side, and environment; analyzer segmentation and POS are explicit enough for write-up use	Nearby quotative material suggests embedded or reported-speech structure. Row status is capped by the pair-level publication status. Needs review before print use.
vial-vialh	vial	vialh	encircle	+h	form_i	vial	unknown_or_needs_review	11	11007024	1 Kings 7:24	1	geivial	geivial	gei-vial	edge-knop	gei	N	A [geivial] nuai pi sawmli	And under the brim of it round about there were knops compassing it, ten in a cubit, compassing the sea round about: the knops were cast in two rows, when it was cast.	needs_analyzer_review	retained as the clearest available review-bucket example for this pair and stem side; analyzer segmentation and POS are explicit enough for write-up use	No conservative local environment rule fired for this token. Review-bucket rows never count as print-ready evidence. Review bucket only; not a clean syntactic construction. Needs review before print use.
vial-vialh	vial	vialh	encircle	+h	form_ii	vialh	negative_clause	1	19119061	Psalms 119:61	5	vialh	vialh	vialh	encircle	vial	N	in kei hong [vialh] hangin nangma thu	The bands of the wicked have robbed me: But I have not forgotten thy law.	needs_analyzer_review	kept as the clearest analyzed example for this pair, stem side, and environment; analyzer segmentation and POS are explicit enough for write-up use	Nearby negative material marks a negative or irrealis-heavy clause. Row status is capped by the pair-level publication status. Needs review before print use.
za-zak	za	zak	hear	+k	form_i	za	causative_or_derivational_sak	67	14020003	2 Chronicles 20:3	20	zasak	zasak	za-sak	hear-CAUS	za	V	ding thu a [zasak] hi	And Jehoshaphat feared, and set himself to seek the LORD , and proclaimed a fast throughout all Judah.	exclude_for_now	kept as the clearest analyzed example for this pair, stem side, and environment; analyzer segmentation and POS are explicit enough for write-up use	Causative or derivational `sak` blocks promotion as simple stem-alternation evidence. Derived or lexicalized environments stay excluded at the row level even when the pair is retained for review.
za-zak	za	zak	hear	+k	form_i	za	dependent_temporal_ciangin	1	20028028	Proverbs 28:28	10	zakiat	zakiat	za-kiat	hundred-break	za	N	a amaute a [zakiat] ciangin midikte in	When the wicked rise, men hide themselves: But when they perish, the righteous increase.	needs_analyzer_review	kept as the clearest analyzed example for this pair, stem side, and environment; analyzer segmentation and POS are explicit enough for write-up use	Immediate following `ciangin` provides a conservative dependent-temporal cue. Row is useful for matrix review, but it is not strong enough to inherit the pair's print-facing status. Needs review before print use.
za-zak	za	zak	hear	+k	form_i	za	dependent_temporal_ni_in	1	12009026	2 Kings 9:26	0	Za	za	Za	hear	za	NUM	[Za] ni-in Naboth le	surely I have seen yesterday the blood of Naboth, and the blood of his sons, saith the LORD ; and I will requite thee in this plat, saith the LORD . Now therefore take and cast him into the plat of ground , according to the word of the LORD .	needs_analyzer_review	kept as the clearest analyzed example for this pair, stem side, and environment; analyzer segmentation and POS are explicit enough for write-up use	Immediate following `ni-in` provides a conservative dependent-temporal cue. Row is useful for matrix review, but it is not strong enough to inherit the pair's print-facing status. Needs review before print use.
za-zak	za	zak	hear	+k	form_i	za	finite_main_or_matrix	279	01003008	Genesis 3:8	13	za	za	za	hear	za	NUM	ging amaute in [za] uh a Topa	And they heard the voice of the LORD God walking in the garden in the cool of the day: and Adam and his wife hid themselves from the presence of the LORD God amongst the trees of the garden.	print_usable_with_caveat	preferred because this verse is already cited in the dossier or packet; kept as the clearest analyzed example for this pair, stem side, and environment; analyzer segmentation and POS are explicit enough for write-up use	No stronger local cue was found, so the token is kept in a conservative finite or matrix bucket. Packet- or dossier-cited rows can support review use, but remain caveated unless they are accepted candidate rows. Candidate for print.
za-zak	za	zak	hear	+k	form_i	za	imperative_or_directive	67	04016008	Numbers 16:8	11	za	za	za	hear	za	NUM	mite aw tu-in [za] un	And Moses said unto Korah, Hear, I pray you, ye sons of Levi:	needs_analyzer_review	kept as the clearest analyzed example for this pair, stem side, and environment; analyzer segmentation and POS are explicit enough for write-up use	A following imperative-like particle may indicate directive force. Row is useful for matrix review, but it is not strong enough to inherit the pair's print-facing status. Needs review before print use.
za-zak	za	zak	hear	+k	form_i	za	negative_clause	66	11006007	1 Kings 6:7	37	kiza	kiza	ki-za	REFL-hear.I	za	V	biakinn huang sungah [kiza] lo hi	And the house, when it was in building, was built of stone made ready before it was brought thither: so that there was neither hammer nor axe nor any tool of iron heard in the house, while it was in building.	needs_analyzer_review	kept as the clearest analyzed example for this pair, stem side, and environment; analyzer segmentation and POS are explicit enough for write-up use	Nearby negative material marks a negative or irrealis-heavy clause. Row is useful for matrix review, but it is not strong enough to inherit the pair's print-facing status. Needs review before print use.
za-zak	za	zak	hear	+k	form_i	za	nominalized_na	1	20029016	Proverbs 29:16	19	zakiatna	zakiatna	za-kiat-na	hundred-break-NMLZ	za	N	a gilo uliante [zakiatna] mu ding uh	When the wicked are multiplied, transgression increaseth: But the righteous shall see their fall.	needs_analyzer_review	kept as the clearest analyzed example for this pair, stem side, and environment; analyzer segmentation and POS are explicit enough for write-up use	Suffixal `-na` in the analyzer segmentation supports a nominalized environment. Row is useful for matrix review, but it is not strong enough to inherit the pair's print-facing status. Needs review before print use.
za-zak	za	zak	hear	+k	form_i	za	purpose_nadingin	5	14009023	2 Chronicles 9:23	11	za	za	za	hear	za	NUM	koihsak pilna a [za] dingin leitung kumpi	And all the kings of the earth sought the presence of Solomon, to hear his wisdom, that God had put in his heart.	needs_analyzer_review	kept as the clearest analyzed example for this pair, stem side, and environment; analyzer segmentation and POS are explicit enough for write-up use	Local `ding` or `nadingin` material suggests a purpose or irrealis-heavy environment. Row is useful for matrix review, but it is not strong enough to inherit the pair's print-facing status. Needs review before print use.
za-zak	za	zak	hear	+k	form_i	za	quotative_or_say_complement	8	10019002	2 Samuel 19:2	31	za	za	za	hear	za	NUM	dah hi,” ci-in [za] uh hi	And the victory that day was turned into mourning unto all the people: for the people heard say that day how the king was grieved for his son.	needs_analyzer_review	kept as the clearest analyzed example for this pair, stem side, and environment; analyzer segmentation and POS are explicit enough for write-up use	Nearby quotative material suggests embedded or reported-speech structure. Row is useful for matrix review, but it is not strong enough to inherit the pair's print-facing status. Needs review before print use.
za-zak	za	zak	hear	+k	form_i	za	relative_or_attributive_mi	18	03024014	Leviticus 24:14	11	za	za	za	hear	za	NUM	Ama samsiat a [za] mi khempeuh ama	Bring forth him that hath cursed without the camp; and let all that heard him lay their hands upon his head, and let all the congregation stone him.	needs_analyzer_review	kept as the clearest analyzed example for this pair, stem side, and environment; analyzer segmentation and POS are explicit enough for write-up use	A following `mi` suggests a relative-like or attributive nominal environment. Row is useful for matrix review, but it is not strong enough to inherit the pair's print-facing status. Needs review before print use.
za-zak	za	zak	hear	+k	form_i	za	unknown_or_needs_review	627	10023008	2 Samuel 23:8	24	zagiat	zagiat	za-giat	hundred-eight	za	N	teipi tawh mihing [zagiat] do-in hun khat	These be the names of the mighty men whom David had: the Tachmonite that sat in the seat, chief among the captains; the same was Adino the Eznite: he lift up his spear against eight hundred, whom he slew at one time.	needs_analyzer_review	preferred because this verse is already cited in the dossier or packet; retained as the clearest available review-bucket example for this pair and stem side; analyzer segmentation and POS are explicit enough for write-up use	No conservative local environment rule fired for this token. Review-bucket rows never count as print-ready evidence. Review bucket only; not a clean syntactic construction. Needs review before print use.
za-zak	za	zak	hear	+k	form_ii	zak	causative_or_derivational_sak	11	04010005	Numbers 10:5	2	zaksakna	zaksakna	zak-sak-na	testimony	za	N	Dinkhiat nading [zaksakna] na tum ciangin	When ye blow an alarm, then the camps that lie on the east parts shall go forward.	exclude_for_now	kept as the clearest analyzed example for this pair, stem side, and environment; analyzer segmentation and POS are explicit enough for write-up use	Causative or derivational `sak` blocks promotion as simple stem-alternation evidence. Derived or lexicalized environments stay excluded at the row level even when the pair is retained for review.
za-zak	za	zak	hear	+k	form_ii	zak	dependent_temporal_ciangin	130	01024052	Genesis 24:52	6	zak	zak	zak	hear.II	za	V	amau kammalte a [zak] ciangin Topa mai	And it came to pass, that, when Abraham's servant heard their words, he worshipped the LORD , bowing himself to the earth.	print_usable_with_caveat	preferred because this verse already appears in the curated candidate TSV; kept as the clearest analyzed example for this pair, stem side, and environment; analyzer segmentation and POS are explicit enough for write-up use	Immediate following `ciangin` provides a conservative dependent-temporal cue. Accepted candidate TSV evidence can inherit the pair's editorial status. Candidate for print.
za-zak	za	zak	hear	+k	form_ii	zak	dependent_temporal_ni_in	5	04030005	Numbers 30:5	6	zak	zak	zak	hear.II	za	V	pa in a [zak] ni-in a lungkim	But if her father disallow her in the day that he heareth; not any of her vows, or of her bonds wherewith she hath bound her soul, shall stand: and the LORD shall forgive her, because her father disallowed her.	needs_analyzer_review	kept as the clearest analyzed example for this pair, stem side, and environment; analyzer segmentation and POS are explicit enough for write-up use	Immediate following `ni-in` provides a conservative dependent-temporal cue. Row is useful for matrix review, but it is not strong enough to inherit the pair's print-facing status. Needs review before print use.
za-zak	za	zak	hear	+k	form_ii	zak	finite_main_or_matrix	274	15009005	Ezra 9:5	21	zakin	zakin	zak-in	hear.II-CVB	za	V	lamah ka khut [zakin]	And at the evening sacrifice I arose up from my heaviness; and having rent my garment and my mantle, I fell upon my knees, and spread out my hands unto the LORD my God,	needs_analyzer_review	kept as the clearest analyzed example for this pair, stem side, and environment; analyzer segmentation and POS are explicit enough for write-up use	No stronger local cue was found, so the token is kept in a conservative finite or matrix bucket. Row is useful for matrix review, but it is not strong enough to inherit the pair's print-facing status. Needs review before print use.
za-zak	za	zak	hear	+k	form_ii	zak	negative_clause	10	09002024	1 Samuel 2:24	12	zakte	zakte	zak-te	hear.II-PL	za	N	genthangna thu ka [zakte] hoih lo hi	Nay, my sons; for it is no good report that I hear: ye make the LORD 's people to transgress.	needs_analyzer_review	kept as the clearest analyzed example for this pair, stem side, and environment; analyzer segmentation and POS are explicit enough for write-up use	Nearby negative material marks a negative or irrealis-heavy clause. Row is useful for matrix review, but it is not strong enough to inherit the pair's print-facing status. Needs review before print use.
za-zak	za	zak	hear	+k	form_ii	zak	nominalized_na	27	45002013	Romans 2:13	1	zakna	zakna	zak-na	hear.II-NMLZ	za	V	Thukham [zakna] bek hangin Pasian	(for not the hearers of the law are just before God, but the doers of the law shall be justified.	needs_analyzer_review	kept as the clearest analyzed example for this pair, stem side, and environment; analyzer segmentation and POS are explicit enough for write-up use	Suffixal `-na` in the analyzer segmentation supports a nominalized environment. Row is useful for matrix review, but it is not strong enough to inherit the pair's print-facing status. Needs review before print use.
za-zak	za	zak	hear	+k	form_ii	zak	possessed_or_genitive_attributive	1	51004006	Colossians 4:6	6	zaknop	zaknop	zak-nop	hear-pleasant	za	V	uh ciangin mi [zaknop] mi ngaihnop dingin	Let your speech be alway with grace, seasoned with salt, that ye may know how ye ought to answer every man.	needs_analyzer_review	kept as the clearest analyzed example for this pair, stem side, and environment; analyzer segmentation and POS are explicit enough for write-up use	A following `mi` plus a preceding possessor-like token suggests an attributive or possessed nominal environment. Row is useful for matrix review, but it is not strong enough to inherit the pair's print-facing status. Needs review before print use.
za-zak	za	zak	hear	+k	form_ii	zak	purpose_nadingin	8	04011002	Numbers 11:2	3	zak	zak	zak	hear.II	za	V	Tua ciangin Moses [zak] dingin mite kiko	And the people cried unto Moses; and when Moses prayed unto the LORD , the fire was quenched.	needs_analyzer_review	kept as the clearest analyzed example for this pair, stem side, and environment; analyzer segmentation and POS are explicit enough for write-up use	Local `ding` or `nadingin` material suggests a purpose or irrealis-heavy environment. Row is useful for matrix review, but it is not strong enough to inherit the pair's print-facing status. Needs review before print use.
za-zak	za	zak	hear	+k	form_ii	zak	unknown_or_needs_review	25	19048008	Psalms 48:8	1	zaksa	zaksa	zak-sa	hear-PL.POSS	za	PRON	Ka [zaksa] bangun Vanglian Topa	As we have heard, so have we seen in the city of the LORD of hosts, in the city of our God: God will establish it for ever. Selah.	needs_analyzer_review	retained as the clearest available review-bucket example for this pair and stem side; analyzer segmentation and POS are explicit enough for write-up use	No conservative local environment rule fired for this token. Review-bucket rows never count as print-ready evidence. Review bucket only; not a clean syntactic construction. Needs review before print use.
zui-zuih	zui	zuih	follow	+h	form_i	zui	finite_main_or_matrix	772	04022021	Numbers 22:21	13	zui	zui	zui	follow	zui	V	Moab uliante a [zui] hi	And Balaam rose up in the morning, and saddled his ass, and went with the princes of Moab.	needs_analyzer_review	kept as the clearest analyzed example for this pair, stem side, and environment; analyzer segmentation and POS are explicit enough for write-up use	No stronger local cue was found, so the token is kept in a conservative finite or matrix bucket. Row status is capped by the pair-level publication status. Needs review before print use.
zui-zuih	zui	zuih	follow	+h	form_i	zui	imperative_or_directive	41	05004001	Deuteronomy 4:1	30	zui	zui	zui	follow	zui	V	kipte don unla [zui] un	Now therefore hearken, O Israel, unto the statutes and unto the judgments, which I teach you, for to do them , that ye may live, and go in and possess the land which the LORD God of your fathers giveth you.	needs_analyzer_review	kept as the clearest analyzed example for this pair, stem side, and environment; analyzer segmentation and POS are explicit enough for write-up use	A following imperative-like particle may indicate directive force. Row status is capped by the pair-level publication status. Needs review before print use.
zui-zuih	zui	zuih	follow	+h	form_i	zui	negative_clause	134	01024005	Genesis 24:5	11	zui	zui	zui	follow	zui	V	gamah kei hong [zui] nuam kei khaleh	And the servant said unto him, Peradventure the woman will not be willing to follow me unto this land: must I needs bring thy son again unto the land from whence thou camest?	needs_analyzer_review	preferred because this verse is already cited in the dossier or packet; kept as the clearest analyzed example for this pair, stem side, and environment; analyzer segmentation and POS are explicit enough for write-up use	Nearby negative material marks a negative or irrealis-heavy clause. Row status is capped by the pair-level publication status. Needs review before print use.
zui-zuih	zui	zuih	follow	+h	form_i	zui	purpose_nadingin	10	07006034	Judges 6:34	16	zui	zui	zui	follow	zui	V	a amah a [zui] dingin Abiezer mite	But the Spirit of the LORD came upon Gideon, and he blew a trumpet; and Abi-ezer was gathered after him.	needs_analyzer_review	kept as the clearest analyzed example for this pair, stem side, and environment; analyzer segmentation and POS are explicit enough for write-up use	Local `ding` or `nadingin` material suggests a purpose or irrealis-heavy environment. Row status is capped by the pair-level publication status. Needs review before print use.
zui-zuih	zui	zuih	follow	+h	form_i	zui	quotative_or_say_complement	6	01043033	Genesis 43:33	9	kizui	kizui	ki-zui	REFL-follow	zui	V	suah hun tawh [kizui] leh a moipen	And they sat before him, the firstborn according to his birthright, and the youngest according to his youth: and the men marvelled one at another.	needs_analyzer_review	kept as the clearest analyzed example for this pair, stem side, and environment; analyzer segmentation and POS are explicit enough for write-up use	Nearby quotative material suggests embedded or reported-speech structure. Row status is capped by the pair-level publication status. Needs review before print use.
zui-zuih	zui	zuih	follow	+h	form_i	zui	relative_or_attributive_mi	16	42023027	Luke 23:27	2	zui-in	zui-in	zui-in	follow-ERG	zui	FUNC	Jesuh nung [zui-in] mi tampi tak	And there followed him a great company of people, and of women, which also bewailed and lamented him.	needs_analyzer_review	kept as the clearest analyzed example for this pair, stem side, and environment; analyzer segmentation and POS are explicit enough for write-up use	A following `mi` suggests a relative-like or attributive nominal environment. Row status is capped by the pair-level publication status. Needs review before print use.
zui-zuih	zui	zuih	follow	+h	form_i	zui	unknown_or_needs_review	25	20019016	Proverbs 19:16	2	zuite	zuite	zui-te	follow-PL	zui	N	Thukham a [zuite] a khansau ding	He that keepeth the commandment keepeth his own soul; But he that despiseth his ways shall die.	needs_analyzer_review	retained as the clearest available review-bucket example for this pair and stem side; analyzer segmentation and POS are explicit enough for write-up use	No conservative local environment rule fired for this token. Review-bucket rows never count as print-ready evidence. Review bucket only; not a clean syntactic construction. Needs review before print use.
zui-zuih	zui	zuih	follow	+h	form_ii	zuih	causative_or_derivational_sak	1	01043005	Genesis 43:5	4	zuihsak	zuihsak	zuih-sak	follow.II-BENF	zui	V	hangin amah nong [zuihsak] kei leh kote	but if thou wilt not send him , we will not go down: for the man said unto us, Ye shall not see my face, except your brother be with you.	exclude_for_now	kept as the clearest analyzed example for this pair, stem side, and environment; analyzer segmentation and POS are explicit enough for write-up use	Causative or derivational `sak` blocks promotion as simple stem-alternation evidence. Derived or lexicalized environments stay excluded at the row level even when the pair is retained for review.
zui-zuih	zui	zuih	follow	+h	form_ii	zuih	dependent_temporal_ciangin	1	59002024	James 2:24	16	kizuih	kizuih	ki-zuih	REFL-hang	zui	V	sepna tawh a [kizuih] ciangin Pasian tawh	Ye see then how that by works a man is justified, and not by faith only.	needs_analyzer_review	kept as the clearest analyzed example for this pair, stem side, and environment; analyzer segmentation and POS are explicit enough for write-up use	Immediate following `ciangin` provides a conservative dependent-temporal cue. Row status is capped by the pair-level publication status. Needs review before print use.
zui-zuih	zui	zuih	follow	+h	form_ii	zuih	finite_main_or_matrix	140	05011013	Deuteronomy 11:13	27	zuih	zuih	zui-h	follow-NOM	zui	V	ama thupiaknate na [zuih] uhleh	And it shall come to pass, if ye shall hearken diligently unto my commandments which I command you this day, to love the LORD your God, and to serve him with all your heart and with all your soul,	needs_analyzer_review	kept as the clearest analyzed example for this pair, stem side, and environment; analyzer segmentation and POS are explicit enough for write-up use	No stronger local cue was found, so the token is kept in a conservative finite or matrix bucket. Row status is capped by the pair-level publication status. Needs review before print use.
zui-zuih	zui	zuih	follow	+h	form_ii	zuih	negative_clause	25	04015023	Numbers 15:23	18	zuih	zuih	zui-h	follow-NOM	zui	V	thupiakte khempeuh na [zuih] kei uhleh	even all that the LORD hath commanded you by the hand of Moses, from the day that the LORD commanded Moses , and henceforward among your generations;	needs_analyzer_review	kept as the clearest analyzed example for this pair, stem side, and environment; analyzer segmentation and POS are explicit enough for write-up use	Nearby negative material marks a negative or irrealis-heavy clause. Row status is capped by the pair-level publication status. Needs review before print use.
zui-zuih	zui	zuih	follow	+h	form_ii	zuih	nominalized_na	71	45004014	Romans 4:14	1	zuihna	zuihna	zuih-na	follow.II-NMLZ	zui	V	Thukham [zuihna] hangin Pasian thuciamnate	For if they which are of the law be heirs, faith is made void, and the promise made of none effect:	needs_analyzer_review	kept as the clearest analyzed example for this pair, stem side, and environment; analyzer segmentation and POS are explicit enough for write-up use	Suffixal `-na` in the analyzer segmentation supports a nominalized environment. Row status is capped by the pair-level publication status. Needs review before print use.
zui-zuih	zui	zuih	follow	+h	form_ii	zuih	purpose_nadingin	27	04030002	Numbers 30:2	14	zuih	zuih	zui-h	follow-NOM	zui	V	amah in a [zuih] dingin kiciamna a	If a man vow a vow unto the LORD , or swear an oath to bind his soul with a bond; he shall not break his word, he shall do according to all that proceedeth out of his mouth.	needs_analyzer_review	kept as the clearest analyzed example for this pair, stem side, and environment; analyzer segmentation and POS are explicit enough for write-up use	Local `ding` or `nadingin` material suggests a purpose or irrealis-heavy environment. Row status is capped by the pair-level publication status. Needs review before print use.
zui-zuih	zui	zuih	follow	+h	form_ii	zuih	quotative_or_say_complement	7	11009004	1 Kings 9:4	30	zuih	zuih	zui-h	follow-NOM	zui	V	ngeina kipte na [zuih] leh	And if thou wilt walk before me, as David thy father walked, in integrity of heart, and in uprightness, to do according to all that I have commanded thee, and wilt keep my statutes and my judgments:	needs_analyzer_review	kept as the clearest analyzed example for this pair, stem side, and environment; analyzer segmentation and POS are explicit enough for write-up use	Nearby quotative material suggests embedded or reported-speech structure. Row status is capped by the pair-level publication status. Needs review before print use.
zui-zuih	zui	zuih	follow	+h	form_ii	zuih	unknown_or_needs_review	11	19140011	Psalms 140:11	13	sulzuih	sulzuih	sul-zuih	track-follow	sul	N	pen thusia in [sulzuih] ta hen	Let not an evil speaker be established in the earth: Evil shall hunt the violent man to overthrow him .	needs_analyzer_review	retained as the clearest available review-bucket example for this pair and stem side; analyzer segmentation and POS are explicit enough for write-up use	No conservative local environment rule fired for this token. Review-bucket rows never count as print-ready evidence. Review bucket only; not a clean syntactic construction. Needs review before print use.
